est_theta_pa,est_theta_ran,est_theta_or,avg_rt_ran,is_at_risk
1.378166435913162,1.4481512087337318,0.0,2.496326960591297,0
-1.0858721948025927,-1.4495045676037308,0.0,5.256659728918586,1
1.378166435913162,1.4481512087337318,0.0,2.8513114155396595,0
0.6650892123420602,-1.446633885787977,0.0,5.546575748839122,1
-1.1495623980963838,-1.159404528414128,0.0,3.939871146223509,1
0.710370033396719,0.9741350355957514,0.0,8.144010075758015,1
1.378166435913162,-1.4495045676037308,0.0,3.21811819529561,0
0.639580171692575,0.44216136193174915,0.0,8.362981117303576,1
-0.9677212744122297,1.4480563147787553,0.0,2.0240273830271267,1
-1.5485003349869826,-1.4495045676037308,0.0,5.645118248986653,1
0.787598712547306,-0.7142309748470906,0.0,8.863249458244608,1
-1.1495623980963838,0.9741350355957514,0.0,2.7220275484003147,1
-1.5485003349869826,-0.9524917944820775,0.0,6.356925385753309,1
-1.5485003349869826,1.0195515707166167,0.0,2.354544445844537,1
1.378166435913162,1.0195515707166167,0.0,2.943685485580824,0
1.378166435913162,1.0195515707166167,0.0,2.4287409766994896,0
0.639580171692575,0.9741350355957514,0.0,2.121725693019009,0
-1.1495623980963838,1.4481512087337318,0.0,2.2009151386546333,1
1.378166435913162,-0.9471469153344222,0.0,4.669112710502141,1
-1.5485003349869826,-0.9007725365746757,0.0,4.335263564648313,1
1.378166435913162,0.955526228545644,0.0,2.2976101144678185,0
0.7167608454825536,-1.0993323273573337,0.0,6.2491349799184395,1
-0.2873890711531779,0.0,0.0,5.0,1
0.6592797762866381,-1.446633885787977,0.0,4.039444455456123,1
0.6592797762866381,-1.446633885787977,0.0,6.221549852910904,1
-1.5485003349869826,-0.36322906349684153,0.0,2.7496255839591033,1
0.30958556286436717,-1.4427494637557696,0.0,6.490992262772599,1
0.787598712547306,-1.159404528414128,0.0,8.96161064018401,1
0.787598712547306,-0.9596917148874786,0.0,8.792419045251748,1
-1.5485003349869826,0.43386891187933424,0.0,2.4058258681474145,1
-1.1458991813774235,1.4481512087337318,0.0,2.065691201133515,0
-1.5485003349869826,-1.4495045676037308,0.0,5.4712177891420115,1
0.787598712547306,1.4481512087337318,0.0,1.8002898137996861,0
-1.0858721948025927,-1.4495045676037308,0.0,2.9180122995070796,1
1.378166435913162,1.0050318545785826,0.0,8.4530453328445,1
0.7167608454825536,1.0195515707166167,0.0,8.348617563320241,1
0.7167608454825536,-0.3669635212318449,0.0,8.836943572198688,1
0.4388264724766153,-1.0979031000986454,0.0,8.610339719007092,1
-1.1458991813774235,-1.4495045676037308,0.0,4.150322010152189,1
-1.0858721948025927,-1.4495045676037308,0.0,6.079843946372213,1
-0.8505838850374251,0.40916044330842705,0.0,2.5255439984949017,0
1.378166435913162,0.4838918902983728,0.0,2.075072809567197,0
1.378166435913162,0.7575476520511129,0.0,2.64989508354935,0
1.378166435913162,1.4481512087337318,0.0,8.17559849335581,1
-1.0858721948025927,0.955526228545644,0.0,2.1456158696486898,1
-1.0858721948025927,1.4481512087337318,0.0,2.5426438357770786,0
1.378166435913162,-1.1072540633563843,0.0,4.231004778152614,1
1.378166435913162,1.0050318545785826,0.0,2.4942704434378444,0
1.378166435913162,1.4481512087337318,0.0,1.9569513043646414,0
1.378166435913162,-1.4495045676037308,0.0,5.931550092276966,1
0.639580171692575,1.4481512087337318,0.0,9.018628823484589,1
-1.1458991813774235,-1.4495045676037308,0.0,4.5693919656463375,1
-0.9341602602416438,-1.4417680674827236,0.0,5.960128297609031,1
0.7167608454825536,0.8385215690740073,0.0,2.2023519332178663,0
1.378166435913162,-1.4495045676037308,0.0,8.7746737115224,1
-1.5485003349869826,1.0050318545785826,0.0,2.242912782265929,1
1.378166435913162,0.3880704603108811,0.0,2.6161988402751333,0
1.378166435913162,1.0195515707166167,0.0,2.381036757250242,0
-1.1495623980963838,0.9741350355957514,0.0,2.7095228634917405,1
-1.1495623980963838,0.9741350355957514,0.0,2.759629618470777,1
-1.5485003349869826,-1.4495045676037308,0.0,5.4975394185151565,1
1.378166435913162,-0.8683237289232052,0.0,2.8040409083745335,0
0.639580171692575,0.7070651099767193,0.0,8.434844041506167,1
0.7167608454825536,1.4481512087337318,0.0,8.41408115439781,1
1.378166435913162,-1.4495045676037308,0.0,5.6214384683572645,1
-1.5485003349869826,1.4481512087337318,0.0,2.523697746614636,1
-0.7409452466696685,1.4476709157561762,0.0,2.657232242335944,0
1.378166435913162,1.4481512087337318,0.0,2.544313158405005,0
-1.0858721948025927,-1.1072540633563843,0.0,2.656855287420381,1
1.378166435913162,-1.4495045676037308,0.0,5.344918352393667,1
0.710370033396719,-0.9884953765624958,0.0,2.4906556713704373,0
0.710370033396719,1.0050318545785826,0.0,8.200703580446516,1
-1.1495623980963838,1.4481512087337318,0.0,2.0394956517547014,1
1.378166435913162,-1.4495045676037308,0.0,4.285098635630879,1
-0.9990116365219599,-1.4475948051420449,0.0,6.508915087066153,1
-1.1495623980963838,1.4481512087337318,0.0,2.8379532552115063,1
1.378166435913162,1.4481512087337318,0.0,7.885472041260893,1
-1.1214248141389416,0.3919033876793723,0.0,2.8882297635437526,1
-1.0365358038448755,1.4480563147787553,0.0,1.772401061044488,1
-1.5485003349869826,-1.4495045676037308,0.0,5.109392778469633,1
-1.5485003349869826,0.5724624714600394,0.0,2.8836933713579547,1
-0.9677212744122297,1.0223594674531358,0.0,1.8236892047866977,1
-1.5485003349869826,1.4481512087337318,0.0,2.52672768840485,1
0.48212882446115235,-1.4446998656154735,0.0,5.340598279155225,1
-1.1495623980963838,-1.4495045676037308,0.0,5.27071856327159,1
0.4949802524694769,0.36554188736005166,0.0,8.532757627365823,1
1.378166435913162,1.0050318545785826,0.0,2.696499000174068,0
1.378166435913162,-0.9069748149647733,0.0,8.658668306128872,1
-1.1458991813774235,-1.159404528414128,0.0,4.558901640384417,1
0.710370033396719,-0.9205331774008391,0.0,2.3796684782924564,0
-1.5485003349869826,0.529895899215817,0.0,2.4196165784131765,1
0.787598712547306,-1.1634084993085074,0.0,5.832767131090768,1
0.46413006142910557,1.4479128903145995,0.0,8.591548470980376,1
-1.1458991813774235,0.2964371002698889,0.0,3.3301754067261715,1
-0.9515808992827639,-1.0997909963751993,0.0,5.095556069168076,1
0.787598712547306,-0.2358723990078025,0.0,8.472671016506895,1
-1.5485003349869826,0.8064660309596711,0.0,2.309611654785417,1
0.787598712547306,0.9741350355957514,0.0,2.6993239334861947,0
0.787598712547306,0.529895899215817,0.0,1.5338757382892543,1
0.2926178329541824,-1.147205974207526,0.0,4.568948003649078,1
-1.5485003349869826,-1.4495045676037308,0.0,4.54110644580639,1
1.378166435913162,1.4481512087337318,0.0,1.7507930918790584,0
1.378166435913162,0.9741350355957514,0.0,2.3157984164371452,0
-1.5485003349869826,-1.4495045676037308,0.0,4.818640911421175,1
-1.0858721948025927,-1.4495045676037308,0.0,4.79282470725323,1
-1.0858721948025927,1.4481512087337318,0.0,2.147122091890562,1
1.378166435913162,-1.4495045676037308,0.0,9.147960451815013,1
0.7167608454825536,-1.4495045676037308,0.0,6.5916980639037455,1
0.639580171692575,1.4481512087337318,0.0,2.385825381198046,0
1.378166435913162,1.0195515707166167,0.0,2.50973867984633,0
-1.5485003349869826,-1.4495045676037308,0.0,6.514403801368804,1
0.7167608454825536,1.0050318545785826,0.0,2.5546479571231977,0
-1.5485003349869826,0.955526228545644,0.0,2.1662400113317313,1
0.4717016244952289,-1.4475948051420449,0.0,3.8606339300679466,1
0.787598712547306,-0.6242108116628478,0.0,3.1613793652434756,0
-1.5485003349869826,-1.1634084993085074,0.0,5.222867736226246,1
-1.0858721948025927,-1.4495045676037308,0.0,5.832037933473558,1
-1.0858721948025927,-1.4495045676037308,0.0,5.899674011401837,1
0.787598712547306,-0.35231627103447666,0.0,2.7396502704765897,0
-1.5485003349869826,-1.4495045676037308,0.0,5.347197702262789,1
1.378166435913162,0.529895899215817,0.0,8.33181416464468,1
0.639580171692575,0.8232191038966041,0.0,2.607911007705731,0
1.378166435913162,-1.4495045676037308,0.0,6.7009994705579885,1
-1.1214248141389416,-0.9069748149647733,0.0,3.6441229513121747,1
-1.1214248141389416,-1.4495045676037308,0.0,5.858903459307985,1
-1.5485003349869826,1.4481512087337318,0.0,2.403620484541714,1
-1.1495623980963838,1.4481512087337318,0.0,2.3756241988822344,1
-0.9387136791295414,1.0101649957432535,0.0,2.4640354315350677,1
-1.1458991813774235,1.4481512087337318,0.0,2.7072174416987997,1
-1.1214248141389416,0.529895899215817,0.0,1.7044885337260354,1
-0.7084877418553747,0.9904585508186636,0.0,2.402495888669365,1
-1.5485003349869826,1.4481512087337318,0.0,2.37109959422421,1
-1.1458991813774235,-1.4495045676037308,0.0,8.670999466236514,1
-1.0858721948025927,-1.4495045676037308,0.0,5.101887161434394,1
0.4717016244952289,-1.4475948051420449,0.0,2.2229315090429633,0
1.378166435913162,-1.159404528414128,0.0,4.3340933672325574,1
-1.1458991813774235,-1.1072540633563843,0.0,2.594512874568573,1
-1.1214248141389416,1.4481512087337318,0.0,2.180154707858521,1
-1.1458991813774235,-1.4495045676037308,0.0,5.370353707643205,1
-1.1214248141389416,-1.4495045676037308,0.0,3.979624962686706,1
0.787598712547306,0.955526228545644,0.0,8.411130468158497,1
0.7167608454825536,-0.9047153803691326,0.0,3.8489531490356126,1
0.710370033396719,1.0195515707166167,0.0,8.581437265324366,1
-1.1214248141389416,-0.7029868227713083,0.0,2.5534722031840786,1
-1.1458991813774235,-1.4495045676037308,0.0,4.62809038387169,1
-1.5485003349869826,-1.4495045676037308,0.0,5.787100727840431,1
-1.1495623980963838,-1.4495045676037308,0.0,4.610876780961762,1
-1.5485003349869826,-1.4495045676037308,0.0,5.658360505096661,1
1.378166435913162,-1.4495045676037308,0.0,5.183119148508368,1
-1.5485003349869826,1.4481512087337318,0.0,2.513399290405488,1
0.710370033396719,-1.4495045676037308,0.0,4.42571816620282,1
0.787598712547306,1.4481512087337318,0.0,2.118251162833889,0
0.7167608454825536,0.4551209749426044,0.0,8.498209307979872,1
-0.9689732326353205,1.447960843819446,0.0,2.600072609790128,1
-1.1458991813774235,-1.4495045676037308,0.0,4.923108247232041,1
-1.1214248141389416,-1.1634084993085074,0.0,5.223672791548941,1
-1.0245251369844965,0.9775140375569451,0.0,2.7168699946701373,1
-0.8628164292008287,1.0126804418583242,0.0,2.4421480670200384,1
-1.0858721948025927,-1.4495045676037308,0.0,6.406635113356906,1
-1.0365358038448755,1.0076156727753416,0.0,3.055000976248901,0
-1.1214248141389416,1.4481512087337318,0.0,2.206023156480094,1
0.4717016244952289,-1.1559598128387922,0.0,2.648204108194423,0
1.378166435913162,-0.9108287659375035,0.0,8.711750099882464,1
-1.5485003349869826,0.955526228545644,0.0,2.3473481168276953,1
-1.5485003349869826,1.0050318545785826,0.0,2.76061459863725,1
0.710370033396719,-0.8588120426693472,0.0,2.2838086288998407,0
-0.9853759763832799,0.44887285135104155,0.0,2.4381924632238077,0
0.639580171692575,1.4481512087337318,0.0,2.5545223899290654,0
1.378166435913162,0.6077243432615433,0.0,2.4168365212871756,0
-1.0858721948025927,1.4481512087337318,0.0,1.8198398179035935,1
0.639580171692575,-0.9054217075594011,0.0,2.669852723976657,0
-1.1214248141389416,1.4481512087337318,0.0,2.317000330886299,1
0.639580171692575,-0.9108287659375035,0.0,8.370190877064315,1
-0.9578725141904859,0.5209481248667069,0.0,2.567589154063545,1
1.378166435913162,0.9741350355957514,0.0,7.952930492985113,1
0.710370033396719,-1.4495045676037308,0.0,6.830580367536841,1
0.4949802524694769,0.5777299603435586,0.0,9.084528879727378,1
0.639580171692575,0.8064660309596711,0.0,8.421265198013067,1
-1.5485003349869826,-0.7964384536494502,0.0,5.215643955845377,1
-1.1495623980963838,-1.4495045676037308,0.0,4.106015506061011,1
0.7167608454825536,1.0195515707166167,0.0,2.1516380702474267,0
0.4717016244952289,-1.4475948051420449,0.0,6.029262298027974,1
-1.1458991813774235,-1.1072540633563843,0.0,6.566196613586125,1
-1.5485003349869826,0.5651851877623054,0.0,2.5945864246824306,1
-1.5485003349869826,-1.0993323273573337,0.0,4.353119974434812,1
-1.1214248141389416,1.4481512087337318,0.0,2.37124073887514,1
1.378166435913162,0.955526228545644,0.0,8.14841883960366,1
1.378166435913162,0.529895899215817,0.0,2.5490362220031506,0
-1.5485003349869826,-1.1634084993085074,0.0,4.776765258320556,1
1.378166435913162,0.5752176024507784,0.0,2.2312192081162445,0
-1.1458991813774235,-1.4495045676037308,0.0,4.869368227711435,1
-1.5485003349869826,1.4481512087337318,0.0,2.680748686760968,1
-1.5485003349869826,0.5724624714600394,0.0,3.0973101998729744,1
1.378166435913162,-1.4495045676037308,0.0,6.370743054830097,1
-0.9741862948889325,-1.445668912944812,0.0,6.5214412415511935,1
-1.5485003349869826,1.4481512087337318,0.0,2.5796843809378007,1
0.710370033396719,-1.4495045676037308,0.0,5.069232792156397,1
-1.5485003349869826,-1.4495045676037308,0.0,6.488283809109623,1
0.7167608454825536,-1.4495045676037308,0.0,6.074262176626024,1
1.378166435913162,0.8232191038966041,0.0,8.079574326041323,1
-1.5485003349869826,-1.159404528414128,0.0,6.778000950499006,1
1.378166435913162,0.9741350355957514,0.0,8.355022090867479,1
-1.1458991813774235,1.0195515707166167,0.0,1.982104002924228,1
-1.5485003349869826,-1.4495045676037308,0.0,2.399251540189381,1
-1.5485003349869826,-1.4495045676037308,0.0,4.209395307258692,1
-1.5485003349869826,0.18644736180615534,0.0,2.8392328686554076,1
-1.1495623980963838,-1.4495045676037308,0.0,5.31534356408419,1
-1.1495623980963838,1.4481512087337318,0.0,2.1889117316632567,1
-0.9677212744122297,-1.4475948051420449,0.0,4.479855580031466,1
0.7167608454825536,0.5724624714600394,0.0,7.8740082266510685,1
1.378166435913162,1.4481512087337318,0.0,2.2325434831249313,0
-1.5485003349869826,0.4838918902983728,0.0,2.145669087549717,1
1.378166435913162,0.955526228545644,0.0,7.833173015734427,1
0.7167608454825536,1.4481512087337318,0.0,8.574485868367471,1
-0.9578725141904859,-1.445668912944812,0.0,5.527723860489138,1
-1.0858721948025927,0.42173437799289054,0.0,2.3566359508924752,1
-1.5485003349869826,-1.0993323273573337,0.0,5.910851481568015,1
-1.5485003349869826,0.3553717103876801,0.0,2.717070792364471,1
0.44974821666265885,-1.4446998656154735,0.0,6.056212578219329,1
0.4717016244952289,1.4480563147787553,0.0,2.3171378962358267,0
-1.1495623980963838,-1.159404528414128,0.0,2.495069294874708,1
1.378166435913162,-1.0993323273573337,0.0,4.5503972460312445,1
1.378166435913162,-0.8748792181141173,0.0,3.938725474169931,1
-1.5485003349869826,-1.4495045676037308,0.0,6.492042741946829,1
-1.5485003349869826,-0.7065023841234916,0.0,2.6991399367056403,1
-1.0462089020296135,0.8290342862611149,0.0,2.4150593479122584,0
0.787598712547306,0.23836817744100072,0.0,2.4678361499282957,0
-1.0858721948025927,1.0195515707166167,0.0,1.9788407643465402,0
-1.1214248141389416,1.4481512087337318,0.0,2.4549560807756006,1
-1.0245251369844965,-1.4475948051420449,0.0,5.518354739092227,1
0.639580171692575,-1.4495045676037308,0.0,6.046228334761468,1
-1.5485003349869826,1.4481512087337318,0.0,2.1173508691193748,1
-1.5485003349869826,0.955526228545644,0.0,5.384187036911783,1
-1.5485003349869826,-1.0993323273573337,0.0,2.163814818658242,1
-1.1495623980963838,-1.4495045676037308,0.0,5.244897963797014,1
1.378166435913162,-1.4495045676037308,0.0,4.295056815651055,1
-1.5485003349869826,-1.0993323273573337,0.0,5.103426689732773,1
-1.5485003349869826,-0.9007725365746757,0.0,5.328080924903991,1
-1.1495623980963838,-1.4495045676037308,0.0,4.228795163434081,1
0.32163879325296507,1.4478165439220947,0.0,2.236927963425403,0
-1.0609486432407544,-1.1559598128387922,0.0,5.912788146266202,1
-1.5485003349869826,0.3904922454873546,0.0,2.3749041554528163,1
-1.1214248141389416,-0.9007725365746757,0.0,4.099587195097741,1
1.378166435913162,0.9741350355957514,0.0,1.7068951018980394,0
0.7167608454825536,1.4481512087337318,0.0,1.7288818572371243,0
-1.5485003349869826,0.8064660309596711,0.0,2.1947241084962976,1
1.378166435913162,-0.6246297672574853,0.0,2.4529533591737414,0
1.378166435913162,-1.4495045676037308,0.0,4.216227850191917,1
-1.1495623980963838,-1.4495045676037308,0.0,5.209589978334575,1
-1.1495623980963838,-1.4495045676037308,0.0,6.129546791631853,1
1.378166435913162,-0.9069748149647733,0.0,8.309027077417843,1
-1.0858721948025927,-1.4495045676037308,0.0,4.94836440373004,1
-1.0245251369844965,1.0076156727753416,0.0,8.528675182798384,1
0.787598712547306,0.9741350355957514,0.0,8.540918309063013,1
-1.0462089020296135,1.4480563147787553,0.0,2.4802625156147613,1
-1.5485003349869826,0.016271177509673135,0.0,2.3157201743790594,1
-1.1458991813774235,-1.159404528414128,0.0,4.393197913308202,1
1.378166435913162,0.9741350355957514,0.0,8.492200374059593,1
-1.5485003349869826,1.4481512087337318,0.0,2.4691903877063353,1
0.710370033396719,0.6867253393757818,0.0,8.322420479269638,1
0.787598712547306,0.8064660309596711,0.0,2.2262604955195884,0
-1.1495623980963838,-1.4495045676037308,0.0,5.508323345743435,1
0.7167608454825536,0.2039076207860754,0.0,2.6945614294287457,0
-1.5485003349869826,0.7575476520511129,0.0,2.419325100392229,1
0.4949802524694769,-1.0957553480603646,0.0,2.69372643498746,0
-0.8442888696648956,-0.3864819748378515,0.0,2.735549245886186,1
-1.5485003349869826,-1.4495045676037308,0.0,5.228171561837412,1
0.6650892123420602,0.8319148392675568,0.0,2.1231658415416432,0
1.378166435913162,1.4481512087337318,0.0,2.249478814944721,0
-1.1214248141389416,1.4481512087337318,0.0,2.878327037234034,1
-0.872121786676559,1.4478647905723339,0.0,2.184598291637127,1
-1.5485003349869826,-1.1072540633563843,0.0,4.998789253435128,1
-1.1458991813774235,1.4481512087337318,0.0,2.211994971824444,1
-1.1495623980963838,-1.4495045676037308,0.0,6.612843569538628,1
-1.1495623980963838,-1.4495045676037308,0.0,6.435113106536294,1
0.7167608454825536,-1.4495045676037308,0.0,5.600802814728919,1
1.378166435913162,0.8232191038966041,0.0,2.0178623875180395,0
1.378166435913162,0.9741350355957514,0.0,1.5307490190124955,0
-1.5485003349869826,-1.4495045676037308,0.0,4.1755242314904155,1
-1.5485003349869826,-0.026014492982004624,0.0,2.5254298747117185,1
-1.5485003349869826,0.056218101256820606,0.0,2.4675412661095337,1
0.787598712547306,-1.1634084993085074,0.0,6.272376772781952,1
-1.5485003349869826,1.4481512087337318,0.0,2.2153585928366377,1
1.378166435913162,-0.9880355100044224,0.0,8.751092399966328,1
0.787598712547306,1.0195515707166167,0.0,1.9510082203475887,0
1.378166435913162,1.4481512087337318,0.0,8.10263665066011,1
0.639580171692575,-1.4495045676037308,0.0,4.863685072069409,1
-1.5485003349869826,-1.4495045676037308,0.0,5.753654476976774,1
-1.5485003349869826,1.4481512087337318,0.0,2.0193090049871514,1
1.378166435913162,-0.8428762035051582,0.0,8.774958159398652,1
1.378166435913162,-0.9108287659375035,0.0,8.600359206908262,1
-1.0245251369844965,-0.40520270497309974,0.0,8.367376400087021,1
0.710370033396719,0.6689284619765181,0.0,2.518508804868522,0
1.378166435913162,0.955526228545644,0.0,1.722879382776384,0
1.378166435913162,1.4481512087337318,0.0,8.011936840353112,1
0.710370033396719,1.0195515707166167,0.0,8.44276375239274,1
-1.1214248141389416,0.955526228545644,0.0,2.1319547422641705,0
-1.5485003349869826,0.6627168277151729,0.0,2.0691286757497496,1
-1.1214248141389416,0.9741350355957514,0.0,1.976248134798122,0
-0.9201040441601099,-1.445668912944812,0.0,5.887831573617324,1
0.787598712547306,0.9741350355957514,0.0,2.072081816309206,0
-1.0858721948025927,0.955526228545644,0.0,1.9673202734652544,1
-0.872121786676559,-0.9172604197305576,0.0,4.278384414086512,1
0.787598712547306,-1.0993323273573337,0.0,6.027545457061668,1
-1.5485003349869826,1.0050318545785826,0.0,2.2588334490093764,1
0.7167608454825536,1.0050318545785826,0.0,2.532990095198972,0
1.378166435913162,-1.4495045676037308,0.0,5.15556724342451,1
1.378166435913162,-1.0993323273573337,0.0,4.3316939168449125,1
1.378166435913162,-1.4495045676037308,0.0,5.9904403695342,1
-1.0245251369844965,1.4480563147787553,0.0,2.299696083801382,0
0.7167608454825536,0.529895899215817,0.0,2.851733142987699,0
-0.9990116365219599,-1.159797729275601,0.0,5.812289842749317,1
1.378166435913162,0.43386891187933424,0.0,2.290338607692319,0
-1.1495623980963838,-1.159404528414128,0.0,5.099900830125313,1
-1.1495623980963838,1.4481512087337318,0.0,2.507804370340023,1
-1.5485003349869826,0.6689284619765181,0.0,2.8974099939875133,1
1.378166435913162,-0.9884953765624958,0.0,5.296942943997325,1
-1.5485003349869826,-1.4495045676037308,0.0,4.454329088393,1
0.710370033396719,1.4481512087337318,0.0,2.941265494097197,0
-1.1495623980963838,-0.9884953765624958,0.0,4.54301389446105,1
-0.9990116365219599,-1.4475948051420449,0.0,5.84334550467572,1
1.378166435913162,-1.4495045676037308,0.0,6.103182454483112,1
-1.5485003349869826,-1.1634084993085074,0.0,4.650177181120382,1
1.378166435913162,0.955526228545644,0.0,2.4260212133200625,0
0.639580171692575,0.9741350355957514,0.0,2.1985268387794035,0
-1.5485003349869826,-1.159404528414128,0.0,4.51577716810413,1
-1.1214248141389416,-0.7142309748470906,0.0,2.748728630237101,1
-1.5485003349869826,-1.4495045676037308,0.0,5.558180194707104,1
1.378166435913162,-1.1634084993085074,0.0,6.082567356988991,1
-1.1214248141389416,1.4481512087337318,0.0,2.046822266552626,1
1.378166435913162,1.4481512087337318,0.0,2.095334358765041,0
-1.5485003349869826,-1.1072540633563843,0.0,6.253370262928475,1
1.378166435913162,0.955526228545644,0.0,5.068868552510514,1
-0.9090596629376607,1.4478647905723339,0.0,2.302566274539833,1
-1.5485003349869826,-1.4495045676037308,0.0,4.675463724746901,1
-1.1458991813774235,-1.4495045676037308,0.0,6.508225938660693,1
-1.0858721948025927,1.0050318545785826,0.0,2.4875849967295904,1
-1.5485003349869826,1.0195515707166167,0.0,2.4246006051475684,1
-0.9677212744122297,0.9775140375569451,0.0,2.038625890689956,0
0.6849473754636609,0.40449829233477946,0.0,2.559256519011485,0
-1.1214248141389416,1.0050318545785826,0.0,2.355017868691134,0
0.787598712547306,-0.9936650520340982,0.0,4.717266302933255,1
-0.9515808992827639,1.447960843819446,0.0,2.1563795019059997,1
-1.5485003349869826,-1.159404528414128,0.0,4.339515465729946,1
-1.0462089020296135,-1.0957553480603646,0.0,3.0135168931776706,0
0.710370033396719,-1.1072540633563843,0.0,3.0555234229176547,0
1.378166435913162,1.0050318545785826,0.0,8.204049172704325,1
-1.1495623980963838,1.4481512087337318,0.0,2.242752265614381,1
-1.5485003349869826,-1.1072540633563843,0.0,4.065932996327992,1
-1.1495623980963838,-0.9108287659375035,0.0,3.6421191233922627,1
-1.5485003349869826,-1.4495045676037308,0.0,5.135073006545608,1
-0.8833785127284896,-1.4378006956626737,0.0,6.427087127972239,1
0.0006170706556532553,0.0,0.0,5.0,0
-1.0462089020296135,-1.4475948051420449,0.0,4.953691714435104,1
0.710370033396719,-0.3787765970970745,0.0,3.057917011145902,0
1.378166435913162,1.0050318545785826,0.0,2.3593136899208402,0
-1.5485003349869826,-0.8428762035051582,0.0,4.05464453535777,1
-1.0858721948025927,-1.4495045676037308,0.0,6.439265591514625,1
-1.5485003349869826,-1.4495045676037308,0.0,5.280906282066592,1
0.6849473754636609,-1.0939546378979703,0.0,6.216313752274526,1
1.378166435913162,1.0050318545785826,0.0,2.1535410084978457,0
-1.0609486432407544,-1.4475948051420449,0.0,4.649553962803652,1
-1.5485003349869826,-1.4495045676037308,0.0,4.035624148800954,1
-1.5485003349869826,-1.4495045676037308,0.0,3.922934994467436,1
-1.1495623980963838,-1.0993323273573337,0.0,4.082305920411237,1
0.787598712547306,0.4838918902983728,0.0,8.258182799347356,1
-1.5485003349869826,1.4481512087337318,0.0,2.2579174860300033,1
-1.1458991813774235,0.4988762099740504,0.0,2.538508168437763,1
1.378166435913162,0.8232191038966041,0.0,8.713602824331765,1
-1.1458991813774235,0.955526228545644,0.0,2.3604829072756406,1
0.639580171692575,0.7575476520511129,0.0,8.376157845490367,1
-1.0858721948025927,-1.4495045676037308,0.0,4.972566138051182,1
1.378166435913162,1.0195515707166167,0.0,7.770663714805115,1
-1.5485003349869826,-1.0993323273573337,0.0,4.657375829260171,1
1.378166435913162,1.0050318545785826,0.0,2.6554376425876267,0
0.787598712547306,-1.4495045676037308,0.0,6.345147081599569,1
-1.5485003349869826,-1.4495045676037308,0.0,6.594748931779096,1
-1.5485003349869826,-1.159404528414128,0.0,4.691985979623491,1
-1.1495623980963838,0.9741350355957514,0.0,2.250366242131096,1
1.378166435913162,0.40737445003164274,0.0,2.4680662027647364,0
0.4949802524694769,-1.4475948051420449,0.0,6.668173738313925,1
-0.7679987356824792,1.4476709157561762,0.0,2.5151062119520557,0
-1.5485003349869826,-1.4495045676037308,0.0,5.820751711841341,1
0.710370033396719,0.8232191038966041,0.0,8.169814919029728,1
0.7167608454825536,0.9741350355957514,0.0,8.349161351526558,1
-1.1495623980963838,-1.4495045676037308,0.0,4.578008062343905,1
0.710370033396719,1.4481512087337318,0.0,8.183922972290462,1
0.710370033396719,-1.4495045676037308,0.0,5.733793143192193,1
0.639580171692575,-0.8392790577119408,0.0,8.265820030060205,1
-1.0858721948025927,-1.4495045676037308,0.0,4.8798496480769495,1
1.378166435913162,-1.159404528414128,0.0,8.95981749528448,1
-1.1214248141389416,1.4481512087337318,0.0,2.5918715226645963,1
-1.0609486432407544,-0.9024489240964543,0.0,8.029391771462139,1
-1.1495623980963838,0.9741350355957514,0.0,1.455256506557719,1
0.710370033396719,-1.4495045676037308,0.0,5.47516739725617,1
1.378166435913162,-0.9851730539265872,0.0,4.208305413997328,1
-1.5485003349869826,-1.1634084993085074,0.0,4.064502274026149,1
0.2973989642280703,0.966362193633482,0.0,2.538185218123716,0
-1.1495623980963838,-1.4495045676037308,0.0,5.967424994410197,1
1.378166435913162,-0.9936650520340982,0.0,5.509626946822563,1
0.7167608454825536,-1.4495045676037308,0.0,3.7505242626698685,1
-1.5485003349869826,-1.1634084993085074,0.0,2.458787058620449,1
-1.1214248141389416,1.0195515707166167,0.0,2.9168321880438093,0
0.6448273970616095,0.5803490267696828,0.0,2.577140749277189,0
-0.9387136791295414,1.0101649957432535,0.0,2.496101270509688,1
-1.5485003349869826,-1.4495045676037308,0.0,4.98904253011626,1
-1.5485003349869826,-1.4495045676037308,0.0,6.102199893107237,1
-1.1214248141389416,0.695714165113867,0.0,8.551482021011,1
1.378166435913162,0.5651851877623054,0.0,2.4791189050004983,0
-1.5485003349869826,-1.4495045676037308,0.0,4.644500183299641,1
0.2786675680719036,1.4475730832925437,0.0,8.704746563635368,1
-1.1214248141389416,0.529895899215817,0.0,4.2492512397477045,1
-1.5485003349869826,-1.4495045676037308,0.0,4.180819534282934,1
1.378166435913162,1.0050318545785826,0.0,2.3087102052727158,0
-1.1458991813774235,1.0050318545785826,0.0,2.830584964213311,1
-0.7608986398030094,0.08019342315600585,0.0,2.1813822898527424,0
-1.1495623980963838,-0.9629917543576462,0.0,6.2368038512191175,1
1.378166435913162,-0.007788546577862502,0.0,8.818691548176236,1
0.787598712547306,-1.1634084993085074,0.0,2.427266554254215,0
-1.5485003349869826,-1.4495045676037308,0.0,5.545706605032102,1
-1.1214248141389416,-1.4495045676037308,0.0,4.811054202394043,1
-1.5485003349869826,1.0050318545785826,0.0,2.424907492580178,1
-0.9741862948889325,-1.445668912944812,0.0,6.029710926962526,1
0.639580171692575,0.9741350355957514,0.0,1.699138729081837,0
-1.1214248141389416,-0.3477067531471538,0.0,2.9321919557600857,1
-1.5485003349869826,0.3904922454873546,0.0,2.7143923044411005,1
-1.1458991813774235,-1.4495045676037308,0.0,4.592883205302944,1
0.4717016244952289,0.5367313535858427,0.0,1.657541637577807,0
1.378166435913162,1.4481512087337318,0.0,2.6009391249848077,0
0.7167608454825536,1.4481512087337318,0.0,2.606276875825853,0
-1.0365358038448755,-1.4475948051420449,0.0,5.006003875309876,1
-1.1214248141389416,0.7575476520511129,0.0,2.6364332116781983,1
0.710370033396719,0.4838918902983728,0.0,5.506682159484336,1
1.378166435913162,1.0050318545785826,0.0,1.9010709319258887,0
-1.5485003349869826,1.4481512087337318,0.0,2.257589780965262,1
-0.9304323319006259,1.0251255539625228,0.0,2.270263401043584,1
-0.9304323319006259,0.6812424288176809,0.0,2.2096691239093063,1
-1.5485003349869826,0.27449671033236456,0.0,2.559628093072618,1
-1.0245251369844965,0.9775140375569451,0.0,2.079806234922404,1
-1.1495623980963838,-1.4495045676037308,0.0,4.504376569736929,1
1.378166435913162,-0.956939848112948,0.0,4.1238651427103425,1
-1.0462089020296135,1.0076156727753416,0.0,2.656898937040873,0
-1.1458991813774235,-1.4495045676037308,0.0,5.41635820136902,1
-1.1214248141389416,-1.4495045676037308,0.0,3.4569234469685615,1
-1.1495623980963838,-1.4495045676037308,0.0,3.702905606323365,1
-1.1214248141389416,-1.4495045676037308,0.0,4.8682797484419575,1
-1.5485003349869826,1.4481512087337318,0.0,2.3458065982526453,1
0.710370033396719,0.40626232387974587,0.0,2.3942639901102813,0
-1.5485003349869826,1.4481512087337318,0.0,2.5419532981471566,1
-1.1495623980963838,0.9741350355957514,0.0,8.132817824970157,1
1.378166435913162,-0.00030178482155979994,0.0,8.618022682513113,1
0.639580171692575,0.955526228545644,0.0,7.9756454418480764,1
0.7167608454825536,1.0195515707166167,0.0,8.002558069325566,1
-1.5485003349869826,-1.4495045676037308,0.0,6.284202091679767,1
1.378166435913162,0.7070651099767193,0.0,2.4510909648100756,0
1.378166435913162,-1.1634084993085074,0.0,4.121538401852275,1
0.710370033396719,0.36519378914312134,0.0,2.8508073795126885,0
-1.1214248141389416,-1.4495045676037308,0.0,5.848505812804945,1
-1.0858721948025927,0.5724624714600394,0.0,2.5271584741407955,0
-1.5485003349869826,1.0050318545785826,0.0,2.9083641418361332,1
-0.8442888696648956,-1.4437267228516664,0.0,5.090812555641461,1
-1.0858721948025927,0.5724624714600394,0.0,1.8201646529037112,1
1.378166435913162,1.0050318545785826,0.0,8.377018784183576,1
-1.5485003349869826,-0.9205331774008391,0.0,2.7276830857695957,1
0.710370033396719,-1.4495045676037308,0.0,3.7953197849327482,1
-1.5485003349869826,-1.4495045676037308,0.0,4.854028725817894,1
-1.1214248141389416,-1.159404528414128,0.0,5.662034351474328,1
-1.5485003349869826,1.0050318545785826,0.0,2.54905520320182,1
-1.1214248141389416,0.42173437799289054,0.0,2.606328043676862,1
-1.5485003349869826,-1.4495045676037308,0.0,2.4168182658862345,1
0.787598712547306,0.5724624714600394,0.0,2.458579965595527,0
-1.1214248141389416,1.0195515707166167,0.0,2.626453154161573,0
-1.1458991813774235,1.4481512087337318,0.0,2.4617333677163025,1
-1.1495623980963838,0.9741350355957514,0.0,2.4168428047591197,1
1.378166435913162,-1.1634084993085074,0.0,4.721845738089871,1
-1.5485003349869826,1.4481512087337318,0.0,2.4710523427371003,1
1.378166435913162,-1.4495045676037308,0.0,6.800891085450669,1
-1.1214248141389416,-1.4495045676037308,0.0,6.407262000625527,1
0.639580171692575,-1.4495045676037308,0.0,2.850607955012971,0
1.378166435913162,1.4481512087337318,0.0,2.257736015182664,0
-1.5485003349869826,1.4481512087337318,0.0,2.470501942540494,1
-1.5485003349869826,-1.4495045676037308,0.0,5.130802605157112,1
-1.5485003349869826,0.5724624714600394,0.0,2.6270791068472663,1
-1.5485003349869826,-1.4495045676037308,0.0,6.184515718240169,1
-0.8591460635958168,0.5789637135905669,0.0,2.3216207230208568,1
1.378166435913162,-0.26503373134992747,0.0,3.341235297192476,0
1.378166435913162,0.8385215690740073,0.0,8.21351534749577,1
-1.1495623980963838,-1.4495045676037308,0.0,6.298514050785822,1
-1.1495623980963838,-1.4495045676037308,0.0,6.402658646385834,1
0.29079221659864096,-1.4427494637557696,0.0,6.622817538422618,1
0.7167608454825536,-1.4495045676037308,0.0,4.313339390874415,1
1.378166435913162,-0.3680388482302661,0.0,2.400562242966243,0
-1.5485003349869826,0.34979386038936294,0.0,2.1440257511210152,1
-1.1214248141389416,-1.4495045676037308,0.0,4.62446020929799,1
1.378166435913162,0.5724624714600394,0.0,2.2845795249593186,0
-1.1214248141389416,0.43386891187933424,0.0,2.640880709664283,1
0.710370033396719,0.955526228545644,0.0,2.213308704184327,0
-1.0858721948025927,0.7575476520511129,0.0,2.083893417238002,1
-1.0858721948025927,-1.4495045676037308,0.0,5.12957180894989,1
-1.5485003349869826,1.4481512087337318,0.0,2.5178134137201704,1
-1.5485003349869826,0.17042305350924852,0.0,2.455384337063556,1
-1.5485003349869826,-1.4495045676037308,0.0,3.4572844884049725,1
-1.1214248141389416,1.4481512087337318,0.0,2.069475405158478,0
-0.015181029087477952,0.0,0.0,5.0,1
0.49333107363031126,-1.4446998656154735,0.0,5.913987165808271,1
-1.1214248141389416,1.0050318545785826,0.0,4.835382175643474,1
1.378166435913162,-1.0993323273573337,0.0,4.577886290028241,1
1.378166435913162,-0.9069748149647733,0.0,8.06231621415662,1
0.710370033396719,-0.9069748149647733,0.0,3.3509256880132523,0
0.787598712547306,-1.1072540633563843,0.0,3.8235314334615778,1
-0.8576947716290695,1.4477681496892185,0.0,2.6467488908531664,0
-1.5485003349869826,-1.0993323273573337,0.0,6.6426238429370725,1
-1.1214248141389416,-1.4495045676037308,0.0,5.3324574140899985,1
0.6650892123420602,-0.9037331525474406,0.0,5.938493584882771,1
0.787598712547306,1.0195515707166167,0.0,8.302365311565334,1
0.710370033396719,0.073311232535164,0.0,8.768596726147564,1
-1.0858721948025927,-1.4495045676037308,0.0,4.884554265668878,1
1.378166435913162,1.4481512087337318,0.0,2.611244378234314,0
-1.5485003349869826,-1.4495045676037308,0.0,4.595248895026142,1
-1.1214248141389416,1.0195515707166167,0.0,1.9767568687917303,1
1.378166435913162,-1.4495045676037308,0.0,5.715958804590518,1
-1.5485003349869826,1.0195515707166167,0.0,2.599109234253499,1
-1.0858721948025927,-0.8090331252414652,0.0,5.792743854518533,1
1.378166435913162,0.955526228545644,0.0,2.5130722005535033,0
-1.1458991813774235,-1.4495045676037308,0.0,6.294408724202984,1
1.378166435913162,-0.6320986408146849,0.0,8.843293400120054,1
0.7167608454825536,1.4481512087337318,0.0,2.6015770329918153,0
0.787598712547306,-1.0993323273573337,0.0,4.8802423511919955,1
-1.5485003349869826,1.4481512087337318,0.0,1.9615513633789337,1
1.378166435913162,0.6106347386481292,0.0,2.4474708273379155,0
-1.5485003349869826,1.4481512087337318,0.0,2.4046171282543085,1
-1.5485003349869826,-1.159404528414128,0.0,4.640683553887214,1
-1.5485003349869826,1.4481512087337318,0.0,2.1823899389830843,1
-1.1214248141389416,0.3028450291623566,0.0,9.260077303312094,1
0.7167608454825536,0.43386891187933424,0.0,8.182473845330447,1
-1.1458991813774235,-1.4495045676037308,0.0,6.42856849360885,1
-1.0245251369844965,-1.4475948051420449,0.0,6.463090868968842,1
-1.5485003349869826,1.4481512087337318,0.0,2.492808175417026,1
0.7167608454825536,-1.1072540633563843,0.0,2.0572611057996975,0
-1.5485003349869826,0.955526228545644,0.0,4.8869077882515874,1
-1.5485003349869826,-1.0993323273573337,0.0,6.512622010684028,1
1.378166435913162,1.4481512087337318,0.0,1.742062499868333,0
-1.5485003349869826,0.29397746923436163,0.0,2.295980012973953,0
1.378166435913162,-1.159404528414128,0.0,2.9943754464521897,0
0.787598712547306,1.0195515707166167,0.0,8.578174001340455,1
0.639580171692575,0.5724624714600394,0.0,2.1731139374605117,0
0.787598712547306,1.4481512087337318,0.0,2.3930402146970398,0
-1.0245251369844965,1.4480563147787553,0.0,2.5045894011753935,1
-1.1458991813774235,-1.4495045676037308,0.0,6.341801098302141,1
0.4949802524694769,1.4480563147787553,0.0,2.7148536595637487,0
1.378166435913162,0.3177955826380984,0.0,2.6875412858914176,0
-1.5485003349869826,-1.1634084993085074,0.0,4.568531253329548,1
0.787598712547306,0.415331695303889,0.0,8.54702964389815,1
1.378166435913162,1.0050318545785826,0.0,8.226091345925791,1
-1.1495623980963838,1.0195515707166167,0.0,2.317400310473798,1
-1.5485003349869826,-1.0993323273573337,0.0,3.0853425360030005,1
-0.8777481118796784,1.447960843819446,0.0,2.232491691039288,1
0.639580171692575,1.0195515707166167,0.0,8.641727701630435,1
1.378166435913162,-1.159404528414128,0.0,4.756507474408766,1
0.7167608454825536,1.4481512087337318,0.0,8.297595761549324,1
0.639580171692575,0.955526228545644,0.0,4.17588657131729,1
0.710370033396719,0.9741350355957514,0.0,7.95011174912044,1
-0.9677212744122297,1.0223594674531358,0.0,2.7008703209783267,0
-1.5485003349869826,0.955526228545644,0.0,2.2760437593286085,1
-1.5485003349869826,-1.4495045676037308,0.0,5.2743918268849015,1
1.378166435913162,0.6307810924898708,0.0,8.522063751501097,1
0.639580171692575,0.2678004816173155,0.0,2.8042607538659885,0
-1.1458991813774235,1.4481512087337318,0.0,2.0062262223768643,1
-1.5485003349869826,1.0195515707166167,0.0,2.3044223299654973,1
-1.0609486432407544,-0.9838911286059099,0.0,5.0550212506715075,1
-1.1495623980963838,0.5724624714600394,0.0,2.047238992872078,0
0.710370033396719,1.4481512087337318,0.0,1.9257962591931528,0
0.787598712547306,0.014183824953170802,0.0,2.7859397408290585,0
-1.5485003349869826,1.4481512087337318,0.0,2.3676956755024747,1
1.378166435913162,1.0050318545785826,0.0,2.0731457336979933,0
-0.8835539439262003,0.5093095717610145,0.0,2.4601539501094654,1
-1.0462089020296135,1.4480563147787553,0.0,2.579041371457299,1
0.710370033396719,-0.09078992494722034,0.0,9.145326077660245,1
-0.46303778746530055,0.0,0.0,5.0,1
-1.5485003349869826,-1.159404528414128,0.0,5.197274723519774,1
0.7167608454825536,1.0195515707166167,0.0,2.4085146886633226,0
0.6849473754636609,0.5759991941616605,0.0,8.892987080585062,1
-1.0858721948025927,-1.1634084993085074,0.0,4.936813407320111,1
-1.1495623980963838,1.4481512087337318,0.0,2.288762744174659,1
0.42098407230085466,0.5468544298512388,0.0,2.626792296484374,0
-0.5879493989887904,0.0,0.0,5.0,1
1.378166435913162,-1.4495045676037308,0.0,6.180240161576794,1
-1.5485003349869826,1.4481512087337318,0.0,2.872205437526673,1
0.710370033396719,-0.00508836225241186,0.0,2.6221677619114394,0
1.378166435913162,-1.4495045676037308,0.0,4.506977501473903,1
-1.5485003349869826,1.4481512087337318,0.0,2.3852057536764297,1
1.378166435913162,0.955526228545644,0.0,1.8677162250361512,0
-1.5485003349869826,1.4481512087337318,0.0,2.6376975245779417,1
0.639580171692575,-1.0392061866553604,0.0,8.438858869979779,1
0.7167608454825536,-1.4495045676037308,0.0,4.6437706653966,1
0.4440323797939889,-1.4446998656154735,0.0,6.000984104046018,1
-1.0858721948025927,1.4481512087337318,0.0,2.4216025747821908,1
0.787598712547306,1.0050318545785826,0.0,2.0606960865884427,0
-0.8768238188761645,-1.0960063082800209,0.0,5.7324525574557175,1
-1.5485003349869826,-1.1072540633563843,0.0,3.043986787265458,1
-1.5485003349869826,0.40358451534311884,0.0,2.590996320808665,1
0.26111614173519865,-1.0440825495228987,0.0,5.007205701736627,1
-1.5485003349869826,-1.4495045676037308,0.0,4.798181616605068,1
-1.5485003349869826,0.9741350355957514,0.0,2.2413708201059754,1
-0.10827808542419316,0.0,0.0,5.0,0
0.7167608454825536,-1.4495045676037308,0.0,4.757770407618893,1
1.378166435913162,0.22221188843351036,0.0,9.088263737866077,1
0.7167608454825536,0.529895899215817,0.0,2.7677593143452857,0
-1.5485003349869826,-1.159404528414128,0.0,5.27066131243866,1
1.378166435913162,1.0195515707166167,0.0,2.430159493021164,0
0.639580171692575,-0.9880355100044224,0.0,4.901727378036569,1
-0.8291910944608343,-1.4437267228516664,0.0,6.6012898759876055,1
-1.5485003349869826,0.8385215690740073,0.0,2.09015383067034,1
-1.1214248141389416,-1.1634084993085074,0.0,6.413382034441436,1
1.378166435913162,-1.1072540633563843,0.0,6.782092554669423,1
1.378166435913162,0.955526228545644,0.0,2.293725850256951,0
1.378166435913162,-1.4495045676037308,0.0,5.330628091045936,1
0.44121145096210007,1.4479128903145995,0.0,2.767805182699326,0
-0.8291910944608343,0.964850235459259,0.0,2.9909244625124662,1
-1.1214248141389416,0.8232191038966041,0.0,2.072670689628485,1
1.378166435913162,0.8064660309596711,0.0,2.012541536218811,0
-1.1495623980963838,-1.159404528414128,0.0,4.874165873337011,1
-1.1458991813774235,-1.159404528414128,0.0,4.916855592601161,1
-1.5485003349869826,-1.4495045676037308,0.0,4.043197185234274,1
-1.5485003349869826,-1.0993323273573337,0.0,2.8197476659200156,1
1.378166435913162,-1.1072540633563843,0.0,5.009956477224712,1
-1.0858721948025927,-1.1072540633563843,0.0,6.510987889937555,1
-1.1495623980963838,1.4481512087337318,0.0,2.3120202063659328,1
0.710370033396719,-1.1072540633563843,0.0,3.7738031124176246,1
0.787598712547306,-1.0993323273573337,0.0,2.423190721632399,0
1.378166435913162,-1.0392061866553604,0.0,4.153015419044306,1
-1.1495623980963838,-1.4495045676037308,0.0,4.35634248624012,1
1.378166435913162,0.5724624714600394,0.0,7.846507894050409,1
-1.5485003349869826,-0.9880355100044224,0.0,2.8778457467755407,1
-1.5485003349869826,1.0195515707166167,0.0,2.077761232596433,1
-1.5485003349869826,1.4481512087337318,0.0,1.8309669911627964,1
-1.0858721948025927,-0.9523540237850618,0.0,4.036438555268506,1
1.378166435913162,-1.0993323273573337,0.0,2.767368720375953,0
-1.1214248141389416,-1.4495045676037308,0.0,6.287061893354038,1
0.710370033396719,-1.4495045676037308,0.0,6.525373124873906,1
1.378166435913162,1.0195515707166167,0.0,2.218729288569017,0
0.787598712547306,-1.4495045676037308,0.0,6.5619208010398875,1
0.6592797762866381,-1.446633885787977,0.0,6.544385846044916,1
1.378166435913162,0.6106347386481292,0.0,2.970890643056105,0
-1.5485003349869826,-0.9205331774008391,0.0,1.9917945143994555,1
-0.4400001502001028,0.0,0.0,5.0,0
0.710370033396719,1.4481512087337318,0.0,1.9781950190978592,0
0.787598712547306,-1.0993323273573337,0.0,5.2491207741652115,1
-1.0365358038448755,1.4480563147787553,0.0,2.517751517955798,0
1.378166435913162,0.7070651099767193,0.0,2.1483927720225733,0
-0.7928539360376526,0.45252538425590283,0.0,2.001501251241821,1
-1.1214248141389416,0.955526228545644,0.0,2.015834453034835,1
1.378166435913162,1.4481512087337318,0.0,1.8553535841914852,0
-1.1495623980963838,-1.1634084993085074,0.0,4.526216778757581,1
1.378166435913162,-0.26599669875313386,0.0,3.233275616271593,0
-1.5485003349869826,-1.4495045676037308,0.0,5.258553979796691,1
-1.0858721948025927,-1.4495045676037308,0.0,6.241866361048926,1
1.378166435913162,0.3880704603108811,0.0,2.2494105925414223,0
0.639580171692575,-0.9054217075594011,0.0,8.43355763176631,1
0.7167608454825536,1.4481512087337318,0.0,2.2924282776245413,0
-0.9677212744122297,0.4734710530892205,0.0,2.2093394787846488,1
-1.5485003349869826,0.7575476520511129,0.0,2.5391330406084522,1
1.378166435913162,0.9741350355957514,0.0,2.0451293776889865,0
1.378166435913162,-0.2573458296513953,0.0,8.81076571263472,1
1.378166435913162,0.8232191038966041,0.0,2.069377815927577,0
0.639580171692575,1.0050318545785826,0.0,2.6092862468817812,0
0.787598712547306,-0.9880355100044224,0.0,4.174807450834199,1
-1.5485003349869826,-1.4495045676037308,0.0,4.758396715235038,1
-1.1495623980963838,0.8064660309596711,0.0,2.697196592739921,1
0.7167608454825536,-1.1072540633563843,0.0,2.445319506723411,1
-1.5485003349869826,-0.26411343878876437,0.0,2.5892440383462643,1
0.7167608454825536,-0.2508072887458116,0.0,8.580517461223351,1
-1.5485003349869826,-1.4495045676037308,0.0,6.652891522047667,1
0.6592797762866381,1.4480086517533537,0.0,2.332072435415868,0
0.639580171692575,-1.159404528414128,0.0,5.583884163463733,1
-1.5485003349869826,-1.4495045676037308,0.0,6.350464792005114,1
-0.7969468676173049,-1.4378006956626737,0.0,4.554617652979678,1
1.378166435913162,1.4481512087337318,0.0,2.4772593883549816,0
-0.8777481118796784,1.0101649957432535,0.0,8.280003829403631,1
-1.1214248141389416,-0.9007725365746757,0.0,2.0648887865942376,1
0.710370033396719,0.9741350355957514,0.0,7.809256295039412,1
0.639580171692575,-1.159404528414128,0.0,6.44374231292813,1
-1.1495623980963838,0.42173437799289054,0.0,3.039026611539937,1
-1.1458991813774235,0.9741350355957514,0.0,1.9991678875542518,1
-1.5485003349869826,1.4481512087337318,0.0,2.0142841119739066,1
-1.5485003349869826,0.7027526598328396,0.0,2.3971614101658796,1
1.378166435913162,1.0195515707166167,0.0,8.533073049852375,1
1.378166435913162,1.0195515707166167,0.0,2.2883474398390002,0
-1.0858721948025927,-1.4495045676037308,0.0,5.398882522479621,1
0.7167608454825536,1.0050318545785826,0.0,2.1074597293136614,0
1.378166435913162,-0.9042553148300942,0.0,2.77241079842019,0
-1.5485003349869826,-1.4495045676037308,0.0,5.133969850632852,1
1.378166435913162,0.4300628504715342,0.0,2.6133774863216437,0
0.639580171692575,-1.159404528414128,0.0,4.991494897578994,1
-1.5485003349869826,-1.4495045676037308,0.0,5.222844100065265,1
0.710370033396719,-0.8398857770572493,0.0,4.912568711378993,1
-1.0245251369844965,1.0223594674531358,0.0,2.7224992435449926,0
-1.1495623980963838,0.2176173661094594,0.0,2.6762625037697294,1
-1.5485003349869826,-1.4495045676037308,0.0,6.06001501327389,1
-1.5485003349869826,1.4481512087337318,0.0,2.2977066231555745,1
0.33873927177974544,1.0291981339339615,0.0,8.762901738516376,1
-1.5485003349869826,-0.9884953765624958,0.0,5.172863495061135,1
-1.0365358038448755,-1.4475948051420449,0.0,4.105061396478934,1
0.710370033396719,-1.4495045676037308,0.0,6.098360744206811,1
1.378166435913162,-0.9523540237850618,0.0,4.300761712569684,1
1.378166435913162,0.9741350355957514,0.0,2.225350876666189,0
-0.8862565702348171,0.5881474843107554,0.0,2.5086772770056447,1
-1.1214248141389416,-1.4495045676037308,0.0,4.063321603365891,1
-1.5485003349869826,0.955526228545644,0.0,2.5935276615469878,1
-1.1214248141389416,-1.4495045676037308,0.0,5.830847785418384,1
0.710370033396719,0.9741350355957514,0.0,2.042213419829858,0
0.7167608454825536,-1.4495045676037308,0.0,6.188668598501263,1
1.378166435913162,-1.1072540633563843,0.0,5.150670748719849,1
-1.0858721948025927,1.4481512087337318,0.0,2.1241501258982787,1
-1.0462089020296135,0.9586831535244584,0.0,2.2632118164692097,1
1.378166435913162,-1.159404528414128,0.0,5.764534890128578,1
1.378166435913162,0.9741350355957514,0.0,2.330931152587951,0
-0.44263875768192545,0.0,0.0,5.0,0
1.378166435913162,1.4481512087337318,0.0,8.264544631313981,1
-0.8795556382113356,1.4478647905723339,0.0,2.4206535520996866,0
-1.1458991813774235,0.7575476520511129,0.0,2.318605840882786,1
-0.9990116365219599,-1.1559598128387922,0.0,4.991443323530822,1
1.378166435913162,1.4481512087337318,0.0,2.138369960883334,0
1.378166435913162,-0.6320986408146849,0.0,4.513846737827126,1
-1.5485003349869826,-1.4495045676037308,0.0,6.100097211502848,1
-0.9990116365219599,-1.4475948051420449,0.0,3.944086514936686,1
0.6592797762866381,-1.1542253306758599,0.0,8.04161887233181,1
0.7167608454825536,-1.4495045676037308,0.0,4.469276936607237,1
-1.0365358038448755,0.9586831535244584,0.0,2.331106268927164,1
-1.5485003349869826,0.9741350355957514,0.0,2.6960824359728353,1
0.710370033396719,-1.1634084993085074,0.0,3.640754389798409,1
0.4949802524694769,-1.4475948051420449,0.0,6.421818929235465,1
1.378166435913162,-0.9851730539265872,0.0,8.533476269956312,1
1.378166435913162,-1.4495045676037308,0.0,5.734604588114231,1
-0.33562482322435044,0.0,0.0,5.0,0
-1.1495623980963838,1.0050318545785826,0.0,2.1919467718260752,1
0.787598712547306,1.4481512087337318,0.0,8.480171862449836,1
-1.1495623980963838,-1.4495045676037308,0.0,5.588030016377974,1
-1.5485003349869826,1.4481512087337318,0.0,2.1361442812680895,1
-1.1458991813774235,1.0195515707166167,0.0,1.9102405964609672,0
0.7167608454825536,1.4481512087337318,0.0,8.495268660603154,1
-1.5485003349869826,-1.4495045676037308,0.0,6.3212431948905445,1
-1.5485003349869826,-0.9851730539265872,0.0,5.21314469560245,1
-1.5485003349869826,0.5368572469234868,0.0,2.4894986257575757,1
-0.31431753418539127,0.0,0.0,5.0,1
-1.5485003349869826,-0.9936650520340982,0.0,3.866709330863777,1
0.639580171692575,0.00536049911811629,0.0,8.632273469088716,1
-1.1214248141389416,1.0195515707166167,0.0,2.620709557743985,1
0.787598712547306,0.5651851877623054,0.0,2.3381123304792455,0
-1.1495623980963838,-1.1072540633563843,0.0,6.000961713537832,1
0.787598712547306,-1.4495045676037308,0.0,4.7103833582817884,1
-1.1495623980963838,0.8385215690740073,0.0,2.263221883609557,1
-1.1214248141389416,0.7575476520511129,0.0,2.6845374427336175,1
1.378166435913162,1.0195515707166167,0.0,8.148432472110413,1
0.639580171692575,-1.4495045676037308,0.0,4.42693296952409,1
-0.9990116365219599,0.41155305846919155,0.0,2.1947965623310384,1
-1.5485003349869826,0.9741350355957514,0.0,1.7583315060279805,1
0.710370033396719,0.26887858893047745,0.0,8.668243603673828,1
-1.5485003349869826,-1.4495045676037308,0.0,5.606392228132107,1
0.710370033396719,-1.1072540633563843,0.0,2.5665357450474606,0
1.378166435913162,1.0195515707166167,0.0,2.123987936039343,0
-1.0858721948025927,-1.4495045676037308,0.0,6.048789443669536,1
-1.5485003349869826,-1.0993323273573337,0.0,2.9892352482069278,1
1.378166435913162,-0.02731631074590505,0.0,2.8439868485273183,0
1.378166435913162,1.4481512087337318,0.0,2.48450969093407,0
0.639580171692575,0.955526228545644,0.0,1.9830716136942201,0
1.378166435913162,1.4481512087337318,0.0,2.234842145430588,0
0.710370033396719,1.0050318545785826,0.0,2.315814664933826,0
0.4200118945757953,0.9904585508186636,0.0,2.125026592405903,0
-1.1214248141389416,-1.4495045676037308,0.0,5.420940931768444,1
1.378166435913162,-1.4495045676037308,0.0,4.241984913309195,1
-1.5485003349869826,-1.4495045676037308,0.0,2.8459610384913896,1
1.378166435913162,0.529895899215817,0.0,2.215004582225986,0
0.639580171692575,1.4481512087337318,0.0,2.251701490970725,0
-1.1214248141389416,-1.4495045676037308,0.0,4.964576195878577,1
0.7167608454825536,0.29397746923436163,0.0,8.546145382389708,1
0.639580171692575,1.0195515707166167,0.0,2.3435084979386076,0
-1.1214248141389416,1.4481512087337318,0.0,2.525308156665651,1
-1.1495623980963838,-1.159404528414128,0.0,5.057472071341935,1
1.378166435913162,0.6829522445306385,0.0,7.81376411581048,1
1.378166435913162,0.9741350355957514,0.0,2.090793506194458,0
1.378166435913162,1.0195515707166167,0.0,8.38726831194212,1
-1.5485003349869826,-0.22490616742700498,0.0,2.953100349630847,1
-1.5485003349869826,-1.4495045676037308,0.0,4.276770308204369,1
-1.5485003349869826,-1.4495045676037308,0.0,5.204455887764884,1
0.6650892123420602,1.0237476835419264,0.0,2.68085281108271,0
1.378166435913162,0.5724624714600394,0.0,3.088555955439422,0
0.710370033396719,-1.4495045676037308,0.0,5.735952207814229,1
0.710370033396719,0.4730449720058626,0.0,8.871872666972429,1
-1.5485003349869826,0.6307810924898708,0.0,2.385487926742286,1
0.7167608454825536,0.34742399347928465,0.0,2.307545432254797,0
-1.1495623980963838,-1.4495045676037308,0.0,5.026202153274735,1
0.710370033396719,0.09801696833072678,0.0,3.382070711103699,0
0.710370033396719,1.0050318545785826,0.0,2.3422390300662754,0
1.378166435913162,-0.3844694749914887,0.0,8.944856152784748,1
1.378166435913162,-1.4495045676037308,0.0,2.2088774353471075,0
0.6592797762866381,-1.446633885787977,0.0,5.206933608099949,1
-1.0365358038448755,-1.4475948051420449,0.0,6.702423189166887,1
-1.1214248141389416,0.9741350355957514,0.0,1.8364825009348333,0
1.378166435913162,1.4481512087337318,0.0,2.5489809752279324,0
1.378166435913162,1.0050318545785826,0.0,8.294426913374116,1
-1.5485003349869826,-1.4495045676037308,0.0,4.008475597477335,1
-1.1214248141389416,-1.4495045676037308,0.0,4.8830870669925766,1
-1.5485003349869826,1.4481512087337318,0.0,2.230307941559093,1
-1.5485003349869826,1.0195515707166167,0.0,2.578750686541916,1
-1.1458991813774235,0.955526228545644,0.0,2.761440533218125,1
-1.1458991813774235,1.4481512087337318,0.0,2.689501213513386,1
-1.5485003349869826,-1.4495045676037308,0.0,6.007552248429812,1
0.710370033396719,-1.4495045676037308,0.0,3.0959639666073575,0
-1.5485003349869826,-1.4495045676037308,0.0,6.237009146497715,1
1.378166435913162,0.5724624714600394,0.0,8.155504612393889,1
-1.1214248141389416,1.0050318545785826,0.0,2.725101305393337,1
-1.0462089020296135,-1.4475948051420449,0.0,6.79093350672208,1
-1.1214248141389416,-0.345809443592452,0.0,4.21026949869811,1
-1.5485003349869826,0.695714165113867,0.0,2.6540230697587903,1
-0.11998043117938742,0.0,0.0,5.0,0
1.378166435913162,1.0195515707166167,0.0,8.49084682096154,1
0.6592797762866381,0.5803490267696828,0.0,3.332198154699993,0
1.378166435913162,0.955526228545644,0.0,1.8966123490211038,0
-1.5485003349869826,-1.4495045676037308,0.0,6.1742221628993175,1
1.378166435913162,-0.24872932867987277,0.0,8.704984535767101,1
-1.5485003349869826,-0.9851730539265872,0.0,4.858855360060175,1
-1.5485003349869826,-1.4495045676037308,0.0,5.640947094386443,1
-1.1495623980963838,0.17931661184379524,0.0,2.815074952509254,1
-1.5485003349869826,-0.9054217075594011,0.0,2.4223814702649973,1
-0.40784076578647355,0.0,0.0,5.0,0
1.378166435913162,-1.4495045676037308,0.0,7.751721142134293,1
-1.5485003349869826,1.4481512087337318,0.0,2.0080794410525677,1
-1.1495623980963838,-1.159404528414128,0.0,4.42042138486084,1
0.7167608454825536,-0.38066359364499375,0.0,9.091503072093554,1
-1.5485003349869826,0.5724624714600394,0.0,2.068961957101655,1
0.639580171692575,-1.4495045676037308,0.0,5.7171943839678665,1
1.378166435913162,1.0195515707166167,0.0,2.3060943134596332,0
1.378166435913162,-0.26503373134992747,0.0,2.410255315507758,0
-1.0462089020296135,0.9586831535244584,0.0,2.8589491661086965,1
1.378166435913162,-0.20421155896459608,0.0,8.62550015016864,1
0.710370033396719,-0.25108630022863165,0.0,3.2732941303357235,0
-0.1500239141032241,0.0,0.0,5.0,0
-1.5485003349869826,-1.4495045676037308,0.0,4.977730548635421,1
0.2887271515663942,1.4478165439220947,0.0,8.179688775487914,1
-1.5485003349869826,-1.4495045676037308,0.0,5.709892680539366,1
-1.1458991813774235,1.0050318545785826,0.0,2.361541338202274,1
-1.0858721948025927,1.4481512087337318,0.0,2.753228304055182,1
-1.0858721948025927,1.0050318545785826,0.0,2.0158337904223256,1
-1.5485003349869826,0.529895899215817,0.0,1.8391369113438576,1
-1.1495623980963838,0.36572756144750335,0.0,2.370600051496125,1
1.378166435913162,-0.9054217075594011,0.0,4.995817736571534,1
-1.1495623980963838,-1.0993323273573337,0.0,5.29549038310906,1
-0.9741862948889325,-0.9435577235143192,0.0,5.136138009373059,1
0.639580171692575,-1.1072540633563843,0.0,6.847024630122114,1
-1.5485003349869826,1.4481512087337318,0.0,2.7834588136730556,1
-1.1495623980963838,1.0050318545785826,0.0,2.4785751709467716,1
-1.1214248141389416,0.8385215690740073,0.0,1.9186641947214966,1
-1.1495623980963838,-1.1072540633563843,0.0,5.1097557378363785,1
1.378166435913162,0.44216136193174915,0.0,7.990369268091732,1
-1.0365358038448755,-1.159797729275601,0.0,4.027218067543622,1
-1.5485003349869826,0.6829522445306385,0.0,2.7016205389294274,1
-1.5485003349869826,-0.3784834532019448,0.0,2.815875895720249,1
-1.0858721948025927,0.26887858893047745,0.0,8.615446811156527,1
-1.1214248141389416,1.0195515707166167,0.0,3.1975813924108603,1
1.378166435913162,1.4481512087337318,0.0,2.7344425384428623,0
1.378166435913162,-1.4495045676037308,0.0,4.155747075097514,1
1.378166435913162,1.0195515707166167,0.0,8.715231372097975,1
0.787598712547306,-1.0993323273573337,0.0,4.093836498933198,1
0.6592797762866381,1.0088946071464964,0.0,8.890110570182708,1
-0.9689732326353205,0.4720210841925187,0.0,2.6721381084732365,0
-1.1214248141389416,-0.9851730539265872,0.0,5.745711009977646,1
-1.0462089020296135,-0.8950688389717857,0.0,5.342664132643484,1
-1.0245251369844965,-0.8355219941231908,0.0,3.717412609588377,1
0.710370033396719,1.4481512087337318,0.0,2.6514906970025116,0
-1.1214248141389416,0.9741350355957514,0.0,6.676991066370976,1
0.4717016244952289,0.9586831535244584,0.0,2.00394491813087,0
-1.5485003349869826,-0.9884953765624958,0.0,4.338604403266783,1
0.787598712547306,1.0050318545785826,0.0,2.510950436909072,0
0.639580171692575,1.4481512087337318,0.0,2.179962744789861,0
-1.5485003349869826,-1.159404528414128,0.0,5.557284241782847,1
0.48212882446115235,0.5468544298512388,0.0,8.268256977735131,1
0.639580171692575,0.7070651099767193,0.0,2.0408420936883815,1
-1.1495623980963838,0.8064660309596711,0.0,2.6013629547171084,0
-1.0462089020296135,1.4480563147787553,0.0,2.092198371918004,0
1.378166435913162,-1.4495045676037308,0.0,5.583747789691234,1
-0.9677212744122297,-0.7924030784812163,0.0,5.169892228053134,1
-1.1495623980963838,-1.4495045676037308,0.0,5.517753961909384,1
0.710370033396719,0.7575476520511129,0.0,2.1228307569288236,0
-1.0858721948025927,-1.4495045676037308,0.0,4.647914440884179,1
-0.8294584855678755,-1.0798913308388245,0.0,4.728197943393019,1
1.378166435913162,1.0050318545785826,0.0,2.56513984279076,0
-1.1214248141389416,-1.4495045676037308,0.0,6.31327872499986,1
-1.5485003349869826,-1.4495045676037308,0.0,4.343308933031933,1
-1.5485003349869826,0.955526228545644,0.0,1.8551903630831086,1
-0.9515808992827639,-1.0921457518280024,0.0,5.298846327792708,1
0.639580171692575,1.4481512087337318,0.0,2.4340543738360716,0
1.378166435913162,-1.4495045676037308,0.0,5.64558205880267,1
-1.1495623980963838,0.8385215690740073,0.0,1.9550965025382785,0
1.378166435913162,0.529895899215817,0.0,8.103370004559498,1
0.710370033396719,1.0050318545785826,0.0,8.483237873866926,1
0.7167608454825536,1.0050318545785826,0.0,8.019848907292292,1
-1.1214248141389416,-1.0993323273573337,0.0,5.393516513684915,1
1.378166435913162,-1.4495045676037308,0.0,5.8139859228613275,1
1.378166435913162,-1.0993323273573337,0.0,2.438334287680895,0
1.378166435913162,0.7575476520511129,0.0,8.247920113534743,1
0.6849473754636609,1.0237476835419264,0.0,1.8804849564824284,0
-1.5485003349869826,-0.8428762035051582,0.0,4.435072471046449,1
1.378166435913162,0.5724624714600394,0.0,1.866269404239712,0
1.378166435913162,-1.4495045676037308,0.0,6.132409559455224,1
-1.1214248141389416,0.8385215690740073,0.0,2.0784487530346456,0
1.378166435913162,-1.4495045676037308,0.0,6.115852995776609,1
-0.9677212744122297,-1.4475948051420449,0.0,5.7871831359065204,1
-1.1458991813774235,0.7070651099767193,0.0,2.129352293565591,1
0.710370033396719,0.955526228545644,0.0,2.7740803500702933,1
-1.1214248141389416,1.0050318545785826,0.0,2.512347059594818,1
1.378166435913162,1.0050318545785826,0.0,2.2911830878844546,0
-1.5485003349869826,-1.4495045676037308,0.0,5.307145802914971,1
1.378166435913162,-0.9108287659375035,0.0,2.423067850181145,0
0.639580171692575,-0.9851730539265872,0.0,8.42552280495177,1
0.787598712547306,0.44216136193174915,0.0,2.2778244102861716,0
-1.5485003349869826,-0.7048698448319365,0.0,3.0556439717460395,1
1.378166435913162,-1.4495045676037308,0.0,3.031685435863179,0
-1.0858721948025927,-1.4495045676037308,0.0,5.993479481105563,1
-1.1495623980963838,0.9741350355957514,0.0,2.5957105575252264,1
-1.5485003349869826,-1.4495045676037308,0.0,5.817001458070863,1
0.7167608454825536,-1.159404528414128,0.0,4.245627174210611,1
-1.1458991813774235,-1.0993323273573337,0.0,4.784084288547044,1
0.787598712547306,-1.4495045676037308,0.0,4.1900775903575544,1
0.7167608454825536,-1.159404528414128,0.0,5.075620623163645,1
1.378166435913162,1.4481512087337318,0.0,2.6306521330760426,0
1.378166435913162,0.5724624714600394,0.0,3.224913187290931,0
-1.0245251369844965,-1.4475948051420449,0.0,5.114561766947452,1
0.6448273970616095,-1.446633885787977,0.0,4.176127706384143,1
-1.5485003349869826,-1.4495045676037308,0.0,5.6221020616097,1
-1.0609486432407544,1.4480563147787553,0.0,2.0684400834443255,0
-1.5485003349869826,-0.9880355100044224,0.0,2.803973834950684,1
-1.5485003349869826,0.955526228545644,0.0,2.3750087937231146,1
-1.0858721948025927,-1.4495045676037308,0.0,5.5040774530790255,1
0.710370033396719,0.9741350355957514,0.0,8.46022864511898,1
0.7167608454825536,1.0195515707166167,0.0,2.5120286400733205,1
-1.1495623980963838,0.5724624714600394,0.0,2.346832759051108,1
-1.1458991813774235,-0.9851730539265872,0.0,3.3437041331491946,0
0.7167608454825536,0.6106347386481292,0.0,2.4225165042424575,0
1.378166435913162,-1.4495045676037308,0.0,6.715675460116298,1
-0.9677212744122297,0.5777299603435586,0.0,2.062753337434579,1
0.7167608454825536,1.4481512087337318,0.0,1.8320981552262667,0
-1.5485003349869826,-0.402952537277283,0.0,2.593690227708186,1
-0.9448395840746106,-1.0868793630030773,0.0,8.759346249545128,1
0.787598712547306,0.5724624714600394,0.0,2.2649073766443033,0
-1.1214248141389416,1.4481512087337318,0.0,2.1273994173178963,0
-0.9677212744122297,1.0076156727753416,0.0,2.670599352266614,1
-0.9387136791295414,1.0251255539625228,0.0,2.5551247489641895,1
-1.1495623980963838,0.6867253393757818,0.0,2.069354873791657,1
1.378166435913162,-1.1634084993085074,0.0,8.525581466130319,1
-1.5485003349869826,0.955526228545644,0.0,2.8721498455422436,0
0.639580171692575,1.0050318545785826,0.0,8.768581473236697,1
-1.0245251369844965,0.9586831535244584,0.0,2.1537571391263306,1
-1.1458991813774235,-0.9069748149647733,0.0,4.72577522404572,1
-1.1458991813774235,1.4481512087337318,0.0,1.942205507544343,1
0.7167608454825536,1.4481512087337318,0.0,2.3361535898913965,0
-1.5485003349869826,1.4481512087337318,0.0,2.33700973371325,1
-1.1495623980963838,-1.159404528414128,0.0,5.50350315804029,1
0.787598712547306,-0.6155110387097998,0.0,2.7453702811720166,0
0.639580171692575,1.0050318545785826,0.0,2.341829715965515,0
-1.5485003349869826,-1.4495045676037308,0.0,5.996664167622285,1
1.378166435913162,1.0195515707166167,0.0,7.8653403841653,1
-0.9304323319006259,-1.445668912944812,0.0,6.110717902430949,1
-1.1458991813774235,-0.9523540237850618,0.0,4.476110648796249,1
0.7167608454825536,-1.0993323273573337,0.0,8.983789976154862,1
1.378166435913162,-1.4495045676037308,0.0,5.112299794278759,1
-0.3009239071331199,0.0,0.0,5.0,1
1.378166435913162,1.4481512087337318,0.0,2.3642849981139595,0
-1.1458991813774235,0.9741350355957514,0.0,2.623194974095478,0
-1.1214248141389416,-1.159404528414128,0.0,5.762137530766107,1
0.639580171692575,0.8064660309596711,0.0,2.296451462396358,0
-1.5485003349869826,-1.0993323273573337,0.0,6.441868011297257,1
-1.1214248141389416,1.4481512087337318,0.0,2.1119109999440018,1
0.6849473754636609,0.6766474772863746,0.0,8.254790079912768,1
-1.0462089020296135,-1.4475948051420449,0.0,6.054341620065353,1
-1.1214248141389416,1.0050318545785826,0.0,2.1626314293081665,1
-1.0365358038448755,-1.4475948051420449,0.0,6.4030865457925845,1
1.378166435913162,-1.4495045676037308,0.0,6.2115830009197,1
1.378166435913162,-1.1634084993085074,0.0,5.225831788652991,1
-0.9448395840746106,-1.0997909963751993,0.0,5.3404358366326035,1
-1.5485003349869826,1.0195515707166167,0.0,2.752173671228639,1
1.378166435913162,-0.9108287659375035,0.0,2.554137418006966,0
0.31255478961637806,-0.26867487923917294,0.0,8.757373753583188,1
0.639580171692575,-1.4495045676037308,0.0,4.533634903933643,1
-1.1495623980963838,-1.0993323273573337,0.0,4.802938243322082,1
-0.46981598703563654,0.0,0.0,5.0,1
-1.5485003349869826,-1.0392061866553604,0.0,4.7546603970045584,1
1.378166435913162,-1.0993323273573337,0.0,5.857552211820218,1
-1.0858721948025927,1.4481512087337318,0.0,2.459182486595865,0
1.378166435913162,-0.8154427496695311,0.0,2.847718238532918,0
0.639580171692575,0.9741350355957514,0.0,2.2553568491262306,0
-1.1458991813774235,1.4481512087337318,0.0,2.021057225821976,1
-1.5485003349869826,-1.1634084993085074,0.0,4.3000359593305895,1
-1.5485003349869826,-1.1634084993085074,0.0,4.652408213210864,1
0.42098407230085466,-0.9055299992791285,0.0,4.134382231471099,1
-1.5485003349869826,1.4481512087337318,0.0,2.310135104477812,1
-1.5485003349869826,-1.1634084993085074,0.0,4.610603382131264,1
1.378166435913162,1.0050318545785826,0.0,2.520861254216264,0
1.378166435913162,0.529895899215817,0.0,2.579415724008996,0
1.378166435913162,1.4481512087337318,0.0,2.014844448020937,0
-1.1495623980963838,1.4481512087337318,0.0,8.047972405601728,1
0.787598712547306,1.4481512087337318,0.0,2.368230776944792,0
-1.5485003349869826,1.4481512087337318,0.0,2.065239681663759,1
0.787598712547306,1.4481512087337318,0.0,8.22196028081226,1
-1.1458991813774235,-1.4495045676037308,0.0,6.437866381339336,1
0.7167608454825536,1.4481512087337318,0.0,2.3302083511703975,0
-1.5485003349869826,-0.9054217075594011,0.0,2.1908759567357894,1
-1.1495623980963838,-0.01527471480072308,0.0,2.771123750459864,1
-1.0245251369844965,-1.103540188433729,0.0,4.66711654629887,1
1.378166435913162,-1.4495045676037308,0.0,4.653394447336141,1
0.0009523644417085096,0.0,0.0,5.0,0
-1.1458991813774235,-0.9069748149647733,0.0,4.251970386241942,1
1.378166435913162,-1.0993323273573337,0.0,4.845186123400118,1
-1.1214248141389416,1.0050318545785826,0.0,2.6726534212050135,1
0.710370033396719,-1.159404528414128,0.0,3.758531933265388,1
1.378166435913162,-1.4495045676037308,0.0,6.068940371658677,1
0.4717016244952289,-1.4475948051420449,0.0,4.738522120080686,1
1.378166435913162,-0.6144253667943927,0.0,2.7342090219366786,0
-1.0609486432407544,-1.4475948051420449,0.0,6.042308281405148,1
-1.0858721948025927,-1.1634084993085074,0.0,2.245657559185834,1
-1.0858721948025927,1.4481512087337318,0.0,2.3329528534159687,1
-0.9387136791295414,1.447960843819446,0.0,2.6066680449708697,1
-1.5485003349869826,-1.4495045676037308,0.0,6.5100039853600675,1
-1.5485003349869826,-1.4495045676037308,0.0,5.079551200109137,1
1.378166435913162,1.0195515707166167,0.0,8.254542323216757,1
0.4949802524694769,0.5777299603435586,0.0,2.222572284375137,0
-1.1495623980963838,-1.4495045676037308,0.0,4.209044298487074,1
-1.0245251369844965,-1.159797729275601,0.0,4.406984190140934,1
1.378166435913162,-1.4495045676037308,0.0,6.397489095801989,1
-1.5485003349869826,1.0050318545785826,0.0,2.211141837380559,1
-1.5485003349869826,-1.4495045676037308,0.0,5.0545709893842234,1
0.787598712547306,0.519492814484581,0.0,2.572660751076685,0
-1.0609486432407544,1.0076156727753416,0.0,2.59203096647515,1
0.4949802524694769,0.7642578262122808,0.0,2.263085638543258,0
-1.5485003349869826,-1.4495045676037308,0.0,4.922095333729638,1
1.378166435913162,1.4481512087337318,0.0,8.529136704485756,1
-1.0365358038448755,1.0223594674531358,0.0,2.61753445918253,0
1.378166435913162,0.44216136193174915,0.0,2.2297292706970806,0
0.639580171692575,1.4481512087337318,0.0,1.9455393299159485,0
0.639580171692575,-1.159404528414128,0.0,4.335851062978961,1
-1.1458991813774235,1.4481512087337318,0.0,1.9129615616540938,1
-1.5485003349869826,0.5724624714600394,0.0,2.1946940342655514,1
1.378166435913162,0.8385215690740073,0.0,2.504297765061718,0
1.378166435913162,1.4481512087337318,0.0,2.538233590583709,0
-0.8862565702348171,0.964850235459259,0.0,2.374558076474672,1
0.4717016244952289,-1.1559598128387922,0.0,4.896382722093447,1
-1.5485003349869826,0.8064660309596711,0.0,2.1952623462868686,1
1.378166435913162,-0.9523540237850618,0.0,3.7377324384387207,1
-1.0462089020296135,1.4480563147787553,0.0,2.052957962292037,1
-1.1495623980963838,-1.4495045676037308,0.0,5.829016710576498,1
-0.02711122772387438,0.0,0.0,5.0,0
-1.1214248141389416,-1.4495045676037308,0.0,5.134070586598858,1
-1.0858721948025927,0.43386891187933424,0.0,2.2498795615706513,1
-1.5485003349869826,-1.159404528414128,0.0,5.820234075251872,1
0.639580171692575,-0.9007725365746757,0.0,4.147274363030468,1
1.378166435913162,1.4481512087337318,0.0,2.889472527221801,0
0.710370033396719,1.0050318545785826,0.0,8.077573217754695,1
0.787598712547306,1.4481512087337318,0.0,8.543878846061501,1
-1.5485003349869826,1.4481512087337318,0.0,2.533840438006359,1
-1.5485003349869826,0.955526228545644,0.0,2.861581556177033,1
-1.5485003349869826,-1.0993323273573337,0.0,6.529516552691668,1
0.639580171692575,-0.9880355100044224,0.0,8.595065016562591,1
1.378166435913162,-0.9108287659375035,0.0,2.4171366041023563,0
-0.9677212744122297,1.0076156727753416,0.0,2.252759544887172,0
0.7167608454825536,-1.0993323273573337,0.0,2.684566960486051,0
1.378166435913162,1.0050318545785826,0.0,2.1005259655938975,0
-1.5485003349869826,-1.4495045676037308,0.0,5.289744097844984,1
-1.1458991813774235,1.0050318545785826,0.0,2.902667395313946,1
1.378166435913162,0.955526228545644,0.0,2.6747365932951253,0
-1.0858721948025927,-1.4495045676037308,0.0,4.76908975027911,1
-1.5485003349869826,-0.9205331774008391,0.0,3.8863103021281153,1
0.639580171692575,-1.4495045676037308,0.0,5.2038857191995,1
-0.9515808992827639,0.9617908024981108,0.0,8.521450854218994,1
1.378166435913162,0.7070651099767193,0.0,2.237844751231348,0
-1.5485003349869826,-0.9054217075594011,0.0,4.782587114979035,1
0.710370033396719,-1.4495045676037308,0.0,2.4853762472802536,0
-1.5485003349869826,-0.9054217075594011,0.0,5.559404328895558,1
-1.5485003349869826,-1.0993323273573337,0.0,5.256106603566235,1
-1.1458991813774235,-1.4495045676037308,0.0,6.527491396020187,1
-1.1495623980963838,-1.4495045676037308,0.0,5.536365685225989,1
0.710370033396719,0.529895899215817,0.0,2.3764246405531764,0
-1.1214248141389416,-1.4495045676037308,0.0,4.758573904028236,1
1.378166435913162,1.0195515707166167,0.0,2.17707895584826,0
-1.5485003349869826,-1.4495045676037308,0.0,5.673201034428436,1
-1.1214248141389416,-0.9506146348384362,0.0,4.1857618578879965,1
-1.5485003349869826,-1.1634084993085074,0.0,6.729218648971374,1
0.787598712547306,-0.9054217075594011,0.0,2.389462526141915,0
0.7167608454825536,0.5724624714600394,0.0,8.01172965229399,1
-1.0462089020296135,-1.0957553480603646,0.0,4.340238779510058,1
-1.0245251369844965,1.0223594674531358,0.0,2.7097884903850087,1
0.639580171692575,-1.4495045676037308,0.0,6.130295810669698,1
1.378166435913162,-1.159404528414128,0.0,5.279899037911207,1
-1.5485003349869826,1.4481512087337318,0.0,2.7724284697402335,1
0.457916959072592,0.9824732296713169,0.0,2.187336276929938,0
-1.0858721948025927,-1.1072540633563843,0.0,6.688371686497659,1
-1.1214248141389416,-1.4495045676037308,0.0,4.7315786436066425,1
-1.0858721948025927,-1.1634084993085074,0.0,3.907415968799758,1
-1.0858721948025927,-1.1634084993085074,0.0,2.7444803153414705,1
1.378166435913162,0.17931661184379524,0.0,2.2757475987014484,0
-1.5485003349869826,1.0195515707166167,0.0,2.4566022068215743,1
1.378166435913162,1.4481512087337318,0.0,2.404015447950207,0
0.48212882446115235,1.0264931837214997,0.0,2.594718922429334,0
-1.0858721948025927,-1.159404528414128,0.0,4.0544274498316595,1
0.28478800069773247,-0.8106111607982561,0.0,2.484264558358506,0
-0.9201040441601099,-1.0313665795845655,0.0,4.551542455966697,1
-0.9578725141904859,-1.445668912944812,0.0,4.387941650903637,1
-1.0858721948025927,-1.4495045676037308,0.0,6.077755601975744,1
0.7167608454825536,-1.4495045676037308,0.0,6.231485296241141,1
-1.1214248141389416,-1.4495045676037308,0.0,6.123402303226049,1
1.378166435913162,0.6689284619765181,0.0,8.456774698117481,1
0.787598712547306,0.529895899215817,0.0,8.302605566522672,1
-0.31037574990054073,0.0,0.0,5.0,1
1.378166435913162,0.007835628427098416,0.0,2.956615300380854,0
-1.1458991813774235,-1.4495045676037308,0.0,5.2983889098211705,1
0.710370033396719,1.0050318545785826,0.0,2.082439174871948,0
-1.0858721948025927,-0.9310243577575675,0.0,4.002046267421527,1
-1.5485003349869826,1.4481512087337318,0.0,3.002491736348657,1
-1.5485003349869826,-1.4495045676037308,0.0,5.4733700148080295,1
-1.0245251369844965,0.7642578262122808,0.0,2.0569132831216708,1
1.378166435913162,1.4481512087337318,0.0,1.960766663491822,0
-1.1214248141389416,-1.159404528414128,0.0,5.011602521710586,1
1.378166435913162,0.955526228545644,0.0,8.64462508242547,1
-0.8218384632681704,-1.4417680674827236,0.0,4.5670248890732115,1
0.7167608454825536,-1.4495045676037308,0.0,5.116042194643129,1
1.378166435913162,-1.4495045676037308,0.0,5.173253596465759,1
-0.9990116365219599,-0.6927920053590995,0.0,8.898812064513189,1
0.639580171692575,-0.9371103454836831,0.0,2.648155928040663,0
-1.5485003349869826,1.4481512087337318,0.0,2.073378937819197,1
1.378166435913162,1.4481512087337318,0.0,2.484122545193889,0
-1.5485003349869826,1.4481512087337318,0.0,1.8660987925709236,1
-0.8294584855678755,-1.4417680674827236,0.0,6.100893926953526,1
-1.5485003349869826,-1.159404528414128,0.0,5.712187135089361,1
-1.1214248141389416,1.4481512087337318,0.0,2.06135332332387,1
0.787598712547306,1.0050318545785826,0.0,2.4023778267763145,0
-1.1458991813774235,-1.1072540633563843,0.0,6.649690936125405,1
-1.1214248141389416,1.4481512087337318,0.0,2.7149182667763005,0
-1.5485003349869826,-1.4495045676037308,0.0,4.150636493547574,1
-1.1214248141389416,1.0050318545785826,0.0,2.377670931243116,1
0.7167608454825536,-1.4495045676037308,0.0,6.083817116274386,1
-1.1214248141389416,1.4481512087337318,0.0,2.4112282920436314,1
1.378166435913162,0.529895899215817,0.0,2.033821811050185,0
0.710370033396719,1.4481512087337318,0.0,2.5169915656411708,0
-0.9304323319006259,1.0101649957432535,0.0,2.508471050486916,1
-1.5485003349869826,0.9741350355957514,0.0,2.7596748850464934,1
1.378166435913162,1.4481512087337318,0.0,2.1504087315326084,0
1.378166435913162,-1.4495045676037308,0.0,6.085905951061269,1
1.378166435913162,-1.1634084993085074,0.0,4.35431314854889,1
-1.5485003349869826,-1.4495045676037308,0.0,3.8494607619727743,1
1.378166435913162,1.0050318545785826,0.0,2.1189441583035995,0
1.378166435913162,0.8064660309596711,0.0,2.173913848766909,0
1.378166435913162,0.5724624714600394,0.0,1.8027674305267507,0
-0.8294584855678755,0.5720460459505844,0.0,2.548073030526816,1
-1.5485003349869826,-1.159404528414128,0.0,6.583747744052063,1
-1.1214248141389416,0.955526228545644,0.0,2.8660205039539166,1
0.787598712547306,1.4481512087337318,0.0,2.1382075189735454,0
0.710370033396719,1.4481512087337318,0.0,1.931230148700865,0
1.378166435913162,-1.4495045676037308,0.0,4.764177178944773,1
0.2926178329541824,0.6923494452963393,0.0,2.8012888421355946,0
-1.5485003349869826,-1.4495045676037308,0.0,5.6721397799277185,1
-1.0858721948025927,-1.4495045676037308,0.0,5.588423406216519,1
0.710370033396719,0.529895899215817,0.0,8.130160712332131,1
1.378166435913162,0.955526228545644,0.0,7.9919305709515145,1
-1.5485003349869826,1.0050318545785826,0.0,2.2624874136858915,1
-0.9448395840746106,1.447960843819446,0.0,2.39430250241442,0
-1.5485003349869826,-1.4495045676037308,0.0,5.821169986381103,1
-1.0858721948025927,0.2889335166991957,0.0,2.8266896044723295,1
1.378166435913162,0.9741350355957514,0.0,2.321420175806003,0
-1.1458991813774235,-1.4495045676037308,0.0,6.094589404227104,1
1.378166435913162,0.27449671033236456,0.0,8.47474409861123,1
-1.5485003349869826,-1.4495045676037308,0.0,5.918133946771751,1
1.378166435913162,1.0050318545785826,0.0,7.947051903858662,1
-1.5485003349869826,0.9741350355957514,0.0,2.3927595637209955,1
1.378166435913162,0.5724624714600394,0.0,7.979061425545396,1
-1.5485003349869826,1.4481512087337318,0.0,2.814472417702855,1
-1.5485003349869826,-1.1634084993085074,0.0,2.3785519396862482,1
0.639580171692575,-1.1634084993085074,0.0,3.6695773113174974,1
-1.5485003349869826,-1.4495045676037308,0.0,4.185768697533858,1
-0.8691220083821364,1.4478647905723339,0.0,2.470818256855156,1
1.378166435913162,-0.24630965741799554,0.0,2.7003971437944214,0
-1.1458991813774235,-0.8320486018607838,0.0,5.089091940585921,1
1.378166435913162,0.43386891187933424,0.0,1.8357300962246,0
0.787598712547306,-1.4495045676037308,0.0,3.33330743062809,0
1.378166435913162,0.955526228545644,0.0,8.596366456772358,1
0.710370033396719,-0.010464564722866356,0.0,2.523621463140314,0
-1.1214248141389416,0.5724624714600394,0.0,2.2344006442498285,1
1.378166435913162,0.955526228545644,0.0,7.946549095398279,1
1.378166435913162,-1.0993323273573337,0.0,3.796326722325071,1
1.378166435913162,0.5724624714600394,0.0,8.206678782320353,1
0.43333657436964573,0.5468544298512388,0.0,1.9181242744981741,0
1.378166435913162,1.4481512087337318,0.0,2.4864600050105263,0
1.378166435913162,0.9741350355957514,0.0,2.6492590774496785,0
-1.0858721948025927,-1.4495045676037308,0.0,6.218550579968355,1
-1.1214248141389416,-0.9054217075594011,0.0,2.02303377713458,0
-1.5485003349869826,-1.4495045676037308,0.0,5.575101623847005,1
1.378166435913162,1.0195515707166167,0.0,2.3036088988315764,0
0.639580171692575,-1.4495045676037308,0.0,5.576887517731043,1
-1.5485003349869826,-1.0993323273573337,0.0,4.619585218758336,1
0.787598712547306,1.4481512087337318,0.0,8.552954523065086,1
1.378166435913162,0.529895899215817,0.0,6.492477824320846,1
-1.1214248141389416,1.0050318545785826,0.0,2.3624134889391217,1
-0.12379672307843881,0.0,0.0,5.0,1
1.378166435913162,0.34742399347928465,0.0,8.946298653941314,1
-1.0858721948025927,1.4481512087337318,0.0,1.9447704458976638,1
0.45999343552932154,1.4479128903145995,0.0,1.796062422419117,0
-1.1495623980963838,1.0050318545785826,0.0,2.062083558306916,1
-1.1495623980963838,-1.4495045676037308,0.0,4.597019366887834,1
0.4717016244952289,1.4480563147787553,0.0,8.669391142579649,1
1.378166435913162,0.5724624714600394,0.0,8.585441961019697,1
-1.5485003349869826,0.955526228545644,0.0,2.643106833611757,1
0.4717016244952289,0.9586831535244584,0.0,2.746439934652083,0
-1.5485003349869826,-1.4495045676037308,0.0,4.885123293827549,1
-1.1495623980963838,0.2543423737106343,0.0,2.68367347690052,1
-1.1214248141389416,0.9741350355957514,0.0,2.2278780450199136,1
-1.1214248141389416,-0.9399386966979418,0.0,2.8134442924599723,1
-0.9990116365219599,-1.4475948051420449,0.0,4.579023976761393,1
0.787598712547306,1.4481512087337318,0.0,2.6460491256848635,0
1.378166435913162,1.0050318545785826,0.0,2.4381488588242033,0
0.4949802524694769,1.4480563147787553,0.0,2.439947163234285,0
-0.9139654064359362,-1.4437267228516664,0.0,5.8974777369941584,1
-1.5485003349869826,-1.4495045676037308,0.0,5.929608677460827,1
0.710370033396719,-3.791467264287738e-05,0.0,3.1047898696286085,0
-1.1458991813774235,-1.4495045676037308,0.0,5.0771949794290165,1
1.378166435913162,-0.9066595545561648,0.0,4.222579297343306,1
-1.0858721948025927,0.955526228545644,0.0,2.094003520419022,1
-1.5485003349869826,-1.4495045676037308,0.0,4.026567723121648,1
-1.0609486432407544,1.4480563147787553,0.0,1.7722370777478618,1
-1.1214248141389416,-1.4495045676037308,0.0,4.072137633509432,1
-1.1495623980963838,0.9741350355957514,0.0,1.9299040419781341,1
1.378166435913162,-1.159404528414128,0.0,2.485402556184558,0
1.378166435913162,1.4481512087337318,0.0,2.0486437037123304,0
0.6448273970616095,0.9602430705187611,0.0,2.1710857036529636,0
0.787598712547306,-1.4495045676037308,0.0,5.800066514106032,1
-1.5485003349869826,0.9741350355957514,0.0,2.118542996299292,1
-1.1495623980963838,-1.4495045676037308,0.0,5.900956796291245,1
-1.1214248141389416,0.5724624714600394,0.0,2.4774850386177363,0
1.378166435913162,1.4481512087337318,0.0,2.060183842127156,0
-1.1458991813774235,-1.1072540633563843,0.0,4.518423908709026,1
-0.9515808992827639,-1.445668912944812,0.0,4.281659066871521,1
-1.1214248141389416,0.529895899215817,0.0,1.9165909083247055,1
1.378166435913162,0.00541325611012522,0.0,2.770128895763248,0
-1.1214248141389416,-1.4495045676037308,0.0,6.085500044830578,1
-0.9677212744122297,-1.4475948051420449,0.0,5.548834601859362,1
-1.5485003349869826,-1.4495045676037308,0.0,5.550619722926459,1
-1.0609486432407544,-1.1559598128387922,0.0,6.1059686951086745,1
1.378166435913162,1.4481512087337318,0.0,2.7314656496045924,0
-1.5485003349869826,-1.4495045676037308,0.0,6.193280344297544,1
1.378166435913162,-1.1634084993085074,0.0,4.363694541205899,1
-1.5485003349869826,1.0195515707166167,0.0,2.000185469836206,1
0.710370033396719,1.4481512087337318,0.0,1.883202644238575,0
1.378166435913162,-0.6239759518834721,0.0,3.0019859878306177,0
-1.1495623980963838,0.5724624714600394,0.0,2.4894161841860667,1
-1.1495623980963838,1.4481512087337318,0.0,2.2771271758253575,1
-1.5485003349869826,1.4481512087337318,0.0,2.432803630853926,1
0.787598712547306,-1.4495045676037308,0.0,5.49239457221272,1
0.639580171692575,-1.0993323273573337,0.0,2.8037015514883015,0
-1.1495623980963838,-0.3818094124498931,0.0,4.148616264474191,1
-1.1495623980963838,0.955526228545644,0.0,2.1939831340718285,1
1.378166435913162,0.955526228545644,0.0,2.1564080597136317,0
-1.1495623980963838,-0.9884953765624958,0.0,4.4813764447454565,1
-1.0858721948025927,1.4481512087337318,0.0,2.15205412473705,1
-1.1495623980963838,-0.3573543724922502,0.0,3.0024563250508636,0
-1.5485003349869826,-0.37475288571597376,0.0,2.9273063611779904,1
-0.9578725141904859,1.447960843819446,0.0,2.1286459274143508,1
1.378166435913162,1.0050318545785826,0.0,2.708364798127391,0
0.710370033396719,1.4481512087337318,0.0,1.947001369762529,0
-1.1458991813774235,-1.159404528414128,0.0,2.8432850459784524,0
0.639580171692575,1.0195515707166167,0.0,8.243361710071712,1
-1.5485003349869826,0.8232191038966041,0.0,2.205405617436238,1
-1.0858721948025927,1.4481512087337318,0.0,2.47395223486695,0
-1.1214248141389416,-0.8383489019766284,0.0,4.362777397033952,1
-1.5485003349869826,-1.159404528414128,0.0,4.91392916856227,1
-1.5485003349869826,0.8064660309596711,0.0,2.3935627112116284,1
-0.8628164292008287,0.048793826083521605,0.0,2.322311106223741,1
1.378166435913162,1.4481512087337318,0.0,2.2961389480583234,0
1.378166435913162,1.4481512087337318,0.0,8.377837428164371,1
1.378166435913162,1.4481512087337318,0.0,2.163406588413874,0
0.710370033396719,-1.1072540633563843,0.0,8.308276437419785,1
-1.1495623980963838,1.0195515707166167,0.0,2.6153089285959847,1
-1.5485003349869826,-1.0993323273573337,0.0,5.0752555512263005,1
-1.1495623980963838,1.4481512087337318,0.0,2.1038792494103107,1
0.639580171692575,1.4481512087337318,0.0,2.4445413873073445,1
-1.5485003349869826,-1.159404528414128,0.0,5.092777644432674,1
-1.1458991813774235,-0.9007725365746757,0.0,2.238134184637809,1
-1.5485003349869826,-1.4495045676037308,0.0,6.311079779121229,1
-1.5485003349869826,0.955526228545644,0.0,2.538024734550953,1
0.7167608454825536,0.44216136193174915,0.0,2.5792233671274722,0
0.710370033396719,-1.4495045676037308,0.0,4.267280244276604,1
1.378166435913162,0.9741350355957514,0.0,8.298392460807287,1
-0.9139654064359362,-1.4437267228516664,0.0,6.401630883758832,1
-1.1214248141389416,0.529895899215817,0.0,2.2766028648438676,1
1.378166435913162,1.4481512087337318,0.0,2.260511341753646,0
1.378166435913162,0.016774757886457055,0.0,2.5519279518569946,0
0.639580171692575,0.9741350355957514,0.0,8.385890935741891,1
-1.1214248141389416,1.0195515707166167,0.0,2.7901602031179076,0
-1.5485003349869826,0.955526228545644,0.0,2.172687405446882,1
-1.5485003349869826,-1.159404528414128,0.0,4.191549949026728,1
0.6650892123420602,-1.0886073801090244,0.0,1.9304265900858735,0
0.710370033396719,1.0050318545785826,0.0,5.9036518892014564,1
0.7167608454825536,1.4481512087337318,0.0,2.2142859606212753,0
0.7167608454825536,0.6627168277151729,0.0,2.2628692739491645,0
-1.5485003349869826,0.5752176024507784,0.0,2.310419184337384,1
-0.02561278496870641,0.0,0.0,5.0,0
0.639580171692575,-1.4495045676037308,0.0,4.5272822464534315,1
-1.5485003349869826,0.955526228545644,0.0,2.0379095358819246,1
-1.1495623980963838,-1.4495045676037308,0.0,4.955685353918197,1
1.378166435913162,-0.6991214223021367,0.0,9.122213677843792,1
-1.1458991813774235,1.4481512087337318,0.0,1.5782840719507678,1
1.378166435913162,-1.4495045676037308,0.0,4.932199843584167,1
0.6849473754636609,0.9791814988981976,0.0,2.1440091689757366,0
1.378166435913162,-1.1634084993085074,0.0,2.3253345774047434,0
0.787598712547306,1.4481512087337318,0.0,7.800743798153389,1
-1.5485003349869826,-1.0993323273573337,0.0,3.2094740568738693,1
-1.5485003349869826,-1.4495045676037308,0.0,3.5987780285137316,1
-1.0462089020296135,1.0223594674531358,0.0,7.977266151337107,1
1.378166435913162,0.8064660309596711,0.0,8.523818591492391,1
-1.5485003349869826,1.4481512087337318,0.0,2.7374728621522553,1
-1.1495623980963838,0.955526228545644,0.0,2.030569574776183,1
-1.5485003349869826,-1.4495045676037308,0.0,4.515703821450993,1
-0.9013123436701882,-1.4437267228516664,0.0,6.049227012937843,1
1.378166435913162,-1.159404528414128,0.0,4.295652015972515,1
0.6448273970616095,1.0088946071464964,0.0,1.923797413616008,0
-1.5485003349869826,-0.6237040534160592,0.0,2.6020548486701576,1
-1.0858721948025927,-1.0993323273573337,0.0,2.5664250154785053,1
-1.5485003349869826,0.955526228545644,0.0,1.9313960088100464,1
-1.1214248141389416,-1.4495045676037308,0.0,4.7531484756634175,1
0.639580171692575,-0.3887961925649973,0.0,8.566038092284145,1
1.378166435913162,1.4481512087337318,0.0,2.586386401612892,0
-1.1495623980963838,-1.0993323273573337,0.0,6.059284515919234,1
0.7167608454825536,1.0050318545785826,0.0,7.925914385584398,1
-0.30310740926331614,0.0,0.0,5.0,1
-1.1495623980963838,-1.1634084993085074,0.0,4.459015628964104,1
-1.5485003349869826,1.4481512087337318,0.0,1.8569206336140418,1
-1.0858721948025927,-1.1072540633563843,0.0,4.37386621158412,1
1.378166435913162,0.9741350355957514,0.0,2.1251006409183755,0
-1.1495623980963838,-1.1072540633563843,0.0,5.856783948006658,1
0.7167608454825536,-0.9007725365746757,0.0,2.7883515480387264,0
-1.1214248141389416,-1.4495045676037308,0.0,6.0628482794255,1
1.378166435913162,-0.8383489019766284,0.0,2.8036952749568225,0
-1.1214248141389416,-1.1072540633563843,0.0,5.237898689015372,1
-1.5485003349869826,0.529895899215817,0.0,2.3172606280515593,1
-1.0462089020296135,-1.4475948051420449,0.0,4.308458873826199,1
1.378166435913162,1.4481512087337318,0.0,2.3793350984274904,0
0.639580171692575,1.4481512087337318,0.0,2.7411587365317125,0
1.378166435913162,0.5724624714600394,0.0,8.610415067221375,1
0.7167608454825536,-0.01162543610184887,0.0,8.565872387453975,1
-1.5485003349869826,0.955526228545644,0.0,2.2827313027764737,1
1.378166435913162,-1.4495045676037308,0.0,5.479305088293555,1
0.710370033396719,1.0195515707166167,0.0,2.0874756446141802,0
-1.1495623980963838,-1.4495045676037308,0.0,5.25453072955283,1
1.378166435913162,0.9741350355957514,0.0,2.3332300654958464,0
1.378166435913162,-1.4495045676037308,0.0,5.542232015216106,1
-1.5485003349869826,-1.4495045676037308,0.0,5.251799577757269,1
-1.1214248141389416,-1.1072540633563843,0.0,6.3323860340368885,1
0.639580171692575,0.955526228545644,0.0,8.001528632790206,1
-1.5485003349869826,1.4481512087337318,0.0,2.7110475366504483,1
1.378166435913162,-0.02461363309130236,0.0,8.716331605626515,1
1.378166435913162,1.0050318545785826,0.0,8.84575127991708,1
-1.0462089020296135,-1.1559598128387922,0.0,3.9526723317608043,1
1.378166435913162,0.955526228545644,0.0,2.72068181488559,0
0.7167608454825536,0.34039295433612143,0.0,2.604517405638055,0
0.787598712547306,-1.4495045676037308,0.0,5.837623783377451,1
-1.5485003349869826,-1.4495045676037308,0.0,4.483536051135759,1
-1.5485003349869826,-0.9007725365746757,0.0,1.9187977918886137,1
1.378166435913162,0.5540466573460562,0.0,8.478053757677733,1
1.378166435913162,-1.4495045676037308,0.0,6.3272834021898445,1
-1.5485003349869826,-1.4495045676037308,0.0,5.985912716159376,1
1.378166435913162,-1.1072540633563843,0.0,2.5802180181751666,0
-1.0858721948025927,1.4481512087337318,0.0,2.3488891566571986,1
0.46413006142910557,0.3672091979725005,0.0,2.917547515515408,0
-1.0245251369844965,-1.103540188433729,0.0,4.111306611170666,1
1.378166435913162,0.21144370970746476,0.0,3.013050529309753,0
0.639580171692575,1.0195515707166167,0.0,8.311581786441328,1
-1.5485003349869826,0.9741350355957514,0.0,2.387831949498616,1
1.378166435913162,-1.4495045676037308,0.0,6.241679612435783,1
0.7167608454825536,-1.4495045676037308,0.0,2.1625982876216203,0
-1.1495623980963838,1.4481512087337318,0.0,2.4943184210417018,1
1.378166435913162,-0.8125881021486385,0.0,3.0910798782995883,0
-1.5485003349869826,-1.4495045676037308,0.0,6.371379386988298,1
-1.1495623980963838,-1.0993323273573337,0.0,4.430863722441399,1
1.378166435913162,1.0195515707166167,0.0,8.475973877916129,1
0.4717016244952289,-1.4475948051420449,0.0,4.913808768942477,1
-1.1495623980963838,-1.4495045676037308,0.0,3.7034335432897487,1
-1.5485003349869826,-0.9007725365746757,0.0,5.535980641965587,1
-1.0365358038448755,-1.4475948051420449,0.0,4.561010218891003,1
-0.9677212744122297,-1.4475948051420449,0.0,5.8027434141998615,1
-1.5485003349869826,-1.4495045676037308,0.0,6.415374308688142,1
-1.5485003349869826,-1.1634084993085074,0.0,3.9869140469518394,1
0.6448273970616095,-1.446633885787977,0.0,6.168041141113601,1
-0.12801991598217577,0.0,0.0,5.0,0
-1.1495623980963838,-1.4495045676037308,0.0,5.651511212943099,1
0.639580171692575,0.6689284619765181,0.0,8.189165366975155,1
-1.5485003349869826,-1.4495045676037308,0.0,4.836483080879941,1
1.378166435913162,-0.9069748149647733,0.0,4.569867520346102,1
0.7167608454825536,-1.0993323273573337,0.0,6.598449310629244,1
-1.1458991813774235,0.8232191038966041,0.0,2.0260033702024223,1
0.639580171692575,-1.1634084993085074,0.0,2.489662865075622,0
-1.5485003349869826,-1.4495045676037308,0.0,3.9941321637752125,1
-1.1214248141389416,0.7027526598328396,0.0,2.6915985589280584,1
0.787598712547306,1.0195515707166167,0.0,2.1452884513067727,0
0.32081077998468394,0.10606502747611446,0.0,5.040419890652145,1
-1.1495623980963838,1.4481512087337318,0.0,2.1720412275203307,1
0.18977793954865343,0.0,0.0,5.0,1
1.378166435913162,0.9741350355957514,0.0,8.175065677862225,1
0.787598712547306,-1.4495045676037308,0.0,6.319911782242234,1
1.378166435913162,0.5724624714600394,0.0,8.167365144167729,1
-1.1495623980963838,1.4481512087337318,0.0,2.559245515710792,1
0.45999343552932154,-1.0979031000986454,0.0,6.675027636508988,1
0.787598712547306,-1.1634084993085074,0.0,5.142677068494068,1
0.710370033396719,1.0050318545785826,0.0,8.570070670869482,1
1.378166435913162,-1.1072540633563843,0.0,5.1076432750716645,1
-1.5485003349869826,-1.4495045676037308,0.0,6.662948441637752,1
0.7167608454825536,-1.4495045676037308,0.0,4.719847277686004,1
-1.5485003349869826,0.8385215690740073,0.0,2.0747761749122806,1
-1.1495623980963838,-1.4495045676037308,0.0,6.284308312610076,1
-1.0858721948025927,0.529895899215817,0.0,2.695725153353867,1
-1.5485003349869826,1.4481512087337318,0.0,2.0995148394305954,1
0.710370033396719,1.4481512087337318,0.0,2.594971054862763,1
-1.1458991813774235,-1.1634084993085074,0.0,5.574418800730643,1
-1.1495623980963838,-1.4495045676037308,0.0,4.256563326391055,1
0.710370033396719,-1.4495045676037308,0.0,4.140678267918791,1
1.378166435913162,0.5724624714600394,0.0,1.8309822759896632,0
-0.6411284813766567,1.0969799165943286,0.0,2.3526820356448592,0
-1.0245251369844965,-1.103540188433729,0.0,6.777922085296639,1
0.710370033396719,1.4481512087337318,0.0,2.0383391543171205,1
1.378166435913162,-0.01599142918376627,0.0,8.549256082939621,1
0.7167608454825536,1.4481512087337318,0.0,2.9113682473975824,0
1.378166435913162,-1.4495045676037308,0.0,4.061751902895178,1
-1.5485003349869826,-1.159404528414128,0.0,4.762345755465939,1
1.378166435913162,0.3759661808692332,0.0,8.14308619187861,1
0.787598712547306,0.9741350355957514,0.0,7.561319554772253,1
1.378166435913162,-0.9596917148874786,0.0,8.391207413428706,1
-0.15538427736971783,0.0,0.0,5.0,0
1.378166435913162,-1.4495045676037308,0.0,5.68620325415102,1
1.378166435913162,1.0195515707166167,0.0,2.4998283736677425,0
-1.1495623980963838,-1.4495045676037308,0.0,6.382279944419636,1
-1.0245251369844965,1.0223594674531358,0.0,2.404892276986297,1
0.710370033396719,0.955526228545644,0.0,1.8942978474948011,0
0.787598712547306,1.0195515707166167,0.0,8.564510362825864,1
-1.1495623980963838,1.4481512087337318,0.0,2.3200550580297805,1
1.378166435913162,-1.0392061866553604,0.0,4.786902080182391,1
-1.1495623980963838,0.7575476520511129,0.0,2.522564989084471,1
-1.5485003349869826,1.4481512087337318,0.0,2.145866799959586,1
1.378166435913162,1.4481512087337318,0.0,8.139903348372073,1
0.7167608454825536,0.6689284619765181,0.0,2.6250902483740677,1
0.639580171692575,-0.369076886079099,0.0,2.522236852103803,0
1.378166435913162,0.8232191038966041,0.0,2.018754576407454,0
0.710370033396719,0.43386891187933424,0.0,2.4297006492217017,0
0.787598712547306,0.9741350355957514,0.0,2.342217820466459,0
-0.9677212744122297,-0.95483659106898,0.0,2.5241080110977885,1
1.378166435913162,0.9741350355957514,0.0,1.9707312815319453,0
0.710370033396719,1.0195515707166167,0.0,8.383371042065338,1
-1.0858721948025927,-1.0993323273573337,0.0,5.496566580123988,1
-0.772204602053146,0.5720460459505844,0.0,3.1453451391309124,1
-1.1214248141389416,1.4481512087337318,0.0,2.3693773097520063,1
-1.0245251369844965,0.4348290579327964,0.0,2.4445721517765753,1
0.7167608454825536,-1.4495045676037308,0.0,8.305863442728294,1
1.378166435913162,1.0195515707166167,0.0,2.861780440842638,0
-0.9578725141904859,0.9617908024981108,0.0,2.090917480586531,1
-1.0462089020296135,1.4480563147787553,0.0,2.045656391137624,1
-1.0245251369844965,1.4480563147787553,0.0,2.5647451018652254,1
-1.0858721948025927,-1.4495045676037308,0.0,4.9956388484172045,1
0.2894432870592563,1.4478165439220947,0.0,2.356021521773132,0
-1.1458991813774235,-1.4495045676037308,0.0,5.377642283219405,1
-0.9972523977517084,0.9808345047593721,0.0,2.46877897741474,1
-1.5485003349869826,-1.1634084993085074,0.0,5.754152987428858,1
-1.5485003349869826,-1.4495045676037308,0.0,5.341022222955576,1
1.378166435913162,1.4481512087337318,0.0,1.9158321534225562,0
0.7167608454825536,1.4481512087337318,0.0,2.329356058780589,1
0.787598712547306,1.0195515707166167,0.0,8.6613410201241,1
-1.1214248141389416,-1.4495045676037308,0.0,4.629367456095915,1
0.639580171692575,1.4481512087337318,0.0,2.7534727817881954,0
0.383976599689213,1.033181296014651,0.0,2.3725190357085753,0
-1.0609486432407544,1.4480563147787553,0.0,2.139011884466384,0
-1.5485003349869826,1.0195515707166167,0.0,2.5738965177244952,1
-1.1495623980963838,1.4481512087337318,0.0,2.4347653116166628,1
-1.5485003349869826,-1.4495045676037308,0.0,6.029933375836958,1
1.378166435913162,-0.9054217075594011,0.0,4.465360759731688,1
-1.1495623980963838,0.9741350355957514,0.0,2.337839495929044,1
-1.1214248141389416,-1.1634084993085074,0.0,4.953949455997693,1
-1.0462089020296135,-1.1559598128387922,0.0,4.909862051668121,1
-1.5485003349869826,-1.159404528414128,0.0,4.339146092098459,1
-1.1214248141389416,0.26770699300371753,0.0,2.39076193863831,0
1.378166435913162,1.4481512087337318,0.0,2.110373317540338,0
-0.9387136791295414,1.447960843819446,0.0,3.0514348036544643,0
-1.1495623980963838,-1.4495045676037308,0.0,5.137776990257307,1
0.710370033396719,-1.1634084993085074,0.0,3.887040903163588,1
1.378166435913162,1.0050318545785826,0.0,8.872292764880966,1
1.378166435913162,1.4481512087337318,0.0,2.314278138276012,0
1.378166435913162,1.4481512087337318,0.0,2.193901421818966,0
-1.5485003349869826,0.8232191038966041,0.0,2.4373481494993388,1
1.378166435913162,0.5724624714600394,0.0,3.305320090588242,0
1.378166435913162,-0.21320126483011437,0.0,2.876340290578115,0
-0.896360671298889,-1.4437267228516664,0.0,6.594435684980103,1
-1.0858721948025927,1.0195515707166167,0.0,2.7034960590764707,1
0.710370033396719,-0.2518180588861195,0.0,2.8474033796125116,1
-1.1495623980963838,0.8232191038966041,0.0,2.289317040233065,1
1.378166435913162,1.4481512087337318,0.0,2.6802008010590117,0
-1.1214248141389416,-1.4495045676037308,0.0,5.337839743652859,1
-1.5485003349869826,1.0050318545785826,0.0,4.858494471376045,1
0.2973989642280703,-1.0941006002252815,0.0,2.1515796137221512,0
-1.5485003349869826,1.0050318545785826,0.0,2.1379697123871697,1
0.7167608454825536,0.8385215690740073,0.0,1.9391376647632856,0
0.710370033396719,1.4481512087337318,0.0,8.358427968773478,1
0.710370033396719,-1.4495045676037308,0.0,6.246557866613586,1
-1.5485003349869826,0.955526228545644,0.0,2.4285720046130073,1
1.378166435913162,-0.3787765970970745,0.0,8.612010564379341,1
-1.1458991813774235,-1.159404528414128,0.0,5.4845510444753724,1
-1.1458991813774235,1.4481512087337318,0.0,2.37000672424029,1
0.787598712547306,0.9741350355957514,0.0,2.262524064924335,0
1.378166435913162,1.0050318545785826,0.0,2.8314043305744394,0
-1.1495623980963838,0.5724624714600394,0.0,1.9383701956878547,0
-1.1495623980963838,-1.4495045676037308,0.0,5.256598117339625,1
-1.5485003349869826,-1.159404528414128,0.0,3.736851353904112,1
1.378166435913162,-1.0993323273573337,0.0,2.2824990219368515,0
0.7167608454825536,-1.0993323273573337,0.0,2.7221656709776565,0
-0.10002960948836297,0.0,0.0,5.0,1
-1.5485003349869826,-1.1072540633563843,0.0,6.735263140522143,1
0.4949802524694769,1.4480563147787553,0.0,9.024071191424271,1
-1.1495623980963838,1.4481512087337318,0.0,2.525897318764024,1
1.378166435913162,1.4481512087337318,0.0,2.092803778958818,0
0.42098407230085466,-0.9083193573967833,0.0,2.929340162652618,0
0.710370033396719,0.8064660309596711,0.0,2.0405845641224696,1
-1.0858721948025927,-1.4495045676037308,0.0,5.4204253579518,1
-0.9990116365219599,-1.103540188433729,0.0,4.686461490817363,1
-1.0858721948025927,-1.4495045676037308,0.0,4.568857748084256,1
-1.1214248141389416,-1.4495045676037308,0.0,5.563350798879865,1
1.378166435913162,-0.36589280074963576,0.0,8.651916572774828,1
-1.5485003349869826,0.955526228545644,0.0,1.7715729543120746,1
-1.0462089020296135,-1.4475948051420449,0.0,4.245338633486075,1
0.710370033396719,1.0050318545785826,0.0,2.7222683822650104,0
-1.1214248141389416,-1.4495045676037308,0.0,5.700758115996706,1
-1.1214248141389416,-1.4495045676037308,0.0,5.766420697612537,1
-1.0858721948025927,1.4481512087337318,0.0,2.296014032520647,1
-0.9535101187122923,-0.4726850658915883,0.0,2.251992761496106,1
-1.5485003349869826,0.3904922454873546,0.0,2.566491351587892,1
1.378166435913162,1.4481512087337318,0.0,2.757670338551585,0
0.639580171692575,0.8064660309596711,0.0,8.289277223122877,1
-1.5485003349869826,1.0195515707166167,0.0,2.0722293534645626,1
1.378166435913162,0.9741350355957514,0.0,8.434761456434801,1
-1.5485003349869826,1.4481512087337318,0.0,2.2470635480084082,1
-1.1495623980963838,-1.0993323273573337,0.0,4.017304374050946,1
-1.1214248141389416,-1.4495045676037308,0.0,4.883583571557681,1
-0.13567981099432821,0.0,0.0,5.0,0
0.787598712547306,1.0050318545785826,0.0,1.9989417388669388,0
-1.1214248141389416,1.4481512087337318,0.0,2.3373327648854954,1
-1.1495623980963838,-1.159404528414128,0.0,5.965581993735455,1
-1.5485003349869826,-1.159404528414128,0.0,5.478927701692511,1
-1.0365358038448755,1.0223594674531358,0.0,2.027443704148273,0
-1.5485003349869826,1.4481512087337318,0.0,2.705985156409798,1
-1.1495623980963838,-1.4495045676037308,0.0,4.889910845111706,1
1.378166435913162,0.6689284619765181,0.0,2.0674209201192104,0
0.7167608454825536,0.2039076207860754,0.0,2.838472935558733,0
-1.1458991813774235,-1.4495045676037308,0.0,6.205996018648587,1
-1.5485003349869826,-1.1634084993085074,0.0,5.233447915084029,1
0.4949802524694769,0.9586831535244584,0.0,8.23055979924406,1
-0.344442734713578,0.0,0.0,5.0,1
-1.1214248141389416,-1.4495045676037308,0.0,5.673584566570258,1
0.6448273970616095,0.44482689775658646,0.0,8.242348813785503,1
-1.1458991813774235,0.955526228545644,0.0,2.6613032666995364,1
-0.9677212744122297,-1.4475948051420449,0.0,4.33185205861053,1
1.378166435913162,0.5651851877623054,0.0,8.512080860374965,1
-1.1214248141389416,-1.4495045676037308,0.0,4.57517724379098,1
-1.0065721153430545,-1.1489730771937903,0.0,4.747488063445429,1
0.639580171692575,1.4481512087337318,0.0,2.524256980384384,0
-1.5485003349869826,1.0195515707166167,0.0,2.781772505348159,1
-1.1458991813774235,1.4481512087337318,0.0,2.426636732139648,1
1.378166435913162,0.8385215690740073,0.0,1.9338862674399238,0
1.378166435913162,0.955526228545644,0.0,2.258609956601749,0
-1.1214248141389416,1.4481512087337318,0.0,2.474678838640045,1
1.378166435913162,0.8064660309596711,0.0,2.358056381119962,0
1.378166435913162,-0.9334706846748718,0.0,8.432577298730662,1
1.378166435913162,-0.2370424130644934,0.0,3.1511428730106466,0
-1.0858721948025927,-1.1072540633563843,0.0,5.537940433628494,1
1.378166435913162,-1.4495045676037308,0.0,4.160972067555816,1
0.7167608454825536,-1.4495045676037308,0.0,4.827081296834243,1
1.378166435913162,1.4481512087337318,0.0,8.345578657967696,1
-1.1458991813774235,1.4481512087337318,0.0,2.3978418575866014,1
-0.7097423229807032,0.08786187214878201,0.0,2.5874315686310907,0
1.378166435913162,-0.2605784537181145,0.0,8.377918651551571,1
1.378166435913162,0.955526228545644,0.0,2.2424420454648737,0
-0.9990116365219599,0.45024807499570557,0.0,2.5681557035615232,1
1.378166435913162,-0.36706159015571205,0.0,3.0237589987401017,0
0.7167608454825536,-1.1072540633563843,0.0,2.370923119553934,0
-0.9677212744122297,-1.1559598128387922,0.0,5.111560293007813,1
0.710370033396719,-0.7083202247764893,0.0,4.435893932693697,1
0.4949802524694769,1.0223594674531358,0.0,9.037805203238875,1
-1.0858721948025927,1.0050318545785826,0.0,2.181516825064391,0
0.639580171692575,0.42173437799289054,0.0,2.195067422820669,0
-1.1458991813774235,-0.9884953765624958,0.0,5.906109583879799,1
-1.5485003349869826,-1.4495045676037308,0.0,3.59848768724928,1
0.33537489103645635,-1.4427494637557696,0.0,4.432147714704434,1
1.378166435913162,0.529895899215817,0.0,7.952661220737694,1
0.4717016244952289,1.4480563147787553,0.0,2.176839670943621,0
1.378166435913162,1.4481512087337318,0.0,2.347677894097675,0
1.378166435913162,-1.1634084993085074,0.0,4.6148034642975855,1
0.4949802524694769,-1.4475948051420449,0.0,6.353863791430778,1
1.378166435913162,1.4481512087337318,0.0,2.8996362244863736,0
0.710370033396719,-0.8777867539816521,0.0,2.9498707003093783,0
0.4717016244952289,0.5367313535858427,0.0,1.8102139623071303,1
1.378166435913162,-1.4495045676037308,0.0,5.142655604041304,1
-1.5485003349869826,1.4481512087337318,0.0,2.4683169867042234,1
0.639580171692575,-0.8428762035051582,0.0,3.6897055363345066,1
0.639580171692575,0.955526228545644,0.0,2.2771204454625034,0
-0.9201040441601099,-1.0921457518280024,0.0,5.479280514395208,1
-1.5485003349869826,-1.4495045676037308,0.0,6.053849791969518,1
-1.0858721948025927,1.0195515707166167,0.0,2.010239517811034,1
-1.0245251369844965,0.7642578262122808,0.0,2.1396083540749244,1
-1.5485003349869826,-1.1634084993085074,0.0,5.106051704562317,1
-0.9387136791295414,1.0101649957432535,0.0,2.2781526982994986,1
-1.5485003349869826,-1.4495045676037308,0.0,5.69710530081529,1
0.710370033396719,-1.4495045676037308,0.0,4.699181203057611,1
-1.5485003349869826,0.8232191038966041,0.0,2.438547841750205,1
-1.5485003349869826,-1.4495045676037308,0.0,5.457689562806636,1
-1.0858721948025927,-1.4495045676037308,0.0,2.0977854692539863,1
-1.5485003349869826,-1.1072540633563843,0.0,4.12181537258853,1
1.378166435913162,-1.4495045676037308,0.0,5.059668863601233,1
1.378166435913162,0.955526228545644,0.0,2.0758523715169086,0
0.787598712547306,1.4481512087337318,0.0,2.530761661199965,0
0.787598712547306,-0.8075071519468092,0.0,3.035892472367293,1
0.639580171692575,-1.0993323273573337,0.0,4.853025861454708,1
-1.5485003349869826,1.4481512087337318,0.0,2.2554411146363043,1
0.7167608454825536,0.4838918902983728,0.0,8.368012153951282,1
-1.1458991813774235,0.5724624714600394,0.0,2.436691571465505,1
0.787598712547306,0.3880704603108811,0.0,8.219310676441166,1
-0.4754902981915362,0.0,0.0,5.0,0
0.639580171692575,0.9741350355957514,0.0,8.324697877271824,1
-1.0609486432407544,1.0223594674531358,0.0,2.1801628690974275,0
1.378166435913162,0.9741350355957514,0.0,1.956229645433058,0
-1.5485003349869826,-1.1072540633563843,0.0,2.3522003983965445,1
-0.9990116365219599,1.4480563147787553,0.0,2.21699915380601,1
1.378166435913162,0.9741350355957514,0.0,2.4445975128001733,0
1.378166435913162,0.4054298741621343,0.0,8.635298857046813,1
-1.0858721948025927,-0.9069748149647733,0.0,2.560107168791395,0
1.378166435913162,1.0050318545785826,0.0,2.4147704660603155,0
1.378166435913162,-0.9884953765624958,0.0,4.762595895827149,1
-1.1214248141389416,0.9741350355957514,0.0,2.2079212456750392,1
1.378166435913162,-1.4495045676037308,0.0,6.248684052916068,1
-1.5485003349869826,-1.0993323273573337,0.0,2.282907308097753,1
-1.5485003349869826,1.4481512087337318,0.0,1.905977771590392,1
-1.5485003349869826,-1.4495045676037308,0.0,5.814202733888516,1
-1.1214248141389416,-1.4495045676037308,0.0,5.958325902428564,1
-0.9304323319006259,-1.1524827308510952,0.0,4.821179444471653,1
-1.1458991813774235,0.44216136193174915,0.0,2.666854993690727,1
1.378166435913162,1.4481512087337318,0.0,2.16183563326867,0
1.378166435913162,1.4481512087337318,0.0,2.3759055590294444,0
0.787598712547306,-1.4495045676037308,0.0,4.912563001360591,1
-1.1458991813774235,-1.4495045676037308,0.0,4.650737894248735,1
0.2852437880134179,-1.0866698313507301,0.0,8.61091978613464,1
-0.9677212744122297,1.4480563147787553,0.0,3.620801470884441,0
0.49333107363031126,-1.4446998656154735,0.0,6.274373719114978,1
-1.5485003349869826,1.0050318545785826,0.0,2.382763743761338,1
-1.5485003349869826,-1.4495045676037308,0.0,6.209341949852611,1
0.7167608454825536,-1.1634084993085074,0.0,2.4575653477109425,0
1.378166435913162,0.9741350355957514,0.0,7.715869049672623,1
0.787598712547306,-1.4495045676037308,0.0,4.809478414984888,1
-1.5485003349869826,-1.159404528414128,0.0,3.922065052403947,1
1.378166435913162,1.4481512087337318,0.0,2.3122611826355,0
-1.5485003349869826,0.955526228545644,0.0,1.9537730450365804,1
0.639580171692575,0.9741350355957514,0.0,2.3196759460809195,0
0.639580171692575,0.955526228545644,0.0,7.698687087741032,1
1.378166435913162,0.5724624714600394,0.0,8.114541614439782,1
-1.5485003349869826,-1.159404528414128,0.0,5.471127555853115,1
-1.5485003349869826,0.23100589375200753,0.0,2.51211405850866,1
-1.0858721948025927,0.8385215690740073,0.0,2.0932092263375437,1
0.4192618061356813,-0.6162992176398566,0.0,3.8308805160591564,1
-1.5485003349869826,-1.4495045676037308,0.0,4.915339164355533,1
-1.5485003349869826,0.9741350355957514,0.0,1.9714513946732446,1
-1.5485003349869826,1.0195515707166167,0.0,2.5859750806952295,1
0.7167608454825536,1.4481512087337318,0.0,2.864069860801475,0
-1.5485003349869826,-1.0993323273573337,0.0,2.413587172787116,1
-1.1458991813774235,-1.1634084993085074,0.0,5.101548064084691,1
0.7167608454825536,0.9741350355957514,0.0,8.450749871791919,1
-1.1214248141389416,-1.1634084993085074,0.0,2.0885085735260835,1
0.6448273970616095,0.41505605969919995,0.0,7.773049287804641,1
-1.1214248141389416,-1.4495045676037308,0.0,5.926543688277903,1
-1.0858721948025927,-1.4495045676037308,0.0,5.652161919248193,1
-1.5485003349869826,-0.9108287659375035,0.0,2.3802650267666055,1
0.710370033396719,1.4481512087337318,0.0,2.050112453833256,0
-1.5485003349869826,0.6867253393757818,0.0,5.08262321768996,1
1.378166435913162,1.0050318545785826,0.0,2.020727996343264,0
0.639580171692575,0.9741350355957514,0.0,2.2906745614619397,0
-1.5485003349869826,-0.9851730539265872,0.0,2.4904255554572474,1
-1.5485003349869826,-1.159404528414128,0.0,4.354160867797752,1
0.710370033396719,1.4481512087337318,0.0,2.162073657471559,0
1.378166435913162,1.4481512087337318,0.0,2.028852968937206,0
-1.0858721948025927,1.4481512087337318,0.0,2.3105289735844123,0
-1.5485003349869826,-1.4495045676037308,0.0,5.038355105957793,1
-1.5485003349869826,-1.4495045676037308,0.0,4.166866663272074,1
0.49333107363031126,-0.8852709760552909,0.0,2.2544629867061414,0
0.787598712547306,-1.4495045676037308,0.0,8.553659047725276,1
0.24138603645596565,0.0,0.0,5.0,0
0.4949802524694769,0.42948257288192954,0.0,2.2316686910261025,0
0.7167608454825536,1.0195515707166167,0.0,2.7077481977186717,0
-1.5485003349869826,-1.4495045676037308,0.0,4.122225369912211,1
-1.5485003349869826,1.4481512087337318,0.0,2.569420956801857,1
1.378166435913162,-1.4495045676037308,0.0,6.698140439872596,1
-1.5485003349869826,0.7575476520511129,0.0,2.2970744966458305,1
-1.0858721948025927,-1.4495045676037308,0.0,6.348224423557584,1
-1.1495623980963838,0.5540466573460562,0.0,2.4610525533333636,1
0.787598712547306,1.4481512087337318,0.0,2.744499848781957,1
-1.5485003349869826,-1.1634084993085074,0.0,6.049844773217024,1
0.639580171692575,1.4481512087337318,0.0,2.385240531958796,0
0.787598712547306,1.4481512087337318,0.0,2.2574144568624206,0
0.7167608454825536,-1.0392061866553604,0.0,4.880517809145933,1
1.378166435913162,0.7070651099767193,0.0,8.460037112036945,1
-1.0462089020296135,0.9586831535244584,0.0,2.295727433084765,1
-1.1458991813774235,1.4481512087337318,0.0,2.380434530336867,1
-1.5485003349869826,0.8064660309596711,0.0,2.0409750385701426,1
-1.5485003349869826,-1.4495045676037308,0.0,5.864788049377724,1
0.6592797762866381,1.4480086517533537,0.0,2.343237160488208,0
-0.9677212744122297,0.5367313535858427,0.0,2.4579705794297837,1
-1.5485003349869826,0.5724624714600394,0.0,2.3255941629075636,1
0.787598712547306,0.9741350355957514,0.0,7.883605052722342,1
-1.5485003349869826,1.0050318545785826,0.0,2.3763922230611634,1
1.378166435913162,-0.8383489019766284,0.0,5.821136975007116,1
0.639580171692575,-1.4495045676037308,0.0,4.875478156658899,1
-1.1495623980963838,0.955526228545644,0.0,2.260851367231195,1
0.2887271515663942,-1.4427494637557696,0.0,5.9903593330165466,1
-1.0365358038448755,0.812015604530254,0.0,1.936167864592198,1
-1.1495623980963838,1.0050318545785826,0.0,2.1899103903336274,1
0.639580171692575,-1.4495045676037308,0.0,3.849587275326893,1
0.639580171692575,1.0050318545785826,0.0,2.9487938560385674,0
-1.1458991813774235,-1.159404528414128,0.0,2.8333425443446143,1
-1.1495623980963838,0.9741350355957514,0.0,2.327587415211471,1
-1.1214248141389416,1.4481512087337318,0.0,1.9945995598167794,0
0.710370033396719,0.6829522445306385,0.0,2.379324176902588,0
-1.1458991813774235,-0.9069748149647733,0.0,4.31453972564756,1
-1.1495623980963838,0.529895899215817,0.0,4.1156778607155475,1
-1.5485003349869826,-1.0993323273573337,0.0,4.466739093917984,1
-1.5485003349869826,0.5724624714600394,0.0,2.5447489209318865,1
1.378166435913162,1.4481512087337318,0.0,2.370222574434,0
-1.1214248141389416,-1.4495045676037308,0.0,6.166743786122235,1
1.378166435913162,1.4481512087337318,0.0,2.03142839498576,0
0.6448273970616095,1.0088946071464964,0.0,2.190956547333296,0
-1.1214248141389416,-0.9205331774008391,0.0,4.78333658238647,1
-1.1495623980963838,-1.0993323273573337,0.0,4.444299757123666,1
1.378166435913162,-0.956939848112948,0.0,2.6966788019684773,0
-1.1495623980963838,-1.4495045676037308,0.0,3.975555385882627,1
-1.1495623980963838,-1.1072540633563843,0.0,5.6473895727131325,1
-1.1458991813774235,0.43386891187933424,0.0,2.1946780614075356,1
-1.1214248141389416,-1.4495045676037308,0.0,6.249142239542323,1
-1.0858721948025927,-0.9114997419148064,0.0,4.165838422743807,1
-1.1458991813774235,0.955526228545644,0.0,2.143865508375062,0
-1.1495623980963838,-1.0993323273573337,0.0,2.68577131679763,1
0.710370033396719,1.0195515707166167,0.0,3.0515778379390617,0
0.7167608454825536,-1.159404528414128,0.0,4.47859835033313,1
1.378166435913162,-1.0993323273573337,0.0,4.869456201465512,1
-1.1495623980963838,-1.1634084993085074,0.0,4.240738671042171,1
1.378166435913162,1.4481512087337318,0.0,2.337474435014674,0
-1.1458991813774235,-1.1634084993085074,0.0,5.388190268921474,1
-1.5485003349869826,1.4481512087337318,0.0,2.602314836411743,1
0.710370033396719,0.3956431603655419,0.0,8.739536742901338,1
-1.0245251369844965,-1.4475948051420449,0.0,4.973242012738847,1
-1.1495623980963838,-1.4495045676037308,0.0,5.1132824996403725,1
1.378166435913162,-1.159404528414128,0.0,2.1054998787152432,0
1.378166435913162,-1.159404528414128,0.0,3.2165281605613893,0
-1.1458991813774235,-1.4495045676037308,0.0,3.7562399875327643,1
0.710370033396719,-1.4495045676037308,0.0,5.390499182150451,1
-1.5485003349869826,-1.1072540633563843,0.0,5.0474764954541405,1
0.639580171692575,-1.159404528414128,0.0,4.562497442238858,1
0.787598712547306,0.5724624714600394,0.0,2.7295407740567237,0
0.710370033396719,1.4481512087337318,0.0,2.624709216484709,0
0.639580171692575,0.9741350355957514,0.0,2.556613352375225,0
0.6592797762866381,0.9602430705187611,0.0,8.379957885644787,1
0.639580171692575,1.4481512087337318,0.0,2.278185414936423,0
0.3749116751415813,1.4476709157561762,0.0,2.4229265750280278,0
-1.1458991813774235,0.955526228545644,0.0,2.3405513684569277,1
-1.1214248141389416,-0.2273479200481835,0.0,2.778583903954603,1
-1.0462089020296135,0.812015604530254,0.0,2.107675918199516,0
-1.5485003349869826,0.8064660309596711,0.0,1.9194028981737061,1
0.710370033396719,1.4481512087337318,0.0,2.3108340114970716,0
0.710370033396719,0.7575476520511129,0.0,2.561425695556469,0
-1.1495623980963838,1.0050318545785826,0.0,2.6776865066931927,0
-1.0245251369844965,-1.0957553480603646,0.0,8.855013370121867,1
-1.0858721948025927,0.9741350355957514,0.0,2.225005595232104,1
-1.1214248141389416,-1.159404528414128,0.0,3.839470513032751,1
1.378166435913162,1.0050318545785826,0.0,2.1308670701819614,0
0.787598712547306,-1.4495045676037308,0.0,6.89930439068554,1
0.787598712547306,0.9741350355957514,0.0,7.802970294572059,1
-1.5485003349869826,-1.4495045676037308,0.0,5.217195919660874,1
-1.1214248141389416,-1.1072540633563843,0.0,2.787897284433291,1
0.3005411708845253,-0.7285185109145378,0.0,4.298125104613344,1
-1.1214248141389416,1.4481512087337318,0.0,2.5094467859818277,0
-1.1214248141389416,1.4481512087337318,0.0,2.551838556466609,1
1.378166435913162,0.5724624714600394,0.0,2.2001297984020924,0
0.787598712547306,-1.4495045676037308,0.0,6.336926561557176,1
-1.5485003349869826,-0.8827557389669104,0.0,4.5679631480856155,1
-1.1214248141389416,0.955526228545644,0.0,2.1363724093664564,1
1.378166435913162,0.955526228545644,0.0,2.3857548079599113,0
-1.0858721948025927,1.0195515707166167,0.0,2.3732509616020794,1
-1.1214248141389416,-1.1634084993085074,0.0,5.347071634249839,1
-1.1495623980963838,1.4481512087337318,0.0,2.343282771118987,1
-1.1458991813774235,-1.4495045676037308,0.0,6.491648837046601,1
-1.5485003349869826,1.4481512087337318,0.0,2.763581482443743,1
-0.0901945290104643,0.0,0.0,5.0,1
0.7167608454825536,-0.23056730411059476,0.0,8.54724805800104,1
-0.9990116365219599,-1.4475948051420449,0.0,6.515530274283821,1
0.4458790393655114,0.9824732296713169,0.0,2.419136957219563,0
-1.1214248141389416,1.0195515707166167,0.0,2.347281270421246,1
0.710370033396719,0.955526228545644,0.0,2.2394015076087044,0
0.4316848229639746,-0.2456554536627769,0.0,2.4207849369215544,0
-1.1214248141389416,0.955526228545644,0.0,1.8124724375970167,1
1.378166435913162,0.3330108026168031,0.0,8.524526031005752,1
1.378166435913162,0.9741350355957514,0.0,1.8215057719936312,0
-0.9448395840746106,0.5829583038906777,0.0,2.0694471982859906,0
-1.5485003349869826,1.4481512087337318,0.0,2.2244594310065975,1
-1.5485003349869826,0.5724624714600394,0.0,2.007511090227927,1
-1.5485003349869826,0.9741350355957514,0.0,2.5813936201209007,1
0.710370033396719,0.9741350355957514,0.0,2.0961695932778603,0
1.378166435913162,1.4481512087337318,0.0,2.003849646115799,0
-1.5485003349869826,0.8064660309596711,0.0,2.5476541977204414,1
-1.1214248141389416,0.05808727096059329,0.0,2.8921605353845505,1
0.787598712547306,-1.159404528414128,0.0,4.450349255771926,1
0.7167608454825536,-1.159404528414128,0.0,4.41036909750451,1
0.787598712547306,-1.4495045676037308,0.0,1.850019977532307,0
-1.5485003349869826,-1.4495045676037308,0.0,5.251329529328306,1
1.378166435913162,1.0195515707166167,0.0,2.3198482914386678,0
-1.1214248141389416,1.4481512087337318,0.0,1.9450782373292792,1
0.7167608454825536,1.0195515707166167,0.0,2.686503069605089,0
1.378166435913162,0.9741350355957514,0.0,8.014105244978332,1
-0.1189843834976628,0.0,0.0,5.0,0
1.378166435913162,0.24334556855443448,0.0,2.5475886636732747,0
-1.5485003349869826,-0.20600311023608892,0.0,2.315783237075446,0
-1.5485003349869826,0.9741350355957514,0.0,2.118153844672333,1
1.378166435913162,-0.8148782881735727,0.0,2.365441782614036,0
1.378166435913162,1.4481512087337318,0.0,2.3664045020750644,0
-1.5485003349869826,1.4481512087337318,0.0,2.1071774065014117,1
-1.1214248141389416,0.7575476520511129,0.0,8.058766339408514,1
-1.5485003349869826,0.7575476520511129,0.0,1.8698329675347936,1
0.710370033396719,1.0195515707166167,0.0,2.7395175392446802,0
-1.5485003349869826,1.4481512087337318,0.0,2.4880616995435263,0
-1.1458991813774235,1.4481512087337318,0.0,2.024840095466327,1
1.378166435913162,1.4481512087337318,0.0,2.6811888278386102,0
-1.1458991813774235,-1.4495045676037308,0.0,5.843362107207749,1
0.787598712547306,1.0050318545785826,0.0,2.685932623594935,0
1.378166435913162,-0.2476823205485329,0.0,3.049528575421469,0
-1.1214248141389416,1.4481512087337318,0.0,2.716358918340358,1
-1.0609486432407544,1.0076156727753416,0.0,2.0992379483645465,1
-1.5485003349869826,-1.4495045676037308,0.0,4.249432608915758,1
0.7167608454825536,0.46553831553874814,0.0,8.62810144382093,1
-1.5485003349869826,-1.4495045676037308,0.0,5.033224522304485,1
1.378166435913162,0.8232191038966041,0.0,8.625508596197227,1
-1.1214248141389416,-1.4495045676037308,0.0,5.314166306102651,1
-1.0858721948025927,1.4481512087337318,0.0,2.3559308725569403,1
1.378166435913162,-1.1634084993085074,0.0,4.250929224007936,1
1.378166435913162,-1.4495045676037308,0.0,5.821196454362908,1
-1.1214248141389416,-1.159404528414128,0.0,2.474539486933589,1
-0.9387136791295414,-1.1524827308510952,0.0,5.896777315093381,1
-1.1458991813774235,-1.0993323273573337,0.0,5.967738191649266,1
-1.1495623980963838,-0.9884953765624958,0.0,4.41209627396553,1
0.787598712547306,0.43386891187933424,0.0,2.26640363282347,0
-1.5485003349869826,-1.1634084993085074,0.0,5.197907210817913,1
-1.5485003349869826,-1.159404528414128,0.0,5.575622144565985,1
-1.5485003349869826,-1.0993323273573337,0.0,4.778285441571832,1
-1.5485003349869826,0.955526228545644,0.0,2.4989517292919627,1
1.378166435913162,-1.1634084993085074,0.0,4.413336978063345,1
-1.5485003349869826,-1.0993323273573337,0.0,6.239826749022601,1
-0.40117505177043555,0.0,0.0,5.0,1
-1.1214248141389416,-1.4495045676037308,0.0,3.9292484218037167,1
-1.1214248141389416,-1.0993323273573337,0.0,4.918788544994885,1
0.639580171692575,0.955526228545644,0.0,1.9320242722382202,0
-1.1214248141389416,0.44418409576762885,0.0,2.384932079254462,1
-0.9448395840746106,0.8175027635112309,0.0,2.1050403078477165,1
-1.5485003349869826,-1.159404528414128,0.0,4.35781297417705,1
1.378166435913162,1.4481512087337318,0.0,2.035727054346799,0
-1.1458991813774235,-1.159404528414128,0.0,4.909412443016488,1
-1.1214248141389416,1.0195515707166167,0.0,2.7628469744028212,1
0.3857194089996389,-1.0811196073324865,0.0,3.5733075049857783,0
-1.0858721948025927,1.4481512087337318,0.0,1.8042027730072623,1
1.378166435913162,-1.159404528414128,0.0,5.182193014576905,1
-1.5485003349869826,1.0050318545785826,0.0,2.4813881030402705,1
0.7167608454825536,1.0195515707166167,0.0,2.079072715018719,0
-1.1214248141389416,1.4481512087337318,0.0,2.4434474412813323,0
-1.0858721948025927,1.4481512087337318,0.0,2.422469939434735,1
1.378166435913162,-1.159404528414128,0.0,2.9163902912436823,0
-1.5485003349869826,1.4481512087337318,0.0,2.331156711206317,1
0.710370033396719,-1.0993323273573337,0.0,2.8418051328904164,0
0.710370033396719,1.4481512087337318,0.0,2.764583240318526,0
0.787598712547306,1.0195515707166167,0.0,2.485281621735848,1
-1.5485003349869826,0.9741350355957514,0.0,2.5295328273299984,1
-1.5485003349869826,1.4481512087337318,0.0,2.295785010521965,1
-1.5485003349869826,-1.159404528414128,0.0,1.9447816663959432,1
0.710370033396719,0.048637070445717745,0.0,8.509749394553506,1
1.378166435913162,-0.03205867932444942,0.0,2.360946543429641,0
-1.5485003349869826,-1.159404528414128,0.0,4.210421998146317,1
0.4388264724766153,0.5855577899866259,0.0,2.566167371694361,0
-1.1495623980963838,-1.4495045676037308,0.0,5.718839503918014,1
-1.5485003349869826,0.7070651099767193,0.0,2.5713653719538128,1
-1.0858721948025927,-1.1072540633563843,0.0,4.617612027416952,1
-1.5485003349869826,-0.3843722299780383,0.0,2.5036077749556376,1
-1.5485003349869826,1.0195515707166167,0.0,2.6298653406426604,1
-1.0858721948025927,-0.9069748149647733,0.0,2.545706007574233,1
1.378166435913162,-1.4495045676037308,0.0,5.0123699141979055,1
-0.9990116365219599,0.5367313535858427,0.0,8.255882711155417,1
1.378166435913162,1.4481512087337318,0.0,2.069277136331442,0
-1.1214248141389416,0.7575476520511129,0.0,2.340847009379114,1
-1.1214248141389416,0.529895899215817,0.0,2.56480201705824,1
-1.5485003349869826,0.024121313388617626,0.0,2.4117519201775015,1
0.639580171692575,1.0195515707166167,0.0,8.282912714063992,1
-1.5485003349869826,-1.4495045676037308,0.0,6.503730157570345,1
-1.5485003349869826,1.4481512087337318,0.0,2.2803181810907702,1
-1.1458991813774235,-1.4495045676037308,0.0,4.114855274836171,1
-1.1214248141389416,0.955526228545644,0.0,2.1287667611417294,1
0.710370033396719,-0.26671547521666894,0.0,3.2013646828457554,0
0.787598712547306,0.5724624714600394,0.0,2.180113270154251,0
0.7167608454825536,1.4481512087337318,0.0,1.9929521129699679,0
0.787598712547306,1.4481512087337318,0.0,8.41005638310588,1
-1.0245251369844965,1.4480563147787553,0.0,2.4089782122724297,1
0.787598712547306,0.8232191038966041,0.0,2.258812479887882,0
-1.0858721948025927,-1.4495045676037308,0.0,4.160724425517759,1
-1.1214248141389416,1.4481512087337318,0.0,2.715345238482633,1
1.378166435913162,1.4481512087337318,0.0,2.2139562422613297,0
1.378166435913162,0.36572756144750335,0.0,9.017651131542374,1
0.33493193953728834,1.4476709157561762,0.0,2.6105079806717297,0
-1.5485003349869826,1.0195515707166167,0.0,2.8523784045706044,1
-1.5485003349869826,-1.4495045676037308,0.0,6.381360759410285,1
0.3005411708845253,1.4478165439220947,0.0,2.3778902455198687,0
-1.5485003349869826,1.4481512087337318,0.0,2.6788437185705125,1
-1.5485003349869826,-1.159404528414128,0.0,5.742358307765256,1
-1.0858721948025927,-0.9007725365746757,0.0,8.73565908426457,1
-0.45205955621697613,0.0,0.0,5.0,1
-1.0858721948025927,-1.1072540633563843,0.0,6.475477814330444,1
-1.1495623980963838,-1.4495045676037308,0.0,5.488168139065878,1
-1.5485003349869826,-1.4495045676037308,0.0,5.281344760846473,1
-1.1458991813774235,1.4481512087337318,0.0,2.4130160236531895,1
0.787598712547306,0.9741350355957514,0.0,8.023326465527902,1
0.710370033396719,0.8385215690740073,0.0,2.405516868825354,0
-1.1495623980963838,1.4481512087337318,0.0,2.5202241347938847,1
-1.0365358038448755,-1.4475948051420449,0.0,5.1524613455247925,1
0.710370033396719,-1.4495045676037308,0.0,5.312499541669443,1
-1.5485003349869826,1.4481512087337318,0.0,2.2925160675907668,1
0.6592797762866381,-1.446633885787977,0.0,5.550168101397858,1
0.639580171692575,1.0195515707166167,0.0,2.125216921031685,0
-0.8149937050591721,1.0151626140383598,0.0,2.8399937808887143,1
-1.0858721948025927,1.4481512087337318,0.0,1.9927657649556392,1
-1.0858721948025927,-1.1634084993085074,0.0,4.496273671281903,1
0.639580171692575,1.4481512087337318,0.0,2.37723255626058,0
-1.1214248141389416,-1.4495045676037308,0.0,5.656815755552907,1
1.378166435913162,0.27383819598746845,0.0,2.681016319625589,0
0.7167608454825536,-0.724124384927564,0.0,3.2025839613771367,0
-1.1458991813774235,0.9741350355957514,0.0,1.9837895963945138,0
1.378166435913162,0.5724624714600394,0.0,8.242420025484813,1
0.7167608454825536,-1.0993323273573337,0.0,5.981008365023115,1
1.378166435913162,0.3025381064211358,0.0,2.510144254621163,0
1.378166435913162,0.8232191038966041,0.0,2.483917828231783,0
0.639580171692575,0.35726796640891245,0.0,8.679309726897039,1
0.710370033396719,1.4481512087337318,0.0,1.867615818266358,0
-1.0462089020296135,-1.4475948051420449,0.0,5.487648622994098,1
0.45999343552932154,0.5615222605787348,0.0,7.882141961457807,1
-1.1214248141389416,0.7027526598328396,0.0,2.1651946887797657,1
-1.1458991813774235,0.8385215690740073,0.0,2.438111706049031,1
-1.0858721948025927,-1.4495045676037308,0.0,5.43157689421049,1
-1.5485003349869826,-1.4495045676037308,0.0,5.634427728169741,1
0.7167608454825536,0.5724624714600394,0.0,2.1609640573896183,0
1.378166435913162,1.4481512087337318,0.0,2.28036198473736,0
0.7167608454825536,-1.1072540633563843,0.0,2.0781506346253353,0
0.787598712547306,-1.1072540633563843,0.0,4.6462662990303505,1
1.378166435913162,-1.0993323273573337,0.0,8.21443705901765,1
1.378166435913162,-1.4495045676037308,0.0,5.150867850047664,1
-0.9689732326353205,0.9617908024981108,0.0,2.2093133112869237,1
0.4949802524694769,0.5367313535858427,0.0,8.861957542975066,1
0.710370033396719,0.4838918902983728,0.0,2.280321792530039,0
-1.0858721948025927,-1.4495045676037308,0.0,4.579907924259456,1
-1.5485003349869826,-1.4495045676037308,0.0,4.365533366438281,1
-0.8862565702348171,0.964850235459259,0.0,2.555331985878172,0
0.2828274059089678,-1.4427494637557696,0.0,6.485005098449619,1
0.7167608454825536,1.4481512087337318,0.0,2.71438827474031,0
-1.5485003349869826,-1.4495045676037308,0.0,5.1696933439609465,1
-0.284750836914325,0.0,0.0,5.0,0
0.639580171692575,0.955526228545644,0.0,1.800524137493716,0
1.378166435913162,0.9741350355957514,0.0,8.23420587359998,1
-1.1495623980963838,-1.1634084993085074,0.0,4.946811262650743,1
-1.5485003349869826,-0.010701934487914636,0.0,2.9666195925337666,1
-1.5485003349869826,0.5752176024507784,0.0,2.3594428446860425,1
0.710370033396719,0.004251597189175681,0.0,2.3246126887296166,0
0.32163879325296507,-1.4427494637557696,0.0,3.8336682340770167,1
-1.5485003349869826,-1.4495045676037308,0.0,5.65452180285291,1
-0.10009380531936897,0.0,0.0,5.0,1
-1.1495623980963838,-1.4495045676037308,0.0,5.4009453466653055,1
1.378166435913162,-1.4495045676037308,0.0,4.748753237301844,1
-1.1214248141389416,-1.159404528414128,0.0,3.8100562002618714,1
-1.1214248141389416,-1.4495045676037308,0.0,5.505889762162602,1
-1.1458991813774235,0.5724624714600394,0.0,2.469592571477828,1
0.7167608454825536,-1.4495045676037308,0.0,3.331158522002256,0
1.378166435913162,0.6867253393757818,0.0,2.62059054241994,0
1.378166435913162,-1.4495045676037308,0.0,4.68400971194704,1
-1.5485003349869826,0.9741350355957514,0.0,2.0475870237396987,1
0.639580171692575,-0.9884953765624958,0.0,8.152712899221516,1
0.787598712547306,1.0050318545785826,0.0,2.565159845891893,0
0.7167608454825536,0.5724624714600394,0.0,1.7656003155539317,0
-1.1458991813774235,-0.9851730539265872,0.0,4.824381495894523,1
0.710370033396719,-1.4495045676037308,0.0,8.287465311935346,1
-1.1495623980963838,-0.9880355100044224,0.0,3.6396618921493102,1
-1.1214248141389416,-1.4495045676037308,0.0,5.236151189333921,1
-1.1495623980963838,0.8064660309596711,0.0,2.3560682200514047,1
1.378166435913162,0.8232191038966041,0.0,2.145310068888341,0
-0.9689732326353205,-1.445668912944812,0.0,6.106685964775986,1
-1.5485003349869826,1.4481512087337318,0.0,2.1700331370636348,1
1.378166435913162,-1.4495045676037308,0.0,8.279176921697111,1
0.7167608454825536,0.4551209749426044,0.0,8.269405627684018,1
1.378166435913162,-1.4495045676037308,0.0,4.794326328155236,1
0.710370033396719,1.0050318545785826,0.0,2.4709909842596196,0
-1.5485003349869826,1.0050318545785826,0.0,2.225991459984864,1
0.787598712547306,1.0050318545785826,0.0,2.053129312469133,0
-1.5485003349869826,-1.4495045676037308,0.0,6.231739965849709,1
-1.5485003349869826,0.5724624714600394,0.0,2.526025387147699,1
1.378166435913162,1.4481512087337318,0.0,1.723367925156548,0
1.378166435913162,-0.9493349264333149,0.0,5.098406105602351,1
1.378166435913162,1.4481512087337318,0.0,2.7071589335712507,0
1.378166435913162,-0.9108287659375035,0.0,8.60963070629676,1
1.378166435913162,-0.9054217075594011,0.0,4.421096335852627,1
-0.48080963652480385,0.0,0.0,5.0,0
-1.1458991813774235,1.4481512087337318,0.0,2.465533969747951,1
1.378166435913162,-1.4495045676037308,0.0,5.052396502732862,1
-1.1214248141389416,1.4481512087337318,0.0,2.398339667421614,1
-1.5485003349869826,-1.4495045676037308,0.0,5.847085343689142,1
0.4412539177258257,0.12786602743081282,0.0,2.7341638700901925,0
-1.5485003349869826,0.7027526598328396,0.0,2.478400048152423,1
-1.0245251369844965,0.19625229396304306,0.0,8.801308693081124,1
1.378166435913162,-1.4495045676037308,0.0,6.004413368469314,1
-1.5485003349869826,1.0050318545785826,0.0,2.75366721568458,1
1.378166435913162,0.9741350355957514,0.0,7.97445101434284,1
0.710370033396719,0.955526228545644,0.0,2.457255782712757,0
-1.5485003349869826,0.7575476520511129,0.0,2.1903209216647923,1
-0.9677212744122297,1.4480563147787553,0.0,2.9551517657732647,1
-1.5485003349869826,0.5651851877623054,0.0,2.898207832371745,1
-1.0858721948025927,0.8385215690740073,0.0,2.155734729435742,1
-1.0365358038448755,-1.0957553480603646,0.0,5.06228149987793,1
0.43333657436964573,1.0114269153682998,0.0,2.275724261452059,0
0.6448273970616095,0.5803490267696828,0.0,8.637183299927141,1
-1.5485003349869826,-0.9185058343509008,0.0,3.6821342787878315,1
-1.5485003349869826,1.4481512087337318,0.0,2.1407655349940065,1
-1.1495623980963838,-1.4495045676037308,0.0,5.698378245007574,1
-1.5485003349869826,1.4481512087337318,0.0,2.278549143423658,1
-0.9990116365219599,0.5777299603435586,0.0,2.6246533142930257,1
0.710370033396719,0.529895899215817,0.0,8.221280675303,1
-1.0365358038448755,-0.8908759313040558,0.0,5.662821275915471,1
-1.5485003349869826,0.955526228545644,0.0,1.972539663319013,1
-1.1214248141389416,-0.9434132313755512,0.0,5.363037268418259,1
0.4717016244952289,1.0076156727753416,0.0,2.6116599825996616,0
-1.1458991813774235,0.6829522445306385,0.0,2.3662533187463577,1
1.378166435913162,-0.9334706846748718,0.0,4.091489943798506,1
-1.1458991813774235,1.4481512087337318,0.0,2.2147302921066307,1
-1.0858721948025927,-1.4495045676037308,0.0,4.951144286606576,1
-1.0858721948025927,-1.4495045676037308,0.0,4.185016423301461,1
-0.9201040441601099,1.447960843819446,0.0,2.380960496990176,1
0.639580171692575,0.7070651099767193,0.0,2.435473302413291,0
-1.1214248141389416,-0.8111216402130308,0.0,4.320732841533768,1
-1.5485003349869826,-1.1072540633563843,0.0,6.156911947182794,1
0.30453209528972,0.2640940083483485,0.0,2.306218573797358,0
1.378166435913162,-1.4495045676037308,0.0,4.920931829837052,1
-1.0858721948025927,-1.4495045676037308,0.0,4.271234834685887,1
-1.5485003349869826,1.4481512087337318,0.0,2.591458590366079,1
0.7167608454825536,-1.4495045676037308,0.0,5.19562705986863,1
-1.5485003349869826,1.0050318545785826,0.0,2.268528391034639,1
-1.5485003349869826,-1.4495045676037308,0.0,6.217021998760757,1
-0.28856978929988863,0.0,0.0,5.0,0
-1.1214248141389416,-1.0993323273573337,0.0,4.015248364365929,1
0.639580171692575,-1.0993323273573337,0.0,8.895083453171406,1
-1.1495623980963838,-1.1072540633563843,0.0,5.122056075516784,1
0.639580171692575,-1.4495045676037308,0.0,6.206026627524854,1
1.378166435913162,-1.0993323273573337,0.0,5.773640179959993,1
1.378166435913162,0.9741350355957514,0.0,1.9916874329263226,0
0.457916959072592,1.4479128903145995,0.0,8.017881539601836,1
0.4717016244952289,1.4480563147787553,0.0,2.6454667471729527,0
1.378166435913162,1.0195515707166167,0.0,1.8656977119827416,0
-1.5485003349869826,-1.4495045676037308,0.0,5.271107098597469,1
1.378166435913162,-1.159404528414128,0.0,4.672971393132245,1
-1.5485003349869826,-0.8075071519468092,0.0,4.6908723284773215,1
-1.1458991813774235,0.2595865935108717,0.0,2.4862836636363763,1
-1.1495623980963838,1.0195515707166167,0.0,2.822807545884073,1
-1.1495623980963838,-1.1634084993085074,0.0,4.249582661390657,1
1.378166435913162,1.0195515707166167,0.0,2.746248983828744,0
1.378166435913162,1.0195515707166167,0.0,2.296349656130132,0
-1.1495623980963838,-1.4495045676037308,0.0,5.222285385945924,1
-1.1214248141389416,0.6689284619765181,0.0,3.023870134994027,0
-1.0245251369844965,-1.4475948051420449,0.0,3.7851788689206574,1
1.378166435913162,1.4481512087337318,0.0,2.539891199109826,0
-1.1495623980963838,0.5724624714600394,0.0,2.0680120242098363,1
-1.5485003349869826,0.955526228545644,0.0,2.5820350963162575,1
-1.1495623980963838,-1.4495045676037308,0.0,6.380217017280794,1
0.7167608454825536,-1.0993323273573337,0.0,8.200196709938268,1
-1.0462089020296135,0.45024807499570557,0.0,2.317682526814448,0
1.378166435913162,-1.159404528414128,0.0,6.736533856325648,1
-1.5485003349869826,-1.4495045676037308,0.0,5.443497327791431,1
-1.1495623980963838,-1.1634084993085074,0.0,4.151277582379974,1
1.378166435913162,0.9741350355957514,0.0,2.5011334573106927,0
-1.0858721948025927,-1.4495045676037308,0.0,4.4127110865505905,1
-1.0609486432407544,1.4480563147787553,0.0,1.9113077554724187,1
0.787598712547306,-1.4495045676037308,0.0,4.581251719159622,1
0.7167608454825536,0.955526228545644,0.0,2.2723972514128943,0
-1.1214248141389416,0.38647727700336365,0.0,2.330450380674164,1
0.7167608454825536,1.4481512087337318,0.0,2.443540897653855,0
1.378166435913162,-0.2518022229619819,0.0,2.9543583756128893,0
-1.5485003349869826,1.4481512087337318,0.0,2.361064673319465,1
1.378166435913162,0.6689284619765181,0.0,8.396786663361498,1
0.787598712547306,1.0050318545785826,0.0,2.163043152382758,0
1.378166435913162,1.4481512087337318,0.0,2.111885121916731,0
-1.5485003349869826,0.5724624714600394,0.0,2.6309436188870876,1
1.378166435913162,1.4481512087337318,0.0,2.17948092946186,0
1.378166435913162,0.3956431603655419,0.0,2.271431170310048,0
-1.5485003349869826,0.8064660309596711,0.0,2.5597254117930537,1
-1.5485003349869826,1.4481512087337318,0.0,2.637766061768708,1
0.639580171692575,1.4481512087337318,0.0,2.172217634832831,1
0.639580171692575,-0.01403657872612981,0.0,8.686585996083606,1
1.378166435913162,-1.1634084993085074,0.0,8.204513512620139,1
0.639580171692575,1.4481512087337318,0.0,8.360294325819055,1
-0.6008470185864132,0.0,0.0,5.0,0
-1.5485003349869826,-1.4495045676037308,0.0,6.389105153896257,1
0.639580171692575,-1.4495045676037308,0.0,6.538965406066159,1
0.7167608454825536,-0.8148782881735727,0.0,2.6093614761208217,0
-1.5485003349869826,-1.4495045676037308,0.0,4.775023965575297,1
-1.5485003349869826,-0.9884953765624958,0.0,5.069880531391919,1
-0.009732571914163794,0.0,0.0,5.0,0
1.378166435913162,0.8064660309596711,0.0,8.105908717984246,1
1.378166435913162,1.4481512087337318,0.0,2.18592093341182,0
1.378166435913162,0.4807014267588455,0.0,2.4673495224003203,0
1.378166435913162,1.0195515707166167,0.0,2.549052658289723,0
1.378166435913162,-1.4495045676037308,0.0,4.872863939527191,1
1.378166435913162,0.955526228545644,0.0,2.662781457343023,0
-1.1458991813774235,-1.4495045676037308,0.0,4.392733387438018,1
0.7167608454825536,-1.4495045676037308,0.0,4.599454976114077,1
1.378166435913162,0.3050403182454916,0.0,9.229040554935118,1
-1.0858721948025927,0.9741350355957514,0.0,2.2037675254901914,1
-1.1214248141389416,-1.159404528414128,0.0,4.389888184631836,1
0.710370033396719,-0.3503359051471535,0.0,8.757856548862916,1
1.378166435913162,-0.3728527707776713,0.0,2.8326725062306046,0
-1.5485003349869826,-1.0993323273573337,0.0,5.644076473045788,1
-1.0245251369844965,-1.0957553480603646,0.0,6.390368118836784,1
-1.0858721948025927,-1.4495045676037308,0.0,3.9615317115855055,1
-1.0858721948025927,-1.4495045676037308,0.0,5.239429762575995,1
1.378166435913162,1.4481512087337318,0.0,2.2543896143400786,0
1.378166435913162,0.955526228545644,0.0,7.772215496063263,1
-1.1495623980963838,-1.4495045676037308,0.0,5.924100530067551,1
-1.5485003349869826,-1.4495045676037308,0.0,5.82809029873769,1
-1.5485003349869826,-1.0993323273573337,0.0,4.111992386258297,1
-1.5485003349869826,-1.4495045676037308,0.0,7.037141414211196,1
-0.9990116365219599,-1.4475948051420449,0.0,4.594932082583805,1
1.378166435913162,-1.4495045676037308,0.0,6.406556514199138,1
-1.5485003349869826,0.44216136193174915,0.0,2.134077706661663,1
-1.1214248141389416,-0.24169891339957564,0.0,2.6043711530773432,1
0.18477404308178522,0.0,0.0,5.0,0
1.378166435913162,-0.9108287659375035,0.0,4.007992877976105,1
-0.9990116365219599,0.9586831535244584,0.0,2.2591060518374952,1
1.378166435913162,0.7575476520511129,0.0,2.3883681132391854,0
0.46413006142910557,-0.8955785304330459,0.0,2.305636275576089,0
0.787598712547306,0.529895899215817,0.0,2.117883895730393,0
1.378166435913162,-0.9108287659375035,0.0,4.288041535502066,1
-1.1495623980963838,1.0195515707166167,0.0,2.347699372507547,1
-1.1458991813774235,-1.4495045676037308,0.0,4.8733969427714054,1
0.4949802524694769,-1.4475948051420449,0.0,4.4924621565567096,1
1.378166435913162,1.0195515707166167,0.0,2.3669800502837575,0
-1.0609486432407544,1.4480563147787553,0.0,2.376765564253949,1
-1.5485003349869826,-1.1634084993085074,0.0,5.126822697464981,1
0.787598712547306,-1.0993323273573337,0.0,5.6122140531878735,1
0.4717016244952289,0.9775140375569451,0.0,2.0033003668212293,0
-1.1495623980963838,-1.4495045676037308,0.0,5.129421797889844,1
1.378166435913162,0.5724624714600394,0.0,2.2767333492565838,0
-1.5485003349869826,1.4481512087337318,0.0,1.9469351663676102,1
-1.1214248141389416,1.4481512087337318,0.0,2.5168694589079337,0
-1.5485003349869826,-0.9748261461241087,0.0,5.031103397678652,1
1.378166435913162,0.955526228545644,0.0,2.063331077777376,0
0.710370033396719,0.955526228545644,0.0,8.435679768394275,1
0.639580171692575,0.9741350355957514,0.0,1.968620822368738,0
0.639580171692575,-1.4495045676037308,0.0,5.603770340400155,1
-1.5485003349869826,1.4481512087337318,0.0,2.22535748621495,1
0.787598712547306,1.0195515707166167,0.0,8.144112658936741,1
-1.5485003349869826,0.9741350355957514,0.0,2.116120698346883,1
1.378166435913162,1.0195515707166167,0.0,1.8549409360552862,0
-1.0245251369844965,1.4480563147787553,0.0,2.633461719710047,1
-1.1214248141389416,-1.0993323273573337,0.0,4.866377748970368,1
1.378166435913162,0.4838918902983728,0.0,2.1583867610409007,0
-1.1458991813774235,-1.4495045676037308,0.0,6.325871550457107,1
-1.1214248141389416,1.0195515707166167,0.0,2.3937305034136944,1
-1.1458991813774235,-0.9884953765624958,0.0,4.076749913257943,1
1.378166435913162,1.4481512087337318,0.0,2.5123249848397062,0
0.710370033396719,-0.8049253540728559,0.0,8.834020178144053,1
-0.9677212744122297,-1.4475948051420449,0.0,5.844949690587263,1
-1.1495623980963838,-1.4495045676037308,0.0,5.366330237625045,1
-1.5485003349869826,1.4481512087337318,0.0,1.8434943703606672,1
1.378166435913162,-1.4495045676037308,0.0,8.817724034879115,1
-1.5485003349869826,-0.9205331774008391,0.0,4.109553148111931,1
0.787598712547306,0.5724624714600394,0.0,2.400801911240084,0
-0.14343487991677445,0.0,0.0,5.0,0
-1.1214248141389416,-1.4495045676037308,0.0,6.390051672894121,1
-1.5485003349869826,-1.4495045676037308,0.0,5.9391199616783155,1
-1.5485003349869826,-1.159404528414128,0.0,4.2396751503884005,1
-1.0858721948025927,1.0195515707166167,0.0,2.2152513958112587,1
-0.7811086783600177,-0.4846743660736484,0.0,2.76743272896487,1
-1.0462089020296135,0.9775140375569451,0.0,2.120361372432917,1
0.7167608454825536,-1.4495045676037308,0.0,2.7054185625749034,0
-1.5485003349869826,-1.4495045676037308,0.0,4.829798734025307,1
-1.1495623980963838,1.0195515707166167,0.0,2.5971636998993155,1
-1.5485003349869826,-1.1634084993085074,0.0,5.384342857514009,1
1.378166435913162,0.955526228545644,0.0,2.445322599945441,0
0.787598712547306,-0.24083639644634922,0.0,3.0447736727947428,0
-1.1458991813774235,0.9741350355957514,0.0,2.0751936011911476,1
1.378166435913162,-1.4495045676037308,0.0,5.946776161661791,1
-1.1458991813774235,-1.1634084993085074,0.0,5.7953947833993125,1
1.378166435913162,0.36519378914312134,0.0,8.484885422549727,1
-1.1214248141389416,1.4481512087337318,0.0,2.458256823653826,1
0.7167608454825536,1.4481512087337318,0.0,8.460400161030165,1
-1.5485003349869826,-1.0993323273573337,0.0,4.907289648969581,1
1.378166435913162,1.0050318545785826,0.0,8.241267879167165,1
-1.1495623980963838,1.4481512087337318,0.0,1.706472418713973,0
-1.5485003349869826,-1.159404528414128,0.0,4.944763731243012,1
0.710370033396719,-1.1634084993085074,0.0,8.747455776182049,1
-1.0858721948025927,-1.4495045676037308,0.0,6.854107544206043,1
1.378166435913162,0.9741350355957514,0.0,2.0153853455440482,0
-1.5485003349869826,-1.4495045676037308,0.0,4.820979650414737,1
-1.1495623980963838,0.9741350355957514,0.0,2.040759687298598,1
0.4717016244952289,-1.4475948051420449,0.0,6.480274837785403,1
-1.0245251369844965,1.4480563147787553,0.0,2.1632470850743384,1
0.639580171692575,-0.9224557039282171,0.0,2.1400434007870826,0
-1.1214248141389416,1.0195515707166167,0.0,2.375986718962206,1
-1.5485003349869826,-1.4495045676037308,0.0,5.798116985505152,1
0.3300136912811869,0.966362193633482,0.0,8.2092473748245,1
-1.5485003349869826,1.0195515707166167,0.0,2.6173656463641706,1
0.639580171692575,1.0195515707166167,0.0,2.489079733249652,0
1.378166435913162,1.4481512087337318,0.0,2.181853279395054,0
-1.5485003349869826,-1.4495045676037308,0.0,4.741138512100145,1
-1.1495623980963838,1.4481512087337318,0.0,1.729940041200195,1
-1.0462089020296135,-0.37129605599404886,0.0,8.825436510013935,1
-1.5485003349869826,-1.4495045676037308,0.0,3.944020167486973,1
-1.5485003349869826,-1.4495045676037308,0.0,5.122650764382887,1
-0.107404073020414,0.0,0.0,5.0,1
1.378166435913162,0.955526228545644,0.0,2.0435544158072867,0
1.378166435913162,1.4481512087337318,0.0,2.3872615440747254,0
-1.5485003349869826,0.8385215690740073,0.0,2.1540938354235237,1
-1.1214248141389416,1.4481512087337318,0.0,1.8764265808914191,1
0.7167608454825536,1.4481512087337318,0.0,8.824630164280451,1
-1.1495623980963838,0.05991185625205091,0.0,2.543901644307468,1
-1.1495623980963838,1.4481512087337318,0.0,2.34653220376758,1
0.7167608454825536,1.4481512087337318,0.0,2.1727840614841623,1
-1.5485003349869826,-1.4495045676037308,0.0,4.063658595381866,1
-1.1214248141389416,1.4481512087337318,0.0,2.2841160627958823,1
0.787598712547306,-1.4495045676037308,0.0,5.957020701697656,1
-1.0858721948025927,-1.4495045676037308,0.0,5.002362305530159,1
1.378166435913162,-0.8428762035051582,0.0,2.9273973095380037,0
-1.1495623980963838,-1.4495045676037308,0.0,5.081873353349886,1
-1.1495623980963838,1.0050318545785826,0.0,2.4566676394203864,1
1.378166435913162,1.4481512087337318,0.0,2.193445405723704,0
1.378166435913162,1.0050318545785826,0.0,2.0776327762357223,0
0.7167608454825536,0.9741350355957514,0.0,2.2312856231988643,0
0.787598712547306,1.4481512087337318,0.0,2.3854130767411323,0
-1.5485003349869826,-1.159404528414128,0.0,2.6527062031744277,1
-1.1214248141389416,-0.9884953765624958,0.0,6.272341651676897,1
-1.5485003349869826,0.9741350355957514,0.0,2.6318769922621055,1
0.710370033396719,0.955526228545644,0.0,8.03436558428966,1
0.787598712547306,-1.1634084993085074,0.0,4.94730762966996,1
-1.1495623980963838,-1.4495045676037308,0.0,5.158021383130692,1
0.639580171692575,1.4481512087337318,0.0,2.2567135952407367,0
-1.5485003349869826,-0.9205331774008391,0.0,2.4739261003762967,1
-1.5485003349869826,-1.4495045676037308,0.0,3.3341040016489565,1
0.710370033396719,-1.159404528414128,0.0,5.969016925291559,1
-1.0245251369844965,1.4480563147787553,0.0,2.2276393021580327,1
1.378166435913162,0.7575476520511129,0.0,2.3722943191626893,0
-1.5485003349869826,1.0195515707166167,0.0,1.964476776442543,1
-0.9677212744122297,1.4480563147787553,0.0,2.5562404660889024,1
-1.5485003349869826,0.955526228545644,0.0,2.0318186341475064,1
-1.1214248141389416,1.4481512087337318,0.0,2.157462601147105,1
-1.0858721948025927,1.4481512087337318,0.0,2.655447536480801,1
-1.0858721948025927,0.007861611684587155,0.0,9.062173991474026,1
-0.9677212744122297,-0.7913655011158707,0.0,4.478027882074225,1
1.378166435913162,1.0195515707166167,0.0,8.082151324790933,1
0.787598712547306,-1.4495045676037308,0.0,6.01396254103852,1
-1.1214248141389416,1.4481512087337318,0.0,2.391503047792053,1
0.7167608454825536,0.955526228545644,0.0,2.549942982963271,0
1.378166435913162,0.8385215690740073,0.0,2.0849201447364982,0
-1.1495623980963838,-1.4495045676037308,0.0,4.691903185087249,1
-1.0858721948025927,0.9741350355957514,0.0,2.589259514061802,1
-1.1214248141389416,-1.4495045676037308,0.0,4.512144007211711,1
-1.5485003349869826,-1.4495045676037308,0.0,6.533503109637002,1
0.639580171692575,0.8385215690740073,0.0,2.4861603725649135,0
-1.1495623980963838,-0.9069748149647733,0.0,2.399232745377738,1
-1.1458991813774235,1.0050318545785826,0.0,8.537885653417558,1
1.378166435913162,0.46221671465560393,0.0,8.539437571203395,1
-1.5485003349869826,0.2958941434514944,0.0,3.0139214678579687,1
0.710370033396719,-0.913647199283073,0.0,2.5553228037273272,0
0.639580171692575,1.4481512087337318,0.0,2.1893437208609985,0
0.476557318369301,1.4479128903145995,0.0,8.839767081658021,1
1.378166435913162,-1.159404528414128,0.0,3.866156564345103,1
0.639580171692575,-1.4495045676037308,0.0,5.233893327236268,1
1.378166435913162,0.7575476520511129,0.0,2.1488692301336605,0
1.378166435913162,-0.830317480198643,0.0,4.911097300089964,1
-1.0462089020296135,0.5777299603435586,0.0,8.754229314549793,1
1.378166435913162,0.7027526598328396,0.0,8.278345076613302,1
0.639580171692575,0.9741350355957514,0.0,2.2129505995495684,0
1.378166435913162,1.4481512087337318,0.0,8.257768415066469,1
-1.0858721948025927,1.0050318545785826,0.0,2.570346109028407,1
1.378166435913162,1.0050318545785826,0.0,2.3003494122858825,0
-1.5485003349869826,0.9741350355957514,0.0,2.1589945451474453,1
-0.3343981977123419,0.0,0.0,5.0,0
1.378166435913162,0.9741350355957514,0.0,8.245507794715618,1
-0.9201040441601099,-0.8920014066594055,0.0,2.550125081260169,1
0.710370033396719,1.4481512087337318,0.0,8.247985414528145,1
0.710370033396719,1.0050318545785826,0.0,9.009148124309498,1
-1.5485003349869826,-1.159404528414128,0.0,4.594634959121921,1
-1.0858721948025927,-0.9334706846748718,0.0,4.103636284246518,1
-1.5485003349869826,-1.4495045676037308,0.0,5.985860554530486,1
-1.5485003349869826,-1.4495045676037308,0.0,5.061997013497992,1
-0.9677212744122297,1.4480563147787553,0.0,1.762722935607494,1
1.378166435913162,-1.1634084993085074,0.0,5.658364120203645,1
0.639580171692575,1.0050318545785826,0.0,2.1922197726278596,0
0.639580171692575,0.7575476520511129,0.0,2.4467025648664897,0
-1.1214248141389416,0.9741350355957514,0.0,2.0010719645136192,0
-1.5485003349869826,0.8232191038966041,0.0,1.9846469619156135,1
0.7167608454825536,1.4481512087337318,0.0,2.3448802962034767,0
-1.5485003349869826,1.4481512087337318,0.0,2.001428209424142,1
-1.0858721948025927,1.4481512087337318,0.0,2.6232767981065943,1
0.2802727248633039,-1.4427494637557696,0.0,5.589380736852377,1
-1.5485003349869826,-1.4495045676037308,0.0,5.24314063269687,1
-1.1458991813774235,-1.4495045676037308,0.0,4.907357300760137,1
-1.1495623980963838,0.6077243432615433,0.0,3.2044091207080534,1
-0.9578725141904859,-0.9435577235143192,0.0,4.307316648520034,1
-1.5485003349869826,-1.4495045676037308,0.0,5.45730401881752,1
-1.1495623980963838,1.0195515707166167,0.0,2.3546053804445783,1
-1.1495623980963838,-1.4495045676037308,0.0,4.050556792295683,1
1.378166435913162,-0.9880355100044224,0.0,5.239041769448595,1
-1.5485003349869826,1.0195515707166167,0.0,2.698789626937497,1
-1.5485003349869826,1.4481512087337318,0.0,2.555725002355306,1
1.378166435913162,1.0050318545785826,0.0,8.416281661150073,1
-1.1458991813774235,0.8232191038966041,0.0,1.8264100814110655,0
1.378166435913162,0.8385215690740073,0.0,8.380703608125655,1
1.378166435913162,0.9741350355957514,0.0,1.9829664278875625,0
0.4949802524694769,-1.1559598128387922,0.0,4.399112688122862,1
-1.1495623980963838,-1.4495045676037308,0.0,5.406084934421022,1
-1.1458991813774235,0.09002929844710252,0.0,2.5535639298344592,1
0.710370033396719,0.955526228545644,0.0,2.187413744946463,0
1.378166435913162,0.42173437799289054,0.0,2.5937805708463277,0
1.378166435913162,-1.1072540633563843,0.0,4.942561523030296,1
1.378166435913162,1.0195515707166167,0.0,8.440316494503719,1
1.378166435913162,0.7575476520511129,0.0,1.9036488004309042,0
0.2799060401764069,-1.4378006956626737,0.0,3.8878557787125416,1
0.710370033396719,-1.4495045676037308,0.0,4.115682300896787,1
-1.0858721948025927,1.0195515707166167,0.0,2.229522938427729,1
-1.1458991813774235,0.2924732752190419,0.0,2.9188686943883426,1
-1.0858721948025927,0.9741350355957514,0.0,1.853362186780702,1
1.378166435913162,1.4481512087337318,0.0,2.0864078667713866,0
0.710370033396719,-1.1634084993085074,0.0,6.772522266544202,1
1.378166435913162,0.9741350355957514,0.0,2.3265510154738593,0
-0.3245394739667874,0.0,0.0,5.0,1
-0.8230597951747936,-1.4417680674827236,0.0,6.535894423416144,1
-1.1458991813774235,1.0195515707166167,0.0,2.7508757163162483,1
1.378166435913162,1.4481512087337318,0.0,1.9804002394709959,0
-1.1214248141389416,1.4481512087337318,0.0,2.3816003887663975,1
-1.1214248141389416,-1.1072540633563843,0.0,4.634257308613637,1
1.378166435913162,0.6829522445306385,0.0,9.111104106700754,1
-1.1458991813774235,-1.4495045676037308,0.0,4.484527111785974,1
-0.9304323319006259,1.447960843819446,0.0,8.505126240700065,1
-1.5485003349869826,-1.1634084993085074,0.0,6.314012512919357,1
1.378166435913162,0.955526228545644,0.0,8.045326464996016,1
-0.7720416418935648,1.4477681496892185,0.0,2.550552092638908,0
1.378166435913162,0.9741350355957514,0.0,8.45942613008684,1
0.639580171692575,-1.4495045676037308,0.0,4.9192696488556695,1
-1.1214248141389416,-1.4495045676037308,0.0,5.198436439627801,1
-1.5485003349869826,-1.1072540633563843,0.0,6.565872653414715,1
-1.1458991813774235,-0.9108287659375035,0.0,6.062236650684926,1
-1.1214248141389416,0.6829522445306385,0.0,2.2291603101623054,1
-1.1214248141389416,1.0195515707166167,0.0,2.3685218510614767,0
0.639580171692575,1.0195515707166167,0.0,2.867642425455466,0
-0.9677212744122297,-0.9838911286059099,0.0,3.975342210791832,1
1.378166435913162,0.8064660309596711,0.0,1.923109508486365,0
1.378166435913162,0.9741350355957514,0.0,7.582186142755416,1
-1.5485003349869826,-1.4495045676037308,0.0,5.948431544849923,1
-1.5485003349869826,-1.4495045676037308,0.0,5.232699704972871,1
-1.0365358038448755,-1.4475948051420449,0.0,6.506738915369409,1
-1.1458991813774235,-1.1072540633563843,0.0,6.188247902175185,1
-0.8380346839850402,-0.8130161065864437,0.0,6.1360249567134915,1
1.378166435913162,-1.4495045676037308,0.0,6.093159532161689,1
0.639580171692575,-1.1072540633563843,0.0,5.241535905667561,1
-1.5485003349869826,1.4481512087337318,0.0,2.5604509448884745,1
-1.0858721948025927,-1.1072540633563843,0.0,4.630136756856881,1
0.7167608454825536,-0.9880355100044224,0.0,8.811720681148106,1
0.710370033396719,1.4481512087337318,0.0,2.1019596521869186,0
-1.1458991813774235,-0.9880355100044224,0.0,4.473011264174622,1
0.7167608454825536,0.5724624714600394,0.0,1.8472017838014185,0
-1.1495623980963838,0.9741350355957514,0.0,1.9946150176556954,1
1.378166435913162,0.8385215690740073,0.0,2.4264997325794737,0
1.378166435913162,0.019669443514481546,0.0,8.91884702689168,1
-1.5485003349869826,-1.4495045676037308,0.0,4.250384711904557,1
0.4717016244952289,0.5367313535858427,0.0,2.340350061159886,0
0.710370033396719,1.4481512087337318,0.0,7.946869799561643,1
-1.0858721948025927,-1.4495045676037308,0.0,6.381096064279572,1
1.378166435913162,-1.4495045676037308,0.0,2.0904685939307326,0
1.378166435913162,0.955526228545644,0.0,2.5779184837966436,0
-1.1495623980963838,1.4481512087337318,0.0,2.568789434686182,1
0.2802727248633039,1.013925650098777,0.0,8.311500610407554,1
-1.1495623980963838,-0.9884953765624958,0.0,4.256256009124877,1
0.710370033396719,-0.25253772453252354,0.0,3.190774339928394,0
-1.0365358038448755,-0.9581793097693048,0.0,2.8343110031831253,1
0.710370033396719,0.9741350355957514,0.0,8.626951792153296,1
-1.1458991813774235,1.0195515707166167,0.0,2.73323275476739,1
-1.1458991813774235,-1.4495045676037308,0.0,5.738562775276839,1
0.639580171692575,-1.1634084993085074,0.0,3.926151902381932,1
1.378166435913162,0.955526228545644,0.0,1.743832178755747,0
1.378166435913162,0.4142941569810927,0.0,8.450777889650345,1
0.639580171692575,0.9741350355957514,0.0,2.26160230406972,0
-1.1458991813774235,0.7575476520511129,0.0,2.2401959794126234,0
-1.0245251369844965,-1.4475948051420449,0.0,4.5451926285310424,1
1.378166435913162,-1.4495045676037308,0.0,6.589684688008428,1
-1.1458991813774235,0.9741350355957514,0.0,2.008952639242638,1
-0.9990116365219599,-1.103540188433729,0.0,5.487216705747671,1
0.710370033396719,-0.25332503457188477,0.0,9.054652967675533,1
-1.1214248141389416,-1.1634084993085074,0.0,4.970409853638029,1
-1.1495623980963838,0.955526228545644,0.0,2.2857541763838576,1
-1.5485003349869826,-1.159404528414128,0.0,3.8487148443930943,1
-1.5485003349869826,-1.4495045676037308,0.0,5.561576974096752,1
0.7167608454825536,0.8064660309596711,0.0,2.479012412307302,0
-1.5485003349869826,-1.4495045676037308,0.0,6.043435855374911,1
-1.5485003349869826,-0.9880355100044224,0.0,6.627632349469265,1
-0.03287320899656512,0.0,0.0,5.0,1
-1.5485003349869826,1.0195515707166167,0.0,2.4684194153988512,1
-1.5485003349869826,-1.0993323273573337,0.0,4.699052286991461,1
-1.1495623980963838,1.4481512087337318,0.0,2.329592869578518,1
-1.1495623980963838,-1.4495045676037308,0.0,5.852064372691398,1
-1.0245251369844965,1.4480563147787553,0.0,2.4398728642435326,0
0.787598712547306,-1.4495045676037308,0.0,4.298833226768876,1
0.710370033396719,-1.159404528414128,0.0,6.122078696358894,1
0.787598712547306,-0.9936650520340982,0.0,5.353644426694727,1
0.7167608454825536,1.4481512087337318,0.0,2.4371537500571057,0
-1.0462089020296135,1.0076156727753416,0.0,2.5487745336840972,1
-1.5485003349869826,1.0050318545785826,0.0,4.600105180919625,1
-1.5485003349869826,-0.8018643828925096,0.0,3.9561558575288243,1
0.710370033396719,0.8385215690740073,0.0,2.3032682144746155,0
0.710370033396719,-0.7067636686649382,0.0,4.334357725708275,1
-1.0858721948025927,-0.9884953765624958,0.0,2.5822288072956363,1
-1.5485003349869826,1.0195515707166167,0.0,2.4281004883812494,1
-1.0858721948025927,-1.4495045676037308,0.0,6.107863881762414,1
-1.1495623980963838,1.4481512087337318,0.0,2.6001530551731356,1
0.710370033396719,-1.4495045676037308,0.0,3.995755401693449,1
-1.1458991813774235,-1.4495045676037308,0.0,4.075151336190666,1
-1.1495623980963838,1.0050318545785826,0.0,2.5457206897433418,1
-0.9990116365219599,1.4480563147787553,0.0,2.3213175960705,0
-1.1495623980963838,-1.4495045676037308,0.0,5.424233672844855,1
-1.5485003349869826,1.0050318545785826,0.0,2.247805957718877,1
-1.1458991813774235,0.3565127893577844,0.0,2.421258589809897,1
-1.1495623980963838,0.529895899215817,0.0,2.148150321136014,1
-1.5485003349869826,-1.4495045676037308,0.0,5.06298696418175,1
-1.1458991813774235,0.955526228545644,0.0,2.2620667451321443,1
-1.1458991813774235,-1.1072540633563843,0.0,4.874120075116233,1
-0.9972523977517084,1.0101649957432535,0.0,3.110554904846038,0
0.6592797762866381,0.5544075631527774,0.0,8.754954633532808,1
-1.1458991813774235,1.4481512087337318,0.0,1.741750864312165,1
-1.1495623980963838,-1.4495045676037308,0.0,6.74213850193288,1
1.378166435913162,0.5724624714600394,0.0,8.303832788484605,1
-1.5485003349869826,-0.9936650520340982,0.0,3.977860029866137,1
-1.5485003349869826,-1.4495045676037308,0.0,5.703344542099446,1
-1.5485003349869826,-0.9851730539265872,0.0,4.192918430832854,1
0.639580171692575,1.4481512087337318,0.0,2.573954408478431,0
0.7167608454825536,1.0050318545785826,0.0,8.647250412980895,1
-1.0013022628350834,-1.4417680674827236,0.0,5.506504282845722,1
-1.5485003349869826,-1.4495045676037308,0.0,4.220385538969183,1
1.378166435913162,0.955526228545644,0.0,8.331930487349128,1
1.378166435913162,1.4481512087337318,0.0,2.182352340013315,0
-1.5485003349869826,0.17042305350924852,0.0,2.7772447481854745,1
0.639580171692575,-1.4495045676037308,0.0,5.83815400324611,1
-1.1495623980963838,0.6829522445306385,0.0,2.421976232110974,1
0.787598712547306,-1.0993323273573337,0.0,6.4359966195223794,1
-1.5485003349869826,-1.0993323273573337,0.0,3.620721961320084,1
-1.1214248141389416,-1.1072540633563843,0.0,4.943190076173877,1
1.378166435913162,-1.159404528414128,0.0,6.638634390978571,1
0.23432743905671782,-1.0440825495228987,0.0,8.24774804672732,1
-1.1214248141389416,0.955526228545644,0.0,2.3160980444129757,1
-0.9689732326353205,0.5579748310948552,0.0,1.7769607624209833,1
-1.5485003349869826,1.4481512087337318,0.0,2.185597746347673,1
-1.5485003349869826,-1.4495045676037308,0.0,5.510154016462002,1
-1.1495623980963838,1.4481512087337318,0.0,2.4558610255843707,0
1.378166435913162,0.695714165113867,0.0,2.4757372014645096,0
-1.5485003349869826,-0.8320486018607838,0.0,5.55844683025331,1
0.787598712547306,0.8064660309596711,0.0,2.077678210105137,0
0.787598712547306,1.4481512087337318,0.0,2.3352424153079747,0
-1.5485003349869826,-1.159404528414128,0.0,6.245275388498233,1
-1.5485003349869826,0.955526228545644,0.0,2.0643047208498495,1
-0.15085292234233902,0.0,0.0,5.0,0
-1.5485003349869826,-0.9108287659375035,0.0,4.911407836598476,1
-1.5485003349869826,-1.4495045676037308,0.0,6.154465848441412,1
-1.0858721948025927,-1.1634084993085074,0.0,4.086026858188655,1
0.787598712547306,-1.4495045676037308,0.0,6.519826887691044,1
-0.9515808992827639,-1.445668912944812,0.0,4.893472846613193,1
-1.1495623980963838,-1.4495045676037308,0.0,4.238444261227348,1
0.787598712547306,1.0050318545785826,0.0,2.2480727053176306,0
0.3090073602706886,-1.4378006956626737,0.0,4.069230629193939,1
1.378166435913162,1.0195515707166167,0.0,2.4017182395136754,0
0.710370033396719,1.0195515707166167,0.0,7.93938341390858,1
1.378166435913162,1.4481512087337318,0.0,2.330683933581408,0
-1.5485003349869826,-1.0993323273573337,0.0,2.749711708817711,1
-1.0858721948025927,0.5724624714600394,0.0,2.3062775044675043,1
0.787598712547306,-0.9936650520340982,0.0,4.684086715431137,1
-1.0858721948025927,-1.1072540633563843,0.0,3.860812032453319,1
1.378166435913162,1.4481512087337318,0.0,2.8326127456291488,0
0.7167608454825536,0.2449358405421567,0.0,9.078181542027668,1
0.7167608454825536,0.7575476520511129,0.0,8.597100560463245,1
-1.1495623980963838,-1.4495045676037308,0.0,5.901949724219423,1
0.7167608454825536,-1.1634084993085074,0.0,6.00316980690157,1
-1.5485003349869826,-1.4495045676037308,0.0,6.026688649599986,1
-1.5485003349869826,-1.4495045676037308,0.0,5.062926850550581,1
-1.1495623980963838,-1.1634084993085074,0.0,4.073671572100929,1
-1.1214248141389416,0.6829522445306385,0.0,2.7622239996217055,1
-1.1458991813774235,-1.1072540633563843,0.0,6.442780772058415,1
1.378166435913162,-0.9205331774008391,0.0,2.4533375123582815,0
-1.1214248141389416,0.9741350355957514,0.0,8.362279673626661,1
-1.1495623980963838,1.0050318545785826,0.0,2.953806057462776,1
-1.5485003349869826,-1.4495045676037308,0.0,5.30023033856844,1
-1.5485003349869826,0.955526228545644,0.0,2.050390549884703,1
1.378166435913162,0.6829522445306385,0.0,8.810694537188962,1
1.378166435913162,-0.9108287659375035,0.0,3.9660403408021776,1
0.2992204722762644,-1.0816497727431447,0.0,4.40509995798475,1
-1.0609486432407544,-1.4475948051420449,0.0,4.955207913497738,1
-1.1458991813774235,1.0050318545785826,0.0,3.217684690076216,1
-1.1495623980963838,-1.4495045676037308,0.0,5.462214628913906,1
-1.5485003349869826,-1.4495045676037308,0.0,3.999451886492297,1
0.7167608454825536,0.5724624714600394,0.0,2.4223540267647086,0
-1.0858721948025927,-1.4495045676037308,0.0,6.874036359193203,1
0.787598712547306,0.4838918902983728,0.0,2.398512744332727,0
1.378166435913162,0.8064660309596711,0.0,2.602202059125249,0
-1.5485003349869826,1.4481512087337318,0.0,2.490912380371751,1
1.378166435913162,-0.35459389253359863,0.0,2.6753550812697253,0
-1.5485003349869826,-1.1072540633563843,0.0,4.755917020093212,1
0.710370033396719,1.0050318545785826,0.0,8.313592452962078,1
-1.5485003349869826,-0.9007725365746757,0.0,3.8576875725475266,1
0.787598712547306,-0.38276794850330975,0.0,8.169159071620236,1
-1.0858721948025927,0.955526228545644,0.0,2.133915135003868,0
-1.5485003349869826,-1.159404528414128,0.0,4.963194489175102,1
0.4717016244952289,-1.4475948051420449,0.0,5.227371655839509,1
0.6448273970616095,-1.0939546378979703,0.0,2.5417586032660755,0
-1.0365358038448755,1.4480563147787553,0.0,2.3693741595873536,1
0.7167608454825536,1.4481512087337318,0.0,8.59659164470364,1
-1.5485003349869826,-0.8083936523714375,0.0,3.856366661890085,1
-0.9535101187122923,0.9873054213020795,0.0,2.555655677254503,1
-1.0858721948025927,-1.1634084993085074,0.0,5.960216195243613,1
0.7167608454825536,-0.9054217075594011,0.0,8.060062516150593,1
1.378166435913162,0.8232191038966041,0.0,1.9731124607648571,0
-1.5485003349869826,-0.9108287659375035,0.0,4.40288139372106,1
-1.1458991813774235,-1.4495045676037308,0.0,4.66036267155012,1
0.4949802524694769,1.4480563147787553,0.0,2.5164126667633107,0
-1.5485003349869826,0.9741350355957514,0.0,2.2897165165082383,1
-1.5485003349869826,-1.4495045676037308,0.0,5.344933457535114,1
-1.1214248141389416,0.5651851877623054,0.0,2.6221340094745504,1
1.378166435913162,1.4481512087337318,0.0,2.044969436705917,0
-0.9853759763832799,0.9617908024981108,0.0,1.9435441077436968,1
-1.0858721948025927,-0.38283537469016976,0.0,8.54775418037239,1
0.4316848229639746,-1.1507319879737155,0.0,3.9600102893448224,1
-1.5485003349869826,-1.4495045676037308,0.0,5.942538378695282,1
-1.5485003349869826,1.4481512087337318,0.0,1.580475107259285,1
0.787598712547306,0.8232191038966041,0.0,2.4021155470349105,0
-0.8517950612725491,-1.4437267228516664,0.0,6.335905884841962,1
-1.5485003349869826,0.955526228545644,0.0,2.223414619170086,1
1.378166435913162,0.6829522445306385,0.0,2.4059806899692955,0
-1.5485003349869826,-1.4495045676037308,0.0,5.787233820455468,1
0.639580171692575,-1.159404528414128,0.0,5.715938071217698,1
-1.1495623980963838,1.0050318545785826,0.0,2.3862613015051655,1
0.710370033396719,-1.0993323273573337,0.0,6.257011095927524,1
-0.017765122575949796,0.0,0.0,5.0,0
-1.5485003349869826,1.4481512087337318,0.0,2.8530620542284795,1
0.639580171692575,1.4481512087337318,0.0,8.6700442102909,1
0.7167608454825536,0.9741350355957514,0.0,2.986993922421432,0
0.639580171692575,-1.4495045676037308,0.0,5.7060791736666845,1
-1.5485003349869826,-1.4495045676037308,0.0,5.367787833286918,1
-1.5485003349869826,1.0195515707166167,0.0,2.3489506423953035,1
-1.5485003349869826,0.9741350355957514,0.0,1.8619785646541285,1
-1.1214248141389416,-1.0993323273573337,0.0,6.073907328119188,1
-1.5485003349869826,-1.4495045676037308,0.0,6.646684728813028,1
0.787598712547306,1.0195515707166167,0.0,2.4708639491050484,0
-0.9100980907826539,-1.0834005792161483,0.0,4.231262139231644,1
-1.5485003349869826,-1.4495045676037308,0.0,5.370848455846243,1
-1.1495623980963838,-1.4495045676037308,0.0,5.9911287602441226,1
-1.5485003349869826,1.0050318545785826,0.0,2.282596236564464,1
-1.1214248141389416,1.0050318545785826,0.0,2.55723458659051,1
-1.1214248141389416,1.4481512087337318,0.0,2.1650922173887865,0
1.378166435913162,1.4481512087337318,0.0,8.425729988353915,1
0.787598712547306,-0.9851730539265872,0.0,8.495145584429569,1
1.378166435913162,0.3187457443253267,0.0,2.1902257114766837,0
0.710370033396719,-1.0993323273573337,0.0,4.3097159473305675,1
-1.1214248141389416,0.34979386038936294,0.0,3.0356830263523755,1
0.787598712547306,-0.9108287659375035,0.0,8.598111093689688,1
-1.0858721948025927,-1.4495045676037308,0.0,4.56111683940508,1
-0.9990116365219599,-1.4475948051420449,0.0,5.811415373146703,1
-1.5485003349869826,-1.0993323273573337,0.0,5.571547610224111,1
0.44974821666265885,1.0264931837214997,0.0,2.4469089859994795,0
-1.5485003349869826,1.4481512087337318,0.0,2.317408787594811,1
0.710370033396719,-1.1072540633563843,0.0,5.3153581399797085,1
1.378166435913162,-1.1634084993085074,0.0,8.161940320118818,1
-1.1214248141389416,-1.1634084993085074,0.0,5.235511835803338,1
0.6592797762866381,0.814766954469085,0.0,8.107367529437825,1
-1.5485003349869826,1.4481512087337318,0.0,2.8129424851268725,1
0.44974821666265885,0.9633264809609988,0.0,7.991934430362409,1
1.378166435913162,-1.0993323273573337,0.0,4.856776663098127,1
0.710370033396719,1.4481512087337318,0.0,1.9676230598963176,0
1.378166435913162,0.9741350355957514,0.0,1.9994093621796625,0
-1.1458991813774235,1.0050318545785826,0.0,2.539306057961944,1
-1.1214248141389416,0.010898941500559754,0.0,2.6958587860858763,1
-1.0858721948025927,1.4481512087337318,0.0,2.1161675422361546,1
0.787598712547306,0.955526228545644,0.0,2.3316540675066704,0
1.378166435913162,-1.4495045676037308,0.0,4.869892362003352,1
-1.5485003349869826,-1.4495045676037308,0.0,6.523198064243136,1
-1.5485003349869826,-1.0993323273573337,0.0,4.756354874564447,1
1.378166435913162,-1.0993323273573337,0.0,4.83393908165467,1
0.6650892123420602,0.814766954469085,0.0,1.9846469392156283,0
1.378166435913162,-1.159404528414128,0.0,5.521224624382063,1
-1.5485003349869826,-1.4495045676037308,0.0,5.317206530231802,1
-1.0858721948025927,-0.9108287659375035,0.0,4.452553073189283,1
-1.0609486432407544,0.9586831535244584,0.0,2.2209251901443894,1
-1.5485003349869826,-1.1072540633563843,0.0,4.582820330595047,1
-1.5485003349869826,1.4481512087337318,0.0,2.1350263560973195,1
-1.5485003349869826,-1.4495045676037308,0.0,6.745012200827768,1
-0.9990116365219599,-0.41512831434560016,0.0,2.2166763181315723,1
1.378166435913162,1.0195515707166167,0.0,2.3765304374834857,0
-0.7987454363476324,0.4887179957111392,0.0,8.351887374922065,1
-1.5485003349869826,0.37316403440825374,0.0,2.6552002106313584,1
-1.1214248141389416,0.3759661808692332,0.0,3.1297516221119284,0
-1.5485003349869826,-1.4495045676037308,0.0,4.443499800412052,1
1.378166435913162,0.8064660309596711,0.0,3.5139587687217833,0
-1.0858721948025927,0.6106347386481292,0.0,2.350031376108204,1
1.378166435913162,-1.159404528414128,0.0,4.591542237790479,1
0.787598712547306,1.0195515707166167,0.0,2.2823249331262363,0
-1.5485003349869826,-1.1634084993085074,0.0,2.4860117431043607,1
0.7167608454825536,0.7070651099767193,0.0,2.5777805565230367,0
1.378166435913162,0.2039076207860754,0.0,8.436475113523517,1
-1.1495623980963838,0.529895899215817,0.0,2.016075181927048,1
0.710370033396719,1.0195515707166167,0.0,2.768341705940845,0
1.378166435913162,-0.9205331774008391,0.0,8.597808690514166,1
0.710370033396719,1.4481512087337318,0.0,2.087733976958475,0
1.378166435913162,1.0195515707166167,0.0,2.693311646348927,0
1.378166435913162,-1.0993323273573337,0.0,8.272226668050155,1
0.710370033396719,1.0195515707166167,0.0,2.5050566330198087,0
-1.5485003349869826,1.4481512087337318,0.0,2.254111925405735,1
1.378166435913162,1.4481512087337318,0.0,2.1008575180231084,0
-1.1495623980963838,-0.37524643606045016,0.0,4.69218424676288,1
-1.1458991813774235,-1.4495045676037308,0.0,5.727170630378021,1
-1.5485003349869826,0.955526228545644,0.0,2.343867121463729,1
-1.5485003349869826,-1.4495045676037308,0.0,6.745612002432214,1
-1.1495623980963838,-1.4495045676037308,0.0,5.364512395584197,1
-1.1495623980963838,-1.4495045676037308,0.0,4.500330272429991,1
-1.1495623980963838,0.6307810924898708,0.0,2.275729644365656,1
-1.5485003349869826,-1.4495045676037308,0.0,5.970279512001217,1
-1.0858721948025927,0.9741350355957514,0.0,2.099633058100572,1
0.787598712547306,0.5724624714600394,0.0,2.567262528267832,0
1.378166435913162,1.4481512087337318,0.0,2.6579656843848496,0
-1.1495623980963838,-1.4495045676037308,0.0,6.376827902749075,1
-1.0858721948025927,-0.7986009250574997,0.0,2.5943140096496866,0
-1.1214248141389416,0.955526228545644,0.0,2.250789870523292,1
-0.7060036931376916,0.5256508571355731,0.0,2.5173183047473295,1
1.378166435913162,-1.1634084993085074,0.0,8.29315999294883,1
-1.5485003349869826,-0.9287615108319933,0.0,4.694367456007628,1
1.378166435913162,1.0050318545785826,0.0,2.7565951557720325,0
0.710370033396719,0.3299926959901544,0.0,8.390408338916917,1
1.378166435913162,1.4481512087337318,0.0,2.7911387838231656,0
1.378166435913162,-0.3572233172833415,0.0,8.505422134921952,1
0.787598712547306,-1.1634084993085074,0.0,8.304848584996268,1
-1.5485003349869826,1.4481512087337318,0.0,2.068365129428069,1
-1.0858721948025927,-0.6178509505097409,0.0,4.340133971911371,1
0.639580171692575,0.8064660309596711,0.0,8.35069348110128,1
-1.5485003349869826,-0.27776210810725394,0.0,2.609909821410481,1
-1.1458991813774235,1.4481512087337318,0.0,2.4570701967508786,1
1.378166435913162,1.4481512087337318,0.0,2.702685081990401,0
0.7167608454825536,-1.4495045676037308,0.0,4.89024817192929,1
-1.5485003349869826,1.4481512087337318,0.0,2.1665958754499783,1
-1.1458991813774235,0.7575476520511129,0.0,2.0468119283285113,1
-1.5485003349869826,-1.159404528414128,0.0,5.03376850770066,1
-1.1495623980963838,-1.4495045676037308,0.0,4.434360067941162,1
0.7167608454825536,1.4481512087337318,0.0,8.83358031677757,1
0.639580171692575,-0.9334706846748718,0.0,3.9807194853901455,1
-1.1214248141389416,-0.37634857630754315,0.0,2.8039360781585185,1
1.378166435913162,1.4481512087337318,0.0,2.253849068702766,0
-1.0858721948025927,-1.4495045676037308,0.0,6.065072901159801,1
-1.5485003349869826,-0.9884953765624958,0.0,5.094457036975217,1
1.378166435913162,-1.4495045676037308,0.0,6.141432447612527,1
-0.3140856965270408,0.0,0.0,5.0,1
0.710370033396719,0.955526228545644,0.0,1.7121220594600568,0
-1.5485003349869826,-0.9936650520340982,0.0,5.603863540358373,1
-1.0858721948025927,1.4481512087337318,0.0,2.2341389807661898,1
-1.1458991813774235,0.5724624714600394,0.0,1.8467491019063935,1
-1.1458991813774235,-1.4495045676037308,0.0,6.579840260704513,1
-1.5485003349869826,1.0050318545785826,0.0,2.32030704069704,1
0.710370033396719,-1.4495045676037308,0.0,6.497003100795213,1
1.378166435913162,1.0195515707166167,0.0,8.133121799937168,1
-0.8272160326257952,1.0969799165943286,0.0,2.4442463010061894,1
1.378166435913162,-1.159404528414128,0.0,6.6876944567864784,1
-1.5485003349869826,-1.4495045676037308,0.0,5.002773717132996,1
-0.9515808992827639,1.0251255539625228,0.0,2.562611376092952,1
0.3938953534852073,-1.439792780299029,0.0,6.464768959121626,1
0.710370033396719,0.9741350355957514,0.0,2.4845078660591176,0
-1.5485003349869826,-1.4495045676037308,0.0,4.606309648046173,1
1.378166435913162,0.5651851877623054,0.0,8.41118783121283,1
1.378166435913162,0.8064660309596711,0.0,2.395555036137917,0
0.4949802524694769,1.4480563147787553,0.0,2.725250103049537,0
-1.1458991813774235,1.4481512087337318,0.0,2.5485103456480394,0
-1.0858721948025927,-1.4495045676037308,0.0,3.8875706834628962,1
-1.5485003349869826,-0.9880355100044224,0.0,3.899129807403526,1
0.7167608454825536,0.9741350355957514,0.0,2.2971163669549144,0
-0.819428646156224,-1.4417680674827236,0.0,5.924030264103425,1
1.378166435913162,-1.1072540633563843,0.0,6.423903906187344,1
-1.1495623980963838,-1.4495045676037308,0.0,6.385935715177463,1
-1.0245251369844965,0.9586831535244584,0.0,1.789503598904647,1
-1.5485003349869826,0.7070651099767193,0.0,3.136515383550394,1
-1.5485003349869826,-1.4495045676037308,0.0,4.979970572458449,1
1.378166435913162,-0.2326454817190127,0.0,3.307189194440466,0
0.7167608454825536,0.5724624714600394,0.0,2.12639643136362,0
-1.1458991813774235,-1.4495045676037308,0.0,3.738319653455522,1
1.378166435913162,0.9741350355957514,0.0,2.4323580670054312,0
-1.5485003349869826,-0.9054217075594011,0.0,2.3613467952020315,1
0.4717016244952289,0.39748645111596553,0.0,2.0468168562461564,0
-1.5485003349869826,1.0195515707166167,0.0,2.4629990757127898,1
-1.5485003349869826,-1.4495045676037308,0.0,5.34581003876027,1
0.49333107363031126,0.37595140467977756,0.0,8.163496810344672,1
0.6592797762866381,1.4480086517533537,0.0,2.3614630387454096,0
1.378166435913162,0.5840189780278678,0.0,2.190779357126403,0
-0.9360107953083893,-1.0921859559175664,0.0,6.090102217701921,1
-0.9990116365219599,0.5367313535858427,0.0,7.804775217901721,1
0.710370033396719,-1.4495045676037308,0.0,4.654122737388155,1
-1.5485003349869826,-1.1634084993085074,0.0,4.8888493308839225,1
0.710370033396719,1.4481512087337318,0.0,7.853319577023916,1
1.378166435913162,0.8064660309596711,0.0,8.341125521193144,1
-1.5485003349869826,0.23836817744100072,0.0,4.431649488440995,1
0.7167608454825536,-0.9205331774008391,0.0,2.4753810519089723,0
-1.1458991813774235,-1.4495045676037308,0.0,5.71501657709435,1
0.787598712547306,-1.4495045676037308,0.0,5.057005538373694,1
-1.1214248141389416,-1.4495045676037308,0.0,5.745781880167753,1
-0.0060519720605364015,0.0,0.0,5.0,1
-1.5485003349869826,1.4481512087337318,0.0,2.630227326815761,1
0.787598712547306,-1.4495045676037308,0.0,5.549555060872725,1
-1.1495623980963838,-1.4495045676037308,0.0,5.708753875092526,1
0.710370033396719,-0.25073523475349496,0.0,8.641716921774613,1
0.710370033396719,-1.4495045676037308,0.0,5.490900552738658,1
-1.1495623980963838,1.4481512087337318,0.0,2.034693794987162,1
0.46413006142910557,-0.6077995045709152,0.0,3.1757785571132278,0
1.378166435913162,-0.9506146348384362,0.0,3.066809938274468,0
-1.1214248141389416,1.4481512087337318,0.0,2.4048515244437745,1
1.378166435913162,0.8385215690740073,0.0,2.13793360667336,0
-1.5485003349869826,-1.159404528414128,0.0,3.9861401708137096,1
-1.1495623980963838,0.955526228545644,0.0,2.282348231938784,1
0.787598712547306,0.190180295731542,0.0,8.612479080247802,1
1.378166435913162,-1.4495045676037308,0.0,5.877399448078994,1
1.378166435913162,0.695714165113867,0.0,8.522589382056845,1
0.639580171692575,-0.012435048763598064,0.0,3.465136979905985,0
-1.0858721948025927,-1.4495045676037308,0.0,5.692040567544035,1
-1.0245251369844965,-1.4475948051420449,0.0,3.0541239738583634,1
1.378166435913162,-1.4495045676037308,0.0,5.876170384829151,1
-0.9990116365219599,-1.4475948051420449,0.0,6.10289018851281,1
-1.5485003349869826,-1.1072540633563843,0.0,5.43598038322956,1
-1.5485003349869826,1.0195515707166167,0.0,2.1741363602571164,1
0.639580171692575,0.31009471869686517,0.0,2.5215814617915595,0
0.710370033396719,1.0195515707166167,0.0,2.398892172711156,0
-1.5485003349869826,0.7575476520511129,0.0,2.771110666189502,1
0.639580171692575,-0.38448012335182813,0.0,8.85451178387032,1
1.378166435913162,0.8232191038966041,0.0,1.867107714881034,0
-1.5485003349869826,-1.4495045676037308,0.0,4.40321579634197,1
-1.1495623980963838,1.0050318545785826,0.0,2.591641584596386,1
-1.5485003349869826,0.3565127893577844,0.0,2.447399731455013,1
-0.12545444563885266,0.0,0.0,5.0,1
-1.1214248141389416,-1.4495045676037308,0.0,4.4177918116608295,1
-1.5485003349869826,1.0195515707166167,0.0,2.943130915412718,1
-1.0462089020296135,-0.9838911286059099,0.0,4.352615606353828,1
0.639580171692575,-1.4495045676037308,0.0,6.008707750408087,1
-0.896360671298889,-1.1489730771937903,0.0,6.159868617474423,1
-1.5485003349869826,-0.9851730539265872,0.0,4.313164771663071,1
-1.5485003349869826,1.4481512087337318,0.0,2.8324441015071455,1
-1.0245251369844965,0.812015604530254,0.0,2.123159160429435,1
0.7167608454825536,-1.159404528414128,0.0,5.411561344175846,1
0.710370033396719,0.5724624714600394,0.0,7.934330557602481,1
-1.0858721948025927,0.9741350355957514,0.0,2.325608764352433,1
-1.5485003349869826,-0.6300641479101871,0.0,3.8998318039420172,1
-0.9853759763832799,0.682372377081258,0.0,2.832842806327,1
-0.9677212744122297,-0.8097278318535653,0.0,2.48637626233297,1
-1.1458991813774235,1.0195515707166167,0.0,2.2390717278488212,1
-0.9387136791295414,0.5579748310948552,0.0,2.579692279090361,0
0.7167608454825536,0.9741350355957514,0.0,2.403610223391315,0
-1.5485003349869826,1.4481512087337318,0.0,2.243475358729782,1
-1.5485003349869826,0.5724624714600394,0.0,2.509533058172459,1
-1.5485003349869826,-0.9936650520340982,0.0,5.467634329397024,1
-1.5485003349869826,0.8232191038966041,0.0,2.624846119621317,1
0.2992204722762644,-1.4427494637557696,0.0,5.531842627485969,1
-1.0858721948025927,-0.24594802703904736,0.0,2.4241462953443214,1
-1.0858721948025927,-1.1072540633563843,0.0,3.776041356612267,1
1.378166435913162,-1.4495045676037308,0.0,6.129754632263479,1
-1.1214248141389416,1.0050318545785826,0.0,2.524259046480426,1
1.378166435913162,-0.6049868054710292,0.0,4.300333594628563,1
-0.6069441369197217,0.0,0.0,5.0,0
1.378166435913162,0.8385215690740073,0.0,2.122448336259427,0
1.378166435913162,0.4551209749426044,0.0,2.3089377872989494,0
0.639580171692575,-1.4495045676037308,0.0,2.4526962335143407,0
-1.0858721948025927,-0.9851730539265872,0.0,4.939295437438966,1
1.378166435913162,1.4481512087337318,0.0,2.133842449260665,0
-1.1458991813774235,1.4481512087337318,0.0,1.8922744333977073,1
-1.5485003349869826,1.4481512087337318,0.0,1.8154609757025546,1
-1.5485003349869826,-0.37465079680058994,0.0,5.0895344167117385,1
-1.1214248141389416,1.4481512087337318,0.0,2.3804454784941242,1
-1.5485003349869826,-1.4495045676037308,0.0,3.814850722721888,1
1.378166435913162,1.0050318545785826,0.0,2.66186290868943,0
-1.0858721948025927,1.0195515707166167,0.0,2.2961671643373487,1
1.378166435913162,-1.4495045676037308,0.0,4.146869860262622,1
-1.1495623980963838,-1.1634084993085074,0.0,4.473515305784827,1
0.639580171692575,-0.9108287659375035,0.0,3.994625900438128,1
0.49333107363031126,1.0114269153682998,0.0,2.08563874724544,0
0.639580171692575,0.955526228545644,0.0,1.9349184742142138,0
1.378166435913162,-0.03131471722923226,0.0,2.768697162586457,0
-1.1214248141389416,1.0050318545785826,0.0,2.496412833013687,1
0.710370033396719,0.3759661808692332,0.0,2.845389770086802,0
-1.0858721948025927,1.0050318545785826,0.0,2.5928187666662756,1
-1.5485003349869826,-1.4495045676037308,0.0,6.624502956603887,1
-1.1214248141389416,1.4481512087337318,0.0,2.6661364418400613,1
1.378166435913162,1.0050318545785826,0.0,2.847765368116169,0
0.6592797762866381,0.9602430705187611,0.0,8.64104847892397,1
-1.5485003349869826,-1.4495045676037308,0.0,4.644837056709301,1
1.378166435913162,0.9741350355957514,0.0,2.9956704965521066,0
-1.1495623980963838,-0.005246745334777632,0.0,2.685282041790268,1
1.378166435913162,1.0050318545785826,0.0,2.153078129361413,0
-0.9677212744122297,-0.9479509977678631,0.0,4.038469574743393,1
-0.9211077550067456,0.964850235459259,0.0,2.6072871591604723,0
0.639580171692575,0.5724624714600394,0.0,2.54616080728769,0
-1.1495623980963838,-1.4495045676037308,0.0,5.874544851890391,1
-0.6443188832422547,1.0969799165943286,0.0,3.0834132265642746,1
-1.1458991813774235,1.0195515707166167,0.0,2.326463179177537,0
-1.1214248141389416,-0.9884953765624958,0.0,4.155188159695059,1
0.787598712547306,0.9741350355957514,0.0,8.031463378236193,1
1.378166435913162,0.5724624714600394,0.0,8.744333766722244,1
-1.1495623980963838,-1.4495045676037308,0.0,5.934704773155722,1
0.7167608454825536,1.4481512087337318,0.0,1.963230865380042,0
-1.5485003349869826,1.4481512087337318,0.0,2.2209370808855717,1
0.6849473754636609,-1.1016700184758534,0.0,4.5417992496100705,1
-1.5485003349869826,0.034333324795180774,0.0,2.371336899753718,1
1.378166435913162,1.4481512087337318,0.0,2.369584919707804,0
-1.5485003349869826,1.4481512087337318,0.0,2.0791146385457218,1
-1.1495623980963838,0.8232191038966041,0.0,2.196501917722361,1
-1.1458991813774235,-1.4495045676037308,0.0,4.941611171769693,1
1.378166435913162,0.4838918902983728,0.0,8.193142786498411,1
-1.1495623980963838,-1.159404528414128,0.0,5.848794738305607,1
1.378166435913162,-1.4495045676037308,0.0,6.528905276370693,1
-1.1214248141389416,-1.4495045676037308,0.0,5.928037041470136,1
-1.1495623980963838,-1.0993323273573337,0.0,3.636902497063538,1
1.378166435913162,-0.2856425993534151,0.0,3.2591492739116754,0
0.6592797762866381,-1.446633885787977,0.0,5.028895373193944,1
-1.5485003349869826,1.4481512087337318,0.0,2.6910294081996184,1
0.710370033396719,1.4481512087337318,0.0,2.8262201347965967,0
-1.0858721948025927,-1.4495045676037308,0.0,5.620755935705228,1
0.7167608454825536,-1.4495045676037308,0.0,3.1616459226079847,0
-1.5485003349869826,-1.1072540633563843,0.0,6.246587154388514,1
0.787598712547306,-1.4495045676037308,0.0,5.172047171502024,1
-1.5485003349869826,0.6106347386481292,0.0,2.350985699335023,1
-1.5485003349869826,-1.4495045676037308,0.0,5.9547683436066805,1
0.7167608454825536,-0.9108287659375035,0.0,5.620526179897332,1
-1.0858721948025927,0.36572756144750335,0.0,3.436331306645121,0
-1.0858721948025927,-1.1072540633563843,0.0,5.00342977915443,1
1.378166435913162,-1.0993323273573337,0.0,2.841680726554235,0
0.710370033396719,0.5724624714600394,0.0,7.694580891864644,1
1.378166435913162,1.4481512087337318,0.0,2.545470244769583,0
0.710370033396719,0.529895899215817,0.0,2.050875200124538,0
1.378166435913162,0.006290246117864921,0.0,2.5891625464193546,0
1.378166435913162,1.0050318545785826,0.0,2.323213045842368,0
-1.0858721948025927,-1.159404528414128,0.0,5.982254940891162,1
-1.0609486432407544,-1.159797729275601,0.0,1.9987720614585112,1
1.378166435913162,1.4481512087337318,0.0,8.45343221756266,1
0.7167608454825536,-1.4495045676037308,0.0,5.883173123858361,1
-1.5485003349869826,-1.4495045676037308,0.0,5.469699882607781,1
1.378166435913162,-1.4495045676037308,0.0,5.783683907809971,1
0.7167608454825536,-1.4495045676037308,0.0,5.458575364667264,1
0.7167608454825536,-1.1634084993085074,0.0,5.3798243758743505,1
1.378166435913162,-1.4495045676037308,0.0,4.029894709059526,1
-1.1214248141389416,-1.0993323273573337,0.0,5.7259627636730235,1
-0.9578725141904859,-1.445668912944812,0.0,3.991632192449883,1
0.7167608454825536,0.28349892984171615,0.0,8.262553947370343,1
0.6849473754636609,-1.446633885787977,0.0,5.443212857039457,1
-1.1214248141389416,-1.4495045676037308,0.0,4.757565591991184,1
-1.5485003349869826,-0.9007725365746757,0.0,2.217575748053431,0
-1.0858721948025927,-0.9936650520340982,0.0,5.049685124574924,1
-1.0858721948025927,0.9741350355957514,0.0,2.2110596760662515,1
0.639580171692575,0.9741350355957514,0.0,2.085162870512266,0
-1.5485003349869826,1.0050318545785826,0.0,2.197614655962495,1
-1.1458991813774235,1.4481512087337318,0.0,2.254864323966281,0
-1.1214248141389416,-1.4495045676037308,0.0,5.179610630675162,1
-1.5485003349869826,-1.0993323273573337,0.0,4.446709113407502,1
-1.5485003349869826,1.0050318545785826,0.0,2.151783001681957,1
1.378166435913162,-0.9108287659375035,0.0,2.345806141488661,0
0.7167608454825536,0.9741350355957514,0.0,8.516648510623842,1
-1.0858721948025927,1.4481512087337318,0.0,2.6865723741825542,1
-1.1214248141389416,-1.4495045676037308,0.0,4.905300305842577,1
1.378166435913162,1.0195515707166167,0.0,8.527819038469637,1
-0.9741862948889325,1.447960843819446,0.0,2.44782610420672,1
1.378166435913162,-1.4495045676037308,0.0,4.831381981919551,1
-0.7112833792144606,0.0,0.0,5.0,1
0.2707669369106624,1.0969799165943286,0.0,2.9306914893602984,0
0.4717016244952289,0.844606181183836,0.0,2.540666284874454,0
1.378166435913162,0.3792475579971822,0.0,8.77531528509484,1
-1.5485003349869826,-1.4495045676037308,0.0,5.965489970957596,1
0.787598712547306,0.955526228545644,0.0,8.107665066041008,1
-1.0245251369844965,-1.103540188433729,0.0,6.210345922228903,1
0.7167608454825536,-1.4495045676037308,0.0,2.315829805394057,0
-0.9677212744122297,-1.4475948051420449,0.0,4.343070140932303,1
1.378166435913162,1.0195515707166167,0.0,8.478527626223839,1
-1.5485003349869826,-0.9069748149647733,0.0,4.760750975040581,1
0.639580171692575,-1.0993323273573337,0.0,8.381140775830804,1
-1.0858721948025927,0.955526228545644,0.0,1.9130591941488055,1
-1.1214248141389416,0.9741350355957514,0.0,2.335071814691203,1
-0.9519980375170829,0.466294226681688,0.0,2.5649357269028576,0
-1.5485003349869826,-1.159404528414128,0.0,4.422975029894696,1
0.710370033396719,0.9741350355957514,0.0,1.8985274969816528,0
-1.1458991813774235,1.4481512087337318,0.0,1.7529341434229089,1
0.639580171692575,1.4481512087337318,0.0,2.134243794167574,0
-1.0609486432407544,1.0076156727753416,0.0,1.9217920885415667,1
-1.5485003349869826,-1.4495045676037308,0.0,4.607589393108136,1
-0.9990116365219599,1.0076156727753416,0.0,2.0553663839548855,1
0.4717016244952289,0.812015604530254,0.0,8.828690919650278,1
1.378166435913162,0.3759661808692332,0.0,2.295562077647217,0
-0.9304323319006259,-0.8299237088265997,0.0,3.8448457756297305,1
-1.0858721948025927,-1.4495045676037308,0.0,6.289065968579562,1
0.639580171692575,-1.4495045676037308,0.0,3.4778871264194766,1
-1.0462089020296135,0.5777299603435586,0.0,2.3728726801869966,1
0.710370033396719,0.42471799262274007,0.0,8.568880608376983,1
1.378166435913162,-0.9363439714824308,0.0,2.4190014461588603,0
-1.5485003349869826,0.9741350355957514,0.0,2.255109888012081,1
1.378166435913162,-1.4495045676037308,0.0,6.354805517814404,1
0.639580171692575,0.955526228545644,0.0,8.220065631623017,1
-1.5485003349869826,0.03320676550546262,0.0,2.5699900706969765,1
1.378166435913162,0.955526228545644,0.0,1.7088333942583904,0
0.4717016244952289,0.9775140375569451,0.0,8.168976881710662,1
-1.0365358038448755,0.9775140375569451,0.0,1.9535266480909776,1
-1.5485003349869826,-1.4495045676037308,0.0,4.345520085661979,1
1.378166435913162,1.4481512087337318,0.0,2.590768793417939,0
-1.0365358038448755,-1.159797729275601,0.0,4.479979508768439,1
1.378166435913162,1.0195515707166167,0.0,8.20785888987124,1
-0.6533076454768247,0.0,0.0,5.0,0
-0.9677212744122297,1.0223594674531358,0.0,2.3521626345796642,1
-1.0609486432407544,-1.4475948051420449,0.0,4.825817203346802,1
-1.5485003349869826,-0.02932337415056339,0.0,2.3534811495894394,1
-1.1495623980963838,-1.0993323273573337,0.0,4.5656328551610645,1
0.639580171692575,1.4481512087337318,0.0,2.0777788015208687,0
0.710370033396719,1.0050318545785826,0.0,2.4850205055753314,0
-1.1458991813774235,0.8232191038966041,0.0,8.039951296591706,1
-1.0858721948025927,0.529895899215817,0.0,2.4871567946464777,0
0.639580171692575,-1.0993323273573337,0.0,4.125766246236395,1
-1.0858721948025927,-0.01311370900907036,0.0,2.663624310624652,1
-1.0609486432407544,0.9586831535244584,0.0,2.1124045095101684,1
-1.5485003349869826,-1.4495045676037308,0.0,5.729846178334569,1
-1.5485003349869826,1.4481512087337318,0.0,2.8130476309107966,1
0.7167608454825536,-0.0019900858817882327,0.0,2.766790280782796,0
-0.8490586159900211,0.5137152782315153,0.0,2.3401258231570714,1
0.639580171692575,-1.4495045676037308,0.0,8.796833607269434,1
-1.5485003349869826,1.4481512087337318,0.0,1.9681753813054406,1
-1.5485003349869826,0.9741350355957514,0.0,1.5118350196270827,1
-1.5485003349869826,-1.4495045676037308,0.0,5.900115732122907,1
-1.1495623980963838,-1.4495045676037308,0.0,4.368501389562796,1
-1.1495623980963838,1.0195515707166167,0.0,2.2147196018611854,1
-1.0365358038448755,-1.103540188433729,0.0,6.1112351564750735,1
-0.9578725141904859,1.0251255539625228,0.0,2.5661193923859407,1
-1.1458991813774235,0.42173437799289054,0.0,2.577199106075948,1
0.6650892123420602,-1.0939546378979703,0.0,7.962037463905095,1
-0.8505838850374251,-1.445668912944812,0.0,5.363687394853766,1
0.7167608454825536,0.44216136193174915,0.0,2.576424542742368,0
1.378166435913162,-1.4495045676037308,0.0,4.35314748613242,1
-1.1458991813774235,0.9741350355957514,0.0,8.081091848331617,1
0.710370033396719,1.4481512087337318,0.0,2.5344060323605415,0
1.378166435913162,1.0050318545785826,0.0,8.493005801813052,1
-1.1214248141389416,-1.4495045676037308,0.0,5.979341614032655,1
-1.0858721948025927,0.9741350355957514,0.0,2.6075409920661015,1
-1.1495623980963838,-1.0993323273573337,0.0,6.1968074412242675,1
-1.1495623980963838,-1.4495045676037308,0.0,6.003584029550161,1
0.787598712547306,0.38647727700336365,0.0,2.363750221557789,0
-0.0844568388941227,0.0,0.0,5.0,1
0.710370033396719,0.955526228545644,0.0,2.7705717065834397,0
-1.0858721948025927,-1.4495045676037308,0.0,4.941597419581718,1
-1.5485003349869826,1.4481512087337318,0.0,2.5897741150131313,1
-1.1214248141389416,0.7575476520511129,0.0,2.1555768353080667,1
1.378166435913162,-0.23516854343153645,0.0,2.940670613806474,0
-1.1458991813774235,-1.4495045676037308,0.0,4.1526176741363425,1
1.378166435913162,0.8064660309596711,0.0,2.66037056978602,0
-1.1214248141389416,1.0050318545785826,0.0,2.3043812648136166,1
1.378166435913162,1.4481512087337318,0.0,2.2425229991777282,0
1.378166435913162,1.4481512087337318,0.0,2.712302268400536,0
1.378166435913162,1.4481512087337318,0.0,2.2103785529116466,0
-1.5485003349869826,-0.9054217075594011,0.0,4.113916030518123,1
1.378166435913162,1.4481512087337318,0.0,1.987975608137484,0
-1.1458991813774235,1.4481512087337318,0.0,2.180228865416302,1
-0.9677212744122297,-1.4475948051420449,0.0,4.9888309337263665,1
-1.1458991813774235,-1.4495045676037308,0.0,4.883630979399169,1
1.378166435913162,-1.1634084993085074,0.0,8.334376514458228,1
0.787598712547306,1.0050318545785826,0.0,2.5014735956927083,0
-1.0858721948025927,-1.1072540633563843,0.0,6.322258224843568,1
0.32163879325296507,1.4478165439220947,0.0,2.632945413517979,0
0.476557318369301,-1.0979031000986454,0.0,5.652504586506617,1
-1.5485003349869826,-1.4495045676037308,0.0,5.418653799471409,1
-0.7891557754878099,0.1315467240600456,0.0,2.4521985820484167,1
0.639580171692575,-1.159404528414128,0.0,2.768105702536247,0
1.378166435913162,0.9741350355957514,0.0,2.3268617508102194,0
1.378166435913162,0.3565127893577844,0.0,2.5737047574854177,0
1.378166435913162,-1.4495045676037308,0.0,6.915921286780411,1
-0.9677212744122297,0.41155305846919155,0.0,4.226882271859253,1
-1.1458991813774235,1.4481512087337318,0.0,2.3075346408101325,1
1.378166435913162,0.8385215690740073,0.0,2.1399940132614526,0
-1.0365358038448755,-1.159797729275601,0.0,4.457868303379884,1
1.378166435913162,-1.159404528414128,0.0,4.47548336079012,1
0.787598712547306,-0.9880355100044224,0.0,5.893027820038447,1
-1.1214248141389416,0.955526228545644,0.0,8.270454340608264,1
1.378166435913162,-1.159404528414128,0.0,8.805473664476462,1
0.44974821666265885,-1.0903286688826128,0.0,6.253061842291603,1
-1.1214248141389416,-1.4495045676037308,0.0,6.19559722309394,1
1.378166435913162,-0.9108287659375035,0.0,2.6277177757670533,0
-0.8122853002756054,-0.6339741608278453,0.0,6.226582827513968,1
-1.5485003349869826,0.8064660309596711,0.0,1.9173177192166533,1
-1.1458991813774235,-1.4495045676037308,0.0,5.982294637010872,1
1.378166435913162,0.955526228545644,0.0,7.8698751293242495,1
-0.9990116365219599,-1.4475948051420449,0.0,5.594305123464042,1
-1.5485003349869826,-1.4495045676037308,0.0,5.574703868617904,1
1.378166435913162,1.4481512087337318,0.0,2.5442894516539027,0
0.639580171692575,0.955526228545644,0.0,2.2942830904785776,1
1.378166435913162,0.3759661808692332,0.0,2.770702515145353,0
-1.5485003349869826,-1.4495045676037308,0.0,5.599351785491874,1
0.710370033396719,-1.4495045676037308,0.0,4.985699627942499,1
0.710370033396719,0.46440597240841386,0.0,8.200548506454544,1
-1.1214248141389416,-1.4495045676037308,0.0,4.358703698363112,1
-0.8777481118796784,0.8347774894678208,0.0,2.321274081357983,1
1.378166435913162,-1.1634084993085074,0.0,6.009776292691875,1
-1.5485003349869826,-0.9161759559352339,0.0,2.711415342190641,1
1.378166435913162,1.4481512087337318,0.0,2.6486028930604992,0
-1.0858721948025927,0.42173437799289054,0.0,1.9060283674795075,1
1.378166435913162,1.0050318545785826,0.0,8.703026954608625,1
-1.5485003349869826,-1.4495045676037308,0.0,5.435000954642465,1
-1.5485003349869826,-0.9287615108319933,0.0,4.596994187225706,1
-1.5485003349869826,1.4481512087337318,0.0,2.155903870257877,1
-1.1458991813774235,0.8232191038966041,0.0,1.9133685009355925,1
1.378166435913162,-1.1634084993085074,0.0,2.969113969112604,0
0.7167608454825536,1.4481512087337318,0.0,2.022324419674341,0
0.710370033396719,0.006994763337016936,0.0,2.488716337634337,0
-1.0365358038448755,-1.103540188433729,0.0,5.636794854170302,1
-0.9095978521229667,-1.4417680674827236,0.0,6.850327163837821,1
-1.0858721948025927,1.4481512087337318,0.0,2.3207135988927807,1
-1.5485003349869826,-1.1072540633563843,0.0,2.6207389619792654,1
1.378166435913162,0.9741350355957514,0.0,8.027101709418515,1
1.378166435913162,0.9741350355957514,0.0,2.785376671995717,0
0.476557318369301,0.8202230954798668,0.0,2.3344218523576368,0
1.378166435913162,0.44216136193174915,0.0,2.229706598424253,0
-1.5485003349869826,-0.9205331774008391,0.0,2.6994231426989854,1
1.378166435913162,-1.4495045676037308,0.0,5.204879561939549,1
-0.8782090363879707,1.4477681496892185,0.0,2.016636000200025,1
0.4717016244952289,1.4480563147787553,0.0,2.1471985615771128,0
-1.5485003349869826,1.4481512087337318,0.0,2.7623960663967138,1
-1.5485003349869826,-0.20585480409661844,0.0,2.816423164020517,1
0.639580171692575,-1.1634084993085074,0.0,5.55178120317575,1
-1.5485003349869826,1.0195515707166167,0.0,2.8807398379284375,1
0.787598712547306,-1.1072540633563843,0.0,8.11134926349791,1
-1.5485003349869826,-1.159404528414128,0.0,6.166296289024702,1
1.378166435913162,-0.2797947139911718,0.0,8.742154741677176,1
0.7167608454825536,1.0195515707166167,0.0,8.559804874169943,1
-1.1214248141389416,-1.4495045676037308,0.0,6.139433932613276,1
-1.5485003349869826,-0.9880355100044224,0.0,4.6051342255435435,1
0.710370033396719,0.955526228545644,0.0,1.7565656561134761,0
-1.1495623980963838,1.0050318545785826,0.0,2.5501679791285112,1
-1.5485003349869826,-0.9205331774008391,0.0,2.681480812233078,1
0.4949802524694769,-1.4475948051420449,0.0,5.599977707548163,1
1.378166435913162,-0.9936650520340982,0.0,6.1875177167588395,1
0.2802727248633039,0.5907273870667789,0.0,7.781477200245211,1
0.7167608454825536,-0.9880355100044224,0.0,8.84770000306919,1
0.7167608454825536,-1.0993323273573337,0.0,2.118877752907416,0
-0.8916631589940532,0.44487938325944415,0.0,8.63224119635304,1
1.378166435913162,-1.4495045676037308,0.0,4.537769751442743,1
1.378166435913162,-1.4495045676037308,0.0,4.070376564437318,1
1.378166435913162,-1.4495045676037308,0.0,5.405277375597113,1
1.378166435913162,-1.4495045676037308,0.0,2.800499529620446,0
1.378166435913162,0.9741350355957514,0.0,8.185452181118954,1
-1.1214248141389416,0.9741350355957514,0.0,2.0460757030808776,1
1.378166435913162,0.9741350355957514,0.0,2.633418630814058,0
-1.1495623980963838,-0.2767453743823041,0.0,2.7205821789788267,1
-1.0858721948025927,-1.4495045676037308,0.0,5.586478616334886,1
-1.5485003349869826,0.955526228545644,0.0,2.155156217672352,1
1.378166435913162,1.4481512087337318,0.0,8.701282589979904,1
-1.5485003349869826,1.4481512087337318,0.0,2.031289300952646,1
-0.4268638242362914,0.0,0.0,5.0,1
0.639580171692575,1.0195515707166167,0.0,8.176497035474412,1
1.378166435913162,-1.0993323273573337,0.0,3.0161064179624466,0
-1.5485003349869826,-1.1634084993085074,0.0,3.664880412459761,1
1.378166435913162,1.0195515707166167,0.0,8.343202156022585,1
-1.5485003349869826,0.5572496289205514,0.0,2.7423596474069862,1
-1.5485003349869826,1.4481512087337318,0.0,2.39265032586878,1
-1.1458991813774235,-1.4495045676037308,0.0,5.727845864092904,1
-0.9677212744122297,-1.1559598128387922,0.0,5.2162731254385575,1
-1.1458991813774235,0.26059465135857984,0.0,3.0661978790856304,1
0.639580171692575,-1.4495045676037308,0.0,5.79126821376709,1
-1.5485003349869826,1.4481512087337318,0.0,2.248496509932251,1
-1.0858721948025927,-0.23430378421031828,0.0,2.8101464560413034,1
0.6650892123420602,1.0237476835419264,0.0,2.0629271310824833,0
-1.5485003349869826,1.4481512087337318,0.0,2.600639571643093,1
-0.9990116365219599,-1.4475948051420449,0.0,4.27228465127027,1
0.787598712547306,0.8385215690740073,0.0,2.3046803893236354,0
1.378166435913162,1.4481512087337318,0.0,2.6440264580872004,0
-1.5485003349869826,1.0050318545785826,0.0,2.324934461556051,1
-1.5485003349869826,-1.159404528414128,0.0,2.916849232154649,1
-1.1458991813774235,-0.9007725365746757,0.0,2.564938673315573,1
-1.5485003349869826,-1.159404528414128,0.0,5.102681969353937,1
-1.0245251369844965,1.4480563147787553,0.0,2.381901429006075,1
0.7167608454825536,0.9741350355957514,0.0,1.98689200999543,0
1.378166435913162,-1.4495045676037308,0.0,5.562357276787877,1
1.378166435913162,1.0050318545785826,0.0,1.9939269935131192,0
1.378166435913162,-0.8383489019766284,0.0,4.738049265754038,1
0.710370033396719,1.4481512087337318,0.0,8.27398191703978,1
-1.5485003349869826,1.4481512087337318,0.0,2.3274638282132702,1
-1.5485003349869826,-0.9108287659375035,0.0,2.4489549872027316,1
-1.5485003349869826,-1.1634084993085074,0.0,4.231280124582929,1
-1.5485003349869826,1.4481512087337318,0.0,2.4862607068235096,1
-1.5485003349869826,-1.4495045676037308,0.0,5.33855514247194,1
-1.5485003349869826,-1.159404528414128,0.0,5.274980479956878,1
0.710370033396719,-1.4495045676037308,0.0,5.8801825048402385,1
-1.5485003349869826,-1.4495045676037308,0.0,5.7748265442716065,1
0.787598712547306,-1.4495045676037308,0.0,6.41350258342216,1
-0.6967228338519716,1.4476709157561762,0.0,2.2040986693622635,0
-0.40491475585513315,0.0,0.0,5.0,1
-0.748337371443053,-1.439792780299029,0.0,5.920681788137395,1
-1.1214248141389416,-1.4495045676037308,0.0,5.4597737048036885,1
0.18128364483876905,0.0,0.0,5.0,0
1.378166435913162,-1.4495045676037308,0.0,3.783384252546432,1
-1.0609486432407544,-1.103540188433729,0.0,4.257717471757007,1
-1.0462089020296135,1.4480563147787553,0.0,2.0858963078148745,1
-1.5485003349869826,1.4481512087337318,0.0,2.4301032907081153,1
1.378166435913162,1.4481512087337318,0.0,2.138084545859349,0
0.6650892123420602,-1.446633885787977,0.0,6.350841217291521,1
-1.5485003349869826,-0.9287615108319933,0.0,2.634799894016792,1
-0.01016288716615204,0.0,0.0,5.0,1
1.378166435913162,1.0050318545785826,0.0,8.410549176316223,1
1.378166435913162,-0.9851730539265872,0.0,6.509928318953984,1
-0.9569886977959938,1.4477681496892185,0.0,2.200430807905688,1
0.787598712547306,-1.1634084993085074,0.0,6.004693081218602,1
0.639580171692575,0.8232191038966041,0.0,2.2440658968153686,0
-0.7456176270155758,1.4476709157561762,0.0,2.039254152740278,1
-1.0858721948025927,0.8232191038966041,0.0,1.9584152576718932,0
0.7167608454825536,1.0050318545785826,0.0,2.5332857967608042,0
-1.0858721948025927,0.9741350355957514,0.0,1.4977234541210942,1
1.378166435913162,1.4481512087337318,0.0,2.4030558590063964,1
1.378166435913162,-0.34575277140605015,0.0,2.5882372225576114,0
-1.5485003349869826,0.9741350355957514,0.0,2.510230359377835,1
1.378166435913162,0.5724624714600394,0.0,2.4472355066482576,0
-0.9677212744122297,-1.159797729275601,0.0,6.748017990517335,1
0.639580171692575,-1.4495045676037308,0.0,6.3291030175381895,1
-1.1214248141389416,0.529895899215817,0.0,2.366286126988519,1
0.787598712547306,1.0050318545785826,0.0,2.6855966077693445,0
-1.1214248141389416,1.0050318545785826,0.0,2.612753381805754,1
-0.8505838850374251,0.39037068594609664,0.0,2.3118502954591875,1
0.710370033396719,-0.8372410419531175,0.0,5.7451853966203466,1
-1.5485003349869826,0.9741350355957514,0.0,2.031161260275162,1
-1.1214248141389416,1.0195515707166167,0.0,2.5608621965291523,1
-1.5485003349869826,-1.4495045676037308,0.0,6.4298793915825225,1
1.378166435913162,0.2818173304616757,0.0,2.4613201686549426,0
-1.1495623980963838,-1.1072540633563843,0.0,4.746790196003897,1
-1.1495623980963838,0.4551209749426044,0.0,4.566043072399851,1
-1.1495623980963838,1.0195515707166167,0.0,1.86053837093861,1
1.378166435913162,0.35726796640891245,0.0,2.676289183329272,0
1.378166435913162,-1.4495045676037308,0.0,6.053415495537877,1
-1.0365358038448755,1.4480563147787553,0.0,2.5989165079616106,1
1.378166435913162,-1.4495045676037308,0.0,6.202125205452814,1
-1.1458991813774235,1.4481512087337318,0.0,1.835062186196735,1
-1.1458991813774235,0.35726796640891245,0.0,2.6498720621119882,1
-1.0858721948025927,-1.4495045676037308,0.0,6.246825312789505,1
1.378166435913162,0.955526228545644,0.0,2.250326112097519,0
-1.0858721948025927,0.955526228545644,0.0,2.0725743474254354,1
-1.5485003349869826,0.6106347386481292,0.0,2.916587222643588,1
0.787598712547306,-0.9884953765624958,0.0,2.602432920576624,0
-1.1458991813774235,-1.4495045676037308,0.0,6.213186117853542,1
0.2917463734418096,-1.147205974207526,0.0,3.9889047477554174,1
0.4949802524694769,1.0223594674531358,0.0,2.4853085132555024,0
-1.0858721948025927,0.5797134191783557,0.0,2.4979000399627465,1
-1.1458991813774235,-1.4495045676037308,0.0,4.583356050046094,1
1.378166435913162,0.40737445003164274,0.0,8.22285914282571,1
-0.85500721093958,-1.4437267228516664,0.0,6.664418022278763,1
-1.5485003349869826,-1.1634084993085074,0.0,4.362240285874886,1
-1.0858721948025927,1.4481512087337318,0.0,2.078292760417189,1
-0.3152294991918106,0.0,0.0,5.0,0
-1.5485003349869826,0.9741350355957514,0.0,2.112628706111806,1
0.4717016244952289,-0.8950688389717857,0.0,8.335595734523766,1
-1.1495623980963838,-1.4495045676037308,0.0,6.406654444192993,1
-1.0858721948025927,0.955526228545644,0.0,2.435687791213913,1
-1.1495623980963838,0.955526228545644,0.0,4.161184573550372,1
-1.5485003349869826,1.4481512087337318,0.0,2.5977208458376726,1
1.378166435913162,0.08393268515956356,0.0,9.088218403131597,1
-1.0462089020296135,0.41155305846919155,0.0,2.2354891877403054,1
0.710370033396719,-1.159404528414128,0.0,5.662978108554801,1
-1.0858721948025927,1.0195515707166167,0.0,2.142785825090398,1
-1.1458991813774235,-1.4495045676037308,0.0,5.443978327715124,1
0.4316848229639746,-1.085143769418682,0.0,4.637957698942516,1
-1.0858721948025927,0.6829522445306385,0.0,2.562179844695529,1
1.378166435913162,0.8064660309596711,0.0,8.46082297118739,1
0.6448273970616095,0.5803490267696828,0.0,8.714449207928435,1
-1.5485003349869826,-1.4495045676037308,0.0,4.649714071999241,1
-1.0245251369844965,-1.0957553480603646,0.0,5.162933648498344,1
-1.1495623980963838,-1.159404528414128,0.0,5.681934715777852,1
-1.1495623980963838,-1.4495045676037308,0.0,6.903821512822087,1
-1.0365358038448755,-1.4475948051420449,0.0,4.736409223622923,1
1.378166435913162,-1.4495045676037308,0.0,2.8949167321840426,0
0.457916959072592,1.4479128903145995,0.0,1.7644384023277047,0
0.7167608454825536,-1.1072540633563843,0.0,6.093746811848397,1
-1.5485003349869826,1.4481512087337318,0.0,2.4079617674921856,1
1.378166435913162,0.529895899215817,0.0,8.419457747580793,1
1.378166435913162,-0.9471469153344222,0.0,8.717157169459252,1
-1.5485003349869826,-1.4495045676037308,0.0,6.061091402699135,1
-1.5485003349869826,1.4481512087337318,0.0,2.540292688050399,1
-1.5485003349869826,1.4481512087337318,0.0,1.9625632939256559,1
-1.1458991813774235,0.9741350355957514,0.0,2.6544872078675534,1
0.29140121013387316,1.0200294737647817,0.0,2.583125062973609,0
-0.8835539439262003,-1.439792780299029,0.0,5.430284488996977,1
1.378166435913162,1.0050318545785826,0.0,2.4651713313477708,0
0.787598712547306,1.0195515707166167,0.0,8.270622808396002,1
1.378166435913162,1.0050318545785826,0.0,8.26161751562802,1
-1.1495623980963838,1.4481512087337318,0.0,2.0842640671336676,1
0.639580171692575,0.529895899215817,0.0,1.964031246405364,0
-1.5485003349869826,-0.9479497917907227,0.0,5.828178143205553,1
-1.1495623980963838,-1.4495045676037308,0.0,4.6587614462717415,1
-1.0858721948025927,-1.159404528414128,0.0,4.126306657503386,1
-1.5485003349869826,-0.34947270326124147,0.0,2.3637104973051453,1
-1.0858721948025927,-1.4495045676037308,0.0,5.337009606260683,1
-1.1214248141389416,1.4481512087337318,0.0,1.8325596292059174,1
-1.5485003349869826,-1.4495045676037308,0.0,4.822849185411602,1
-1.1214248141389416,-1.4495045676037308,0.0,5.982397260116716,1
0.2910106228792789,-1.0941006002252815,0.0,6.3019294478058985,1
-0.9677212744122297,-1.4475948051420449,0.0,4.0794049771793075,1
0.710370033396719,1.0050318545785826,0.0,1.7450894884503958,0
-1.1458991813774235,-1.4495045676037308,0.0,4.080042191399704,1
-1.5485003349869826,1.4481512087337318,0.0,2.772292091207685,1
-1.1214248141389416,-0.356567240394605,0.0,3.1248422787747625,1
0.639580171692575,0.24229025641790267,0.0,2.682011674459746,0
-1.5485003349869826,-0.9880355100044224,0.0,5.423834963643979,1
0.7167608454825536,0.36519378914312134,0.0,8.57325465808038,1
-1.5485003349869826,-1.159404528414128,0.0,5.450457607037707,1
1.378166435913162,0.529895899215817,0.0,2.3758728429659657,0
-1.0858721948025927,0.9741350355957514,0.0,2.3206592957368013,1
-1.1495623980963838,-1.4495045676037308,0.0,5.886199859827072,1
0.7167608454825536,0.38647727700336365,0.0,2.5680887247527444,0
-1.0365358038448755,0.9586831535244584,0.0,2.079286716795785,1
-1.1214248141389416,1.4481512087337318,0.0,2.299709445581985,1
-1.5485003349869826,0.955526228545644,0.0,2.513616861363257,1
-1.5485003349869826,1.0050318545785826,0.0,2.246199623674534,1
1.378166435913162,0.9741350355957514,0.0,8.450095143778558,1
-1.1495623980963838,-1.1072540633563843,0.0,5.413133694131928,1
1.378166435913162,1.0195515707166167,0.0,2.6790830610811884,0
1.378166435913162,0.9741350355957514,0.0,2.141038431906911,0
-1.0858721948025927,-0.26014491238148574,0.0,2.6123047303419797,1
-1.5485003349869826,0.955526228545644,0.0,1.7860699006955687,1
-1.5485003349869826,-0.9880355100044224,0.0,3.9572916277974612,1
-1.1495623980963838,-1.4495045676037308,0.0,4.531130873181542,1
-1.0858721948025927,0.955526228545644,0.0,2.3622322832913936,1
-1.5485003349869826,0.43386891187933424,0.0,2.098717052157029,1
1.378166435913162,1.0050318545785826,0.0,8.927222650657114,1
-1.5485003349869826,-1.4495045676037308,0.0,4.90856038433089,1
1.378166435913162,0.8064660309596711,0.0,2.1172534134428758,0
-1.1458991813774235,-1.159404528414128,0.0,4.65228514040588,1
0.4717016244952289,-0.9024489240964543,0.0,3.1981234008747665,0
1.378166435913162,1.4481512087337318,0.0,1.794109266151944,0
-1.5485003349869826,1.0050318545785826,0.0,2.4675362325557,1
-1.5485003349869826,0.955526228545644,0.0,2.647216426869314,1
1.378166435913162,1.4481512087337318,0.0,2.143915584592565,0
-1.5485003349869826,-1.1072540633563843,0.0,2.5110752247432315,1
0.710370033396719,1.4481512087337318,0.0,2.7270018381048837,0
-1.1495623980963838,-1.1634084993085074,0.0,4.008686318843315,1
-0.9677212744122297,-0.7106393626984976,0.0,2.825054652493342,1
-1.5485003349869826,1.0050318545785826,0.0,2.2937805474231303,1
1.378166435913162,-0.9880355100044224,0.0,2.459090636122274,0
-1.5485003349869826,-1.159404528414128,0.0,4.478744787444687,1
-0.2966226453634554,0.0,0.0,5.0,1
-1.5485003349869826,1.0195515707166167,0.0,2.2838914740653244,1
-1.1214248141389416,-1.4495045676037308,0.0,5.8015601080110635,1
-1.5485003349869826,-0.8392790577119408,0.0,2.4472295968899114,1
-1.0858721948025927,-1.4495045676037308,0.0,4.2252226909689234,1
-1.1214248141389416,-1.4495045676037308,0.0,5.930082109832565,1
0.7167608454825536,-0.9287615108319933,0.0,4.537374558717098,1
-1.0462089020296135,0.7642578262122808,0.0,2.151649013775048,1
-1.5485003349869826,0.955526228545644,0.0,1.8755794490620263,1
1.378166435913162,1.0195515707166167,0.0,2.583891028380079,0
-1.5485003349869826,1.4481512087337318,0.0,2.709792760437624,1
-1.5485003349869826,0.529895899215817,0.0,2.4137397801248666,1
0.4949802524694769,1.0223594674531358,0.0,2.080989873919701,0
1.378166435913162,-0.01527471480072308,0.0,2.5312973820512745,0
1.378166435913162,0.2982176798816978,0.0,2.608542992616155,0
0.6650892123420602,1.4480086517533537,0.0,8.532803735861984,1
-1.1458991813774235,0.955526228545644,0.0,2.015914115504404,1
-1.5485003349869826,-1.4495045676037308,0.0,5.78349097658985,1
-1.0245251369844965,1.0223594674531358,0.0,2.6057494760929245,1
0.710370033396719,-1.0993323273573337,0.0,2.545279422943927,0
1.378166435913162,0.5540466573460562,0.0,9.034694257758973,1
-1.1214248141389416,-1.1072540633563843,0.0,5.637871048785075,1
-1.0858721948025927,1.4481512087337318,0.0,2.159018913040248,1
0.49333107363031126,-0.9083193573967833,0.0,4.405044157970502,1
-1.5485003349869826,-0.01527471480072308,0.0,2.4332117824220827,1
0.639580171692575,1.4481512087337318,0.0,2.209712062626067,0
0.7167608454825536,-0.8773289292203059,0.0,3.9854492621997895,1
0.639580171692575,-1.1072540633563843,0.0,6.061723244720607,1
1.378166435913162,-1.4495045676037308,0.0,4.351065050025139,1
0.710370033396719,-1.159404528414128,0.0,4.8589547170717555,1
1.378166435913162,-1.1634084993085074,0.0,3.6262494232009432,1
-1.0858721948025927,1.4481512087337318,0.0,2.376673578328806,1
0.787598712547306,-1.4495045676037308,0.0,5.237182948443108,1
-1.5485003349869826,0.49266749583216723,0.0,2.6889569553761468,1
0.457916959072592,-1.4446998656154735,0.0,5.530432742410298,1
-1.5485003349869826,-1.4495045676037308,0.0,4.146504464091719,1
-1.5485003349869826,-1.4495045676037308,0.0,4.926761301732222,1
0.710370033396719,-1.0993323273573337,0.0,3.081510744636034,0
-1.1214248141389416,-1.4495045676037308,0.0,5.029979746199645,1
0.639580171692575,-0.9054217075594011,0.0,8.562144942092422,1
-1.5485003349869826,1.0195515707166167,0.0,2.377540453159472,1
-0.9448395840746106,-1.0868793630030773,0.0,3.1958375806636043,0
-1.5485003349869826,-0.8398857770572493,0.0,4.255618549865442,1
-1.5485003349869826,-1.4495045676037308,0.0,5.428138097937372,1
-1.5485003349869826,0.2647378594618631,0.0,2.565997302207781,1
-1.1495623980963838,0.955526228545644,0.0,3.1797515491352026,1
-1.1458991813774235,0.955526228545644,0.0,2.196832008342456,1
-1.5485003349869826,-1.4495045676037308,0.0,5.048833413582979,1
0.787598712547306,-1.159404528414128,0.0,4.216993143783428,1
-1.0858721948025927,-0.9069748149647733,0.0,2.7207840707071296,1
0.639580171692575,0.8232191038966041,0.0,8.702879446285849,1
-1.0858721948025927,0.955526228545644,0.0,2.0520979050145494,1
-1.5485003349869826,-1.4495045676037308,0.0,6.296378674342876,1
-1.1495623980963838,-0.9936650520340982,0.0,4.7886858496622855,1
-1.5485003349869826,0.5724624714600394,0.0,2.4720596532574315,1
0.787598712547306,0.5724624714600394,0.0,1.81578708741798,0
-1.1214248141389416,-0.021265589996551055,0.0,2.5200286744480427,1
-1.0858721948025927,-0.9007725365746757,0.0,4.5674081128534825,1
0.639580171692575,1.4481512087337318,0.0,2.4723492180828006,0
0.2802727248633039,0.9857085204737547,0.0,2.242021313111296,0
-1.1495623980963838,-1.4495045676037308,0.0,4.38579869569972,1
0.639580171692575,1.0195515707166167,0.0,2.062644582075152,0
1.378166435913162,-0.22559890643716804,0.0,2.938549362882268,0
-1.5485003349869826,0.8064660309596711,0.0,1.8716860603311318,1
0.29064252736985835,-0.2369541981369257,0.0,2.927357085380596,0
-0.9677212744122297,-1.1559598128387922,0.0,5.47380526379397,1
0.787598712547306,0.8064660309596711,0.0,2.1167968853817705,0
0.787598712547306,0.9741350355957514,0.0,1.797061018342122,0
0.4440323797939889,1.4479128903145995,0.0,2.3291222105007745,0
1.378166435913162,1.0195515707166167,0.0,1.826980155583314,0
-1.0858721948025927,-0.3263603422279564,0.0,2.4439598514750216,0
-1.1495623980963838,1.0050318545785826,0.0,2.2458537736776107,1
1.378166435913162,1.0195515707166167,0.0,1.937100594319969,0
-0.9201040441601099,-1.445668912944812,0.0,6.4562031197322,1
-1.0858721948025927,-1.4495045676037308,0.0,6.624531944918339,1
-1.5485003349869826,-1.159404528414128,0.0,3.0058364131780166,1
-1.5485003349869826,-1.4495045676037308,0.0,5.999212754749701,1
-1.5485003349869826,-1.4495045676037308,0.0,5.56692542715315,1
0.6849473754636609,0.9791814988981976,0.0,2.405820743297874,0
-1.1214248141389416,1.4481512087337318,0.0,2.473890851513833,1
1.378166435913162,-1.1072540633563843,0.0,6.189799941889587,1
0.710370033396719,-1.4495045676037308,0.0,5.721458986469631,1
-1.1214248141389416,-1.4495045676037308,0.0,6.030856835055269,1
1.378166435913162,0.695714165113867,0.0,2.6267713184925054,0
-1.5485003349869826,-1.4495045676037308,0.0,4.4416745697860645,1
-1.1214248141389416,1.4481512087337318,0.0,2.3928380749198284,1
0.639580171692575,0.955526228545644,0.0,7.981192633438468,1
0.4949802524694769,1.0076156727753416,0.0,2.527446957997319,0
1.378166435913162,0.8232191038966041,0.0,2.381763869905267,0
-1.5485003349869826,-0.2775332256385209,0.0,4.101777925187506,1
-1.5485003349869826,-0.9108287659375035,0.0,6.135926290408534,1
0.787598712547306,1.4481512087337318,0.0,2.6630776017316666,0
1.378166435913162,-1.4495045676037308,0.0,5.919508889257686,1
-1.0462089020296135,0.9586831535244584,0.0,2.1806958618259555,1
1.378166435913162,-0.2547376710135131,0.0,8.727234387717484,1
0.2973989642280703,1.013925650098777,0.0,8.394380202086907,1
-1.0365358038448755,1.0223594674531358,0.0,2.117756393368693,1
0.7167608454825536,0.5724624714600394,0.0,1.8340069373007601,0
0.787598712547306,-1.4495045676037308,0.0,5.270594279587845,1
-1.0858721948025927,1.4481512087337318,0.0,2.461710935097191,0
-1.0858721948025927,-1.159404528414128,0.0,4.2772030624074535,1
-1.0858721948025927,0.955526228545644,0.0,1.7025894994740762,1
0.43333657436964573,1.4479128903145995,0.0,2.6471761185500706,0
1.378166435913162,0.010408583760142125,0.0,8.853552220370794,1
-1.5485003349869826,-1.4495045676037308,0.0,6.294608432545063,1
-1.5485003349869826,1.0195515707166167,0.0,1.929901547093219,1
-1.1214248141389416,0.36519378914312134,0.0,2.5546735306643558,1
-1.5485003349869826,1.0195515707166167,0.0,2.242745850419934,1
0.7167608454825536,1.0050318545785826,0.0,2.763809925385707,0
0.639580171692575,-0.7055160949975838,0.0,3.2290678816580645,0
-0.9972523977517084,-1.445668912944812,0.0,4.036703037392931,1
1.378166435913162,-0.8202585237689298,0.0,4.669737853231681,1
-1.5485003349869826,-1.4495045676037308,0.0,5.382782608604801,1
-1.0609486432407544,-1.4475948051420449,0.0,4.282581868959243,1
0.7167608454825536,0.42173437799289054,0.0,1.7716332134490806,0
0.639580171692575,-0.8562250940674767,0.0,5.539529102806335,1
-1.1458991813774235,-1.4495045676037308,0.0,4.390144524648902,1
-1.5485003349869826,0.9741350355957514,0.0,1.6436129725304212,1
-1.0245251369844965,1.0223594674531358,0.0,2.493412821215638,1
-1.1214248141389416,0.4838918902983728,0.0,2.6418128583967,1
1.378166435913162,0.8385215690740073,0.0,2.40118569754091,0
-0.32787220172584086,0.0,0.0,5.0,1
-1.1458991813774235,-1.4495045676037308,0.0,5.356069475804576,1
-1.1458991813774235,0.955526228545644,0.0,2.9450659354023,1
1.378166435913162,0.2656297950006616,0.0,8.966899610142729,1
0.639580171692575,-0.9880355100044224,0.0,3.0617280172802595,0
1.378166435913162,1.4481512087337318,0.0,2.6161892990596574,0
-1.5485003349869826,-1.4495045676037308,0.0,6.570657187374345,1
-1.1495623980963838,-1.4495045676037308,0.0,6.1339307600903705,1
-1.5485003349869826,1.4481512087337318,0.0,2.203217636975327,1
0.7167608454825536,0.955526228545644,0.0,8.212640598150385,1
-1.1495623980963838,0.32508411513653107,0.0,2.249255730427187,1
0.4717016244952289,-1.4475948051420449,0.0,4.3624715879338885,1
0.787598712547306,1.0050318545785826,0.0,2.045023216894276,0
1.378166435913162,-1.0993323273573337,0.0,5.75527791575841,1
-1.5485003349869826,-0.7955450072700849,0.0,4.41334311834203,1
-1.0245251369844965,0.5609547291627301,0.0,2.7373767797509894,1
-1.1495623980963838,-1.4495045676037308,0.0,4.6993179913817045,1
-1.0245251369844965,-1.4475948051420449,0.0,6.108381486484818,1
-1.5485003349869826,-0.2569545772767635,0.0,2.891445954268025,1
-1.0858721948025927,-1.4495045676037308,0.0,5.92422336022992,1
0.710370033396719,0.34039295433612143,0.0,3.273873265369282,0
-1.5485003349869826,-1.0993323273573337,0.0,4.518052559394132,1
0.787598712547306,1.4481512087337318,0.0,2.858776431502809,0
-1.1458991813774235,-1.4495045676037308,0.0,5.028489191852905,1
-1.5485003349869826,0.6829522445306385,0.0,2.756019954846298,1
-1.1495623980963838,0.4551209749426044,0.0,2.3699445388015783,1
-1.1214248141389416,0.42173437799289054,0.0,8.300034292632207,1
-1.0858721948025927,1.0195515707166167,0.0,2.384652609993786,0
0.710370033396719,-0.9054217075594011,0.0,3.759163713804185,1
-1.5485003349869826,0.529895899215817,0.0,2.4973664049137487,1
-1.5485003349869826,1.4481512087337318,0.0,2.4187959584501217,1
0.6650892123420602,0.8319148392675568,0.0,1.915703957017928,0
-0.9689732326353205,0.5434973762222239,0.0,1.9293263420131712,0
-1.5485003349869826,-1.159404528414128,0.0,3.4243239784535904,1
0.787598712547306,1.0050318545785826,0.0,2.239042384435127,0
0.787598712547306,1.4481512087337318,0.0,2.314813842630731,0
1.378166435913162,0.6307810924898708,0.0,1.9737629251244102,0
-1.1495623980963838,-0.9054217075594011,0.0,2.319256648654203,1
0.4949802524694769,1.0223594674531358,0.0,8.78785842822093,1
-1.1214248141389416,1.4481512087337318,0.0,2.3196159788869064,1
-1.1458991813774235,-1.159404528414128,0.0,4.611904469799522,1
-1.1458991813774235,-1.4495045676037308,0.0,5.802739667684362,1
-1.1458991813774235,-0.62500065118615,0.0,2.950637807511424,1
1.378166435913162,0.4551209749426044,0.0,2.1275513071265766,0
1.378166435913162,1.0050318545785826,0.0,2.6594711349112754,0
-1.0858721948025927,-1.1072540633563843,0.0,4.206342182601217,1
-1.1214248141389416,0.529895899215817,0.0,2.6404170396892006,1
-1.0365358038448755,1.0223594674531358,0.0,2.3926530362369807,1
-1.5485003349869826,-1.4495045676037308,0.0,5.703201503698859,1
-1.0858721948025927,-1.4495045676037308,0.0,5.117777123402352,1
-0.7550913011052263,1.4477681496892185,0.0,2.3085640374888814,0
1.378166435913162,-0.3863960939176094,0.0,2.5966937910813237,0
1.378166435913162,1.0195515707166167,0.0,8.545130163076637,1
-1.1214248141389416,-1.4495045676037308,0.0,5.60135514463867,1
-1.5485003349869826,0.6307810924898708,0.0,2.105178929378923,0
-1.5485003349869826,0.955526228545644,0.0,2.224700737880577,1
-1.1458991813774235,1.0050318545785826,0.0,2.6409084664316813,1
-1.1458991813774235,0.8232191038966041,0.0,2.741869254068156,1
0.710370033396719,-0.017229443600990806,0.0,2.6907781074539456,0
-0.9448395840746106,1.447960843819446,0.0,2.1389341177867007,0
-1.5485003349869826,-1.4495045676037308,0.0,4.448513072511786,1
1.378166435913162,1.0195515707166167,0.0,2.72968988792552,0
-1.5485003349869826,1.4481512087337318,0.0,1.8725805176286716,1
-1.5485003349869826,0.8232191038966041,0.0,2.1907029569990235,1
-1.5485003349869826,0.5724624714600394,0.0,2.1361109968727,1
0.6849473754636609,0.9791814988981976,0.0,2.435177191766243,0
-1.1495623980963838,1.4481512087337318,0.0,2.6958219001560777,1
0.7167608454825536,0.5724624714600394,0.0,2.2257738456882064,0
0.6650892123420602,0.26559610145180645,0.0,2.6481607760039503,0
-1.5485003349869826,0.9741350355957514,0.0,2.0968321596307624,1
0.7167608454825536,1.4481512087337318,0.0,2.463318209655641,0
1.378166435913162,1.0050318545785826,0.0,2.4778424171217566,0
0.639580171692575,-0.9471469153344222,0.0,8.718418018610079,1
0.7167608454825536,-1.159404528414128,0.0,5.437289678648483,1
-0.1278324531054135,0.0,0.0,5.0,0
0.710370033396719,-1.4495045676037308,0.0,4.153658237967886,1
1.378166435913162,-1.4495045676037308,0.0,4.927078798329678,1
-1.5485003349869826,0.3919033876793723,0.0,2.5516242980959847,0
0.787598712547306,1.0195515707166167,0.0,2.6539851587666345,1
1.378166435913162,0.3305077897637061,0.0,3.016425773474923,0
1.378166435913162,0.955526228545644,0.0,2.4303150778129057,0
0.4949802524694769,-1.1559598128387922,0.0,2.2354629172880722,0
0.7167608454825536,0.17042305350924852,0.0,8.87230143970152,1
-1.5485003349869826,-1.159404528414128,0.0,4.122688012675191,1
-1.0609486432407544,-1.4475948051420449,0.0,4.390537911398783,1
1.378166435913162,-1.4495045676037308,0.0,5.621339128563367,1
1.378166435913162,1.4481512087337318,0.0,2.68264778097461,0
-1.1458991813774235,-1.4495045676037308,0.0,5.778925962977287,1
-1.5485003349869826,-1.4495045676037308,0.0,2.9740192750905434,1
-1.0462089020296135,-1.1559598128387922,0.0,2.30801039800363,1
-1.0462089020296135,-1.103540188433729,0.0,4.971703172682846,1
-1.5485003349869826,-1.4495045676037308,0.0,6.006653029906031,1
1.378166435913162,0.9741350355957514,0.0,2.9397123180984335,0
0.710370033396719,1.0195515707166167,0.0,2.6749543418106514,0
-1.1495623980963838,-1.4495045676037308,0.0,6.461816987356698,1
0.639580171692575,1.0050318545785826,0.0,8.479680402378907,1
-1.5485003349869826,-1.4495045676037308,0.0,5.343621735251155,1
-1.1495623980963838,-0.23332371532898968,0.0,4.84744118875188,1
-1.1458991813774235,0.3759661808692332,0.0,2.3126306880668985,0
1.378166435913162,0.2448559186848834,0.0,8.434773280758325,1
1.378166435913162,-1.4495045676037308,0.0,5.41752161243844,1
0.787598712547306,0.955526228545644,0.0,2.1704192457104687,0
-1.1214248141389416,-1.4495045676037308,0.0,4.508991461569863,1
1.378166435913162,-1.4495045676037308,0.0,5.661198277561476,1
1.378166435913162,1.0195515707166167,0.0,1.9846358426804758,0
0.34636241647410143,1.4475730832925437,0.0,8.177756106435456,1
-1.5485003349869826,0.955526228545644,0.0,1.9176376818362417,1
-1.1214248141389416,0.7575476520511129,0.0,2.4289223045514707,1
0.639580171692575,1.0050318545785826,0.0,8.532059445452775,1
-1.1495623980963838,0.955526228545644,0.0,2.1538611344568714,1
0.710370033396719,0.8064660309596711,0.0,8.228809259793154,1
-1.0462089020296135,1.4480563147787553,0.0,2.227391337939465,1
-1.5485003349869826,0.6689284619765181,0.0,2.185422271658039,1
0.4717016244952289,-1.4475948051420449,0.0,5.844448601126153,1
-1.5485003349869826,-1.4495045676037308,0.0,6.335846434450578,1
-1.0245251369844965,-1.0957553480603646,0.0,4.149217364295883,1
-1.5485003349869826,-1.0993323273573337,0.0,2.105428546086727,1
-1.1495623980963838,-0.9205331774008391,0.0,4.094249057350576,1
-1.1458991813774235,0.8064660309596711,0.0,2.854677511400638,1
-1.1214248141389416,1.4481512087337318,0.0,2.4573420503873784,1
-1.1214248141389416,-0.9880355100044224,0.0,3.9791560168426834,1
1.378166435913162,-1.4495045676037308,0.0,8.508689750987427,1
-1.0858721948025927,1.4481512087337318,0.0,2.3484895738418268,1
-1.1495623980963838,-1.1634084993085074,0.0,8.0529828655327,1
1.378166435913162,1.0195515707166167,0.0,2.4611431189733857,0
-1.5485003349869826,-1.0993323273573337,0.0,6.5511521587008925,1
-1.1495623980963838,-1.4495045676037308,0.0,5.339360359262891,1
0.787598712547306,1.4481512087337318,0.0,2.029223358017712,1
0.710370033396719,-0.7083706999066476,0.0,2.904920181602706,0
-1.1495623980963838,-1.4495045676037308,0.0,4.929092941581491,1
-1.5485003349869826,-1.1634084993085074,0.0,2.2659226381128326,1
-1.5485003349869826,0.7575476520511129,0.0,2.379278253247722,1
-1.1495623980963838,-1.4495045676037308,0.0,5.748608144957521,1
-0.9201040441601099,-1.0868793630030773,0.0,4.751474191193489,1
-1.5485003349869826,0.5724624714600394,0.0,2.576838910909219,1
1.378166435913162,0.3129819029262443,0.0,8.75105290425386,1
-0.9677212744122297,0.9586831535244584,0.0,2.402903960790576,1
1.378166435913162,0.8232191038966041,0.0,8.460914707505623,1
0.710370033396719,0.9741350355957514,0.0,8.016650767963412,1
-0.85500721093958,1.0278506763509785,0.0,1.7727430427829443,0
-1.1214248141389416,-1.1634084993085074,0.0,4.201780171406279,1
-1.1458991813774235,-1.4495045676037308,0.0,4.62349836890267,1
1.378166435913162,0.5724624714600394,0.0,2.211505763978868,0
0.710370033396719,-1.159404528414128,0.0,9.390474717823796,1
-1.1214248141389416,0.9741350355957514,0.0,2.3411100199440154,0
0.710370033396719,1.4481512087337318,0.0,2.6152414027347595,0
0.710370033396719,1.4481512087337318,0.0,2.684811444153566,0
-1.5485003349869826,0.9741350355957514,0.0,2.65213263918362,1
0.787598712547306,1.4481512087337318,0.0,8.830317402600969,1
-1.5485003349869826,-1.4495045676037308,0.0,6.109182175635233,1
0.4949802524694769,1.0223594674531358,0.0,8.431818086926398,1
-1.5485003349869826,-0.9936650520340982,0.0,4.028129360551614,1
-1.0858721948025927,1.4481512087337318,0.0,2.0905047457599166,1
-1.5485003349869826,-1.4495045676037308,0.0,5.828325200400907,1
-1.1214248141389416,-1.4495045676037308,0.0,6.389022438401994,1
-1.5485003349869826,1.4481512087337318,0.0,2.4072406565682023,1
1.378166435913162,1.4481512087337318,0.0,8.414016866895363,1
-1.1458991813774235,-1.1634084993085074,0.0,5.303127789053714,1
-1.5485003349869826,1.4481512087337318,0.0,2.799658861966461,1
0.787598712547306,0.485837395981977,0.0,3.1166414691214155,0
-1.5485003349869826,-1.159404528414128,0.0,3.964192128732327,1
-1.1214248141389416,-0.9054217075594011,0.0,4.466411944238157,1
-1.0365358038448755,-0.8033543315427889,0.0,4.2512018298949785,1
1.378166435913162,0.6627168277151729,0.0,2.791182518286315,0
-1.1458991813774235,0.9741350355957514,0.0,1.7509877580683428,1
0.710370033396719,-0.9936650520340982,0.0,3.1354765271237,0
-1.1495623980963838,1.4481512087337318,0.0,1.885674385589566,1
-1.5485003349869826,-1.4495045676037308,0.0,5.6705790292799465,1
-1.1214248141389416,0.8232191038966041,0.0,2.420530856619484,0
0.7167608454825536,-1.4495045676037308,0.0,5.521215799539579,1
-1.5485003349869826,-1.1634084993085074,0.0,4.406234846061308,1
0.639580171692575,1.0195515707166167,0.0,2.0911207889581434,0
1.378166435913162,-0.20693774344597532,0.0,2.8019769417322364,0
1.378166435913162,-1.4495045676037308,0.0,4.240558582209741,1
0.787598712547306,0.8385215690740073,0.0,2.5847154673273827,0
-1.1495623980963838,0.4551209749426044,0.0,2.1997026259357577,1
-1.5485003349869826,0.5724624714600394,0.0,2.289055083009992,1
-1.1458991813774235,-1.4495045676037308,0.0,3.9026703604013915,1
1.378166435913162,-0.9426263424917493,0.0,8.531198803352895,1
1.378166435913162,0.8385215690740073,0.0,2.0449085314416346,0
-1.0858721948025927,-1.4495045676037308,0.0,5.735975977852417,1
0.4717016244952289,1.4480563147787553,0.0,2.570693290377235,0
-1.5485003349869826,0.955526228545644,0.0,2.6818141303454563,1
-1.1495623980963838,1.0050318545785826,0.0,2.303095709096154,1
-1.5485003349869826,1.4481512087337318,0.0,1.9734217963890321,1
-1.1495623980963838,-1.4495045676037308,0.0,4.023387192855007,1
-1.5485003349869826,-0.39296358376720203,0.0,3.2380325659948865,1
0.7167608454825536,-0.8244423787249847,0.0,3.1312357018507124,0
1.378166435913162,-1.4495045676037308,0.0,5.005187830362348,1
1.378166435913162,0.018343277239956463,0.0,8.780023432667956,1
1.378166435913162,0.529895899215817,0.0,8.00770336518696,1
-1.5485003349869826,-1.4495045676037308,0.0,4.056246723541379,1
0.710370033396719,1.0050318545785826,0.0,8.272874348142825,1
-1.5485003349869826,1.4481512087337318,0.0,2.3727344985482395,1
1.378166435913162,-1.0993323273573337,0.0,3.0378391867628025,0
-0.45399270951074827,0.0,0.0,5.0,1
1.378166435913162,0.6106347386481292,0.0,2.1407182633138384,0
-1.1495623980963838,1.0195515707166167,0.0,2.6921620931556784,1
1.378166435913162,-0.8398857770572493,0.0,4.901990750666736,1
-1.1495623980963838,0.955526228545644,0.0,2.159552031320615,1
-1.5485003349869826,-0.9851730539265872,0.0,2.8994797421817426,1
-1.0858721948025927,-1.4495045676037308,0.0,4.207102105296979,1
-1.1458991813774235,-1.4495045676037308,0.0,5.837660932715759,1
-0.8505838850374251,1.0251255539625228,0.0,2.224308638638633,1
-1.0858721948025927,-1.1072540633563843,0.0,4.43357675469818,1
1.378166435913162,0.955526228545644,0.0,2.4000421186229124,0
-1.5485003349869826,1.4481512087337318,0.0,2.7175633530031096,1
0.787598712547306,0.30673943100626905,0.0,2.4238409159307865,0
-0.037418166609718806,0.0,0.0,5.0,1
1.378166435913162,-0.9205331774008391,0.0,2.4358771980402443,0
0.787598712547306,0.2958941434514944,0.0,8.597672290524999,1
-1.5485003349869826,-1.4495045676037308,0.0,6.264994199589854,1
-1.1214248141389416,-1.4495045676037308,0.0,4.887848858123208,1
-1.0609486432407544,1.4480563147787553,0.0,2.6068995763835603,1
1.378166435913162,-1.4495045676037308,0.0,4.432750969685568,1
-1.1214248141389416,1.4481512087337318,0.0,2.213625553858885,1
0.639580171692575,0.9741350355957514,0.0,7.851871358279372,1
-1.1495623980963838,0.30469125922377643,0.0,2.6209627322561007,0
0.4717016244952289,-1.4475948051420449,0.0,5.584729877477779,1
-1.5485003349869826,-1.4495045676037308,0.0,5.493249339172088,1
0.710370033396719,-1.4495045676037308,0.0,5.3415635153266745,1
1.378166435913162,1.4481512087337318,0.0,2.60364764522239,0
0.4717016244952289,0.9586831535244584,0.0,8.248586149267037,1
0.7167608454825536,0.955526228545644,0.0,2.128448723758807,0
0.7167608454825536,0.529895899215817,0.0,2.384530923724848,0
-0.8599367685881425,-0.3770130726503438,0.0,8.847287810167796,1
-1.1495623980963838,-1.159404528414128,0.0,4.130801161711679,1
-1.1214248141389416,-1.4495045676037308,0.0,6.268513632691157,1
-0.1241478389226034,0.0,0.0,5.0,1
-0.9304323319006259,1.447960843819446,0.0,1.8643532820906037,1
-1.1458991813774235,1.4481512087337318,0.0,1.9821121908958395,1
0.787598712547306,-1.4495045676037308,0.0,5.522901591064994,1
-1.5485003349869826,-1.4495045676037308,0.0,5.110527407686469,1
1.378166435913162,0.5840189780278678,0.0,2.187648969726108,0
-1.5485003349869826,-1.0392061866553604,0.0,3.8028488882993425,1
1.378166435913162,1.4481512087337318,0.0,8.178593073338629,1
0.4717016244952289,-1.103540188433729,0.0,3.2635216271119347,0
-1.1214248141389416,-1.4495045676037308,0.0,4.821509321911963,1
-1.1458991813774235,1.0050318545785826,0.0,2.0905062641439396,1
-1.5485003349869826,0.9741350355957514,0.0,1.8670361490667176,1
0.639580171692575,-1.4495045676037308,0.0,4.383881509072432,1
-1.0858721948025927,1.0050318545785826,0.0,2.258299079649721,1
1.378166435913162,0.8385215690740073,0.0,1.981051567789068,0
0.710370033396719,1.4481512087337318,0.0,2.181929088373963,0
-0.14080730581150447,0.0,0.0,5.0,1
1.378166435913162,-1.4495045676037308,0.0,6.181027853293071,1
-0.9990116365219599,1.0076156727753416,0.0,1.8354824517703339,1
-1.5485003349869826,1.4481512087337318,0.0,2.0601474606079604,1
-1.1495623980963838,0.8232191038966041,0.0,2.227353402952192,1
-0.9775322079672365,-1.4417680674827236,0.0,5.887603151481294,1
-1.5485003349869826,-1.4495045676037308,0.0,5.753050471535933,1
0.710370033396719,1.4481512087337318,0.0,2.4107340854173294,0
1.378166435913162,0.529895899215817,0.0,2.2828920123428817,0
-0.8382689100509124,1.4477681496892185,0.0,1.848173074019154,0
1.378166435913162,-1.1072540633563843,0.0,2.354050516896298,0
-1.5485003349869826,-1.4495045676037308,0.0,5.365277791071355,1
-1.5485003349869826,-1.4495045676037308,0.0,4.139270484625181,1
-1.5485003349869826,-1.4495045676037308,0.0,4.78244578587696,1
-1.0858721948025927,1.4481512087337318,0.0,2.0815237762382677,1
-1.1214248141389416,-1.4495045676037308,0.0,5.259573788923659,1
0.639580171692575,-1.4495045676037308,0.0,5.915867590540259,1
-1.1214248141389416,0.9741350355957514,0.0,1.4531623498726678,0
-1.5485003349869826,-1.1634084993085074,0.0,2.8659389873617718,1
-1.1495623980963838,-1.4495045676037308,0.0,6.1598827847088895,1
0.4717016244952289,1.4480563147787553,0.0,2.3154430359917746,0
-1.0858721948025927,1.4481512087337318,0.0,2.6192878368068495,1
1.378166435913162,-1.159404528414128,0.0,6.2362402024615875,1
0.710370033396719,0.955526228545644,0.0,8.876015587207746,1
-1.5485003349869826,-1.4495045676037308,0.0,6.195302354201504,1
0.710370033396719,0.8232191038966041,0.0,2.096569855867369,0
1.378166435913162,1.0050318545785826,0.0,2.2925472975824936,0
-0.7720416418935648,0.9873054213020795,0.0,2.0232162530021007,0
0.639580171692575,-1.1634084993085074,0.0,4.619417662448524,1
1.378166435913162,1.0195515707166167,0.0,2.7523870105785857,0
-1.5485003349869826,1.0195515707166167,0.0,2.940532796199287,1
0.7167608454825536,-1.0993323273573337,0.0,8.905118395431682,1
0.787598712547306,-0.9884953765624958,0.0,4.249716976515501,1
-0.008681689701113746,0.0,0.0,5.0,1
-1.0858721948025927,-1.1634084993085074,0.0,4.003651206926813,1
0.639580171692575,1.4481512087337318,0.0,2.535454462757394,0
1.378166435913162,0.955526228545644,0.0,8.478968839934357,1
-1.1495623980963838,-1.159404528414128,0.0,4.543868048117178,1
-1.1214248141389416,-1.1634084993085074,0.0,4.053988765287417,1
1.378166435913162,1.4481512087337318,0.0,2.375471294342816,0
1.378166435913162,1.4481512087337318,0.0,2.433579667764666,0
-1.5485003349869826,-1.4495045676037308,0.0,5.271220861161137,1
-1.1214248141389416,1.4481512087337318,0.0,2.7553503053132387,0
-1.0858721948025927,-1.1072540633563843,0.0,4.904850239798925,1
-1.1495623980963838,-1.4495045676037308,0.0,5.664995517810161,1
1.378166435913162,1.0195515707166167,0.0,2.6342317784429774,0
-1.0858721948025927,-1.4495045676037308,0.0,5.129098414897156,1
0.710370033396719,-0.9618498610124704,0.0,5.959463825570259,1
0.639580171692575,-0.9884953765624958,0.0,4.724077920583374,1
-1.1495623980963838,-1.4495045676037308,0.0,5.353514039293069,1
1.378166435913162,1.0050318545785826,0.0,2.8087158031021504,0
-1.0858721948025927,-1.1634084993085074,0.0,6.11973239467144,1
0.7167608454825536,1.4481512087337318,0.0,2.100943511162739,0
-1.0462089020296135,1.0223594674531358,0.0,2.4714730525209943,1
-1.5485003349869826,1.4481512087337318,0.0,2.613123156804096,1
0.710370033396719,1.4481512087337318,0.0,2.5562681556759395,0
0.639580171692575,-1.1072540633563843,0.0,2.5089787779827195,0
-1.1214248141389416,-1.0993323273573337,0.0,5.529184297075791,1
0.639580171692575,1.0195515707166167,0.0,2.1018562970561967,0
0.3142127030084749,-1.147205974207526,0.0,6.036814781945392,1
0.013360893860890623,0.0,0.0,5.0,0
1.378166435913162,0.955526228545644,0.0,2.557856632425184,0
0.639580171692575,1.0195515707166167,0.0,2.2432766332855607,0
-1.1214248141389416,-1.4495045676037308,0.0,5.991587408091624,1
1.378166435913162,1.4481512087337318,0.0,2.711330053463973,0
-1.5485003349869826,-1.4495045676037308,0.0,5.294930449162711,1
-1.0858721948025927,-1.4495045676037308,0.0,5.807591926367362,1
-1.0245251369844965,0.6899947630410755,0.0,2.4511565891462874,1
-1.5485003349869826,-1.4495045676037308,0.0,5.368047027342948,1
-1.1458991813774235,-1.4495045676037308,0.0,6.335834556335449,1
-0.9972523977517084,1.0101649957432535,0.0,2.7741700369252795,1
0.787598712547306,0.46440597240841386,0.0,2.0519983643963458,0
-1.1458991813774235,-1.159404528414128,0.0,3.8075536111365222,1
0.710370033396719,0.955526228545644,0.0,8.462984902655517,1
-1.1495623980963838,1.4481512087337318,0.0,8.455266070711716,1
1.378166435913162,0.7027526598328396,0.0,8.746339457997278,1
0.710370033396719,0.8232191038966041,0.0,2.1305041308047934,0
-1.1495623980963838,-1.159404528414128,0.0,4.7953688609242064,1
-1.5485003349869826,1.4481512087337318,0.0,2.4019220968695785,1
-1.5485003349869826,-1.159404528414128,0.0,6.5629870690034,1
-1.0858721948025927,0.5724624714600394,0.0,2.6651066283840543,1
0.710370033396719,-1.4495045676037308,0.0,5.644012072161456,1
-1.5485003349869826,-1.4495045676037308,0.0,4.279525692222809,1
1.378166435913162,1.4481512087337318,0.0,2.531218503972444,0
0.787598712547306,1.4481512087337318,0.0,2.8976524347197183,0
-1.5485003349869826,1.4481512087337318,0.0,2.319563843891176,1
-1.5485003349869826,-1.1072540633563843,0.0,4.687515642578882,1
-1.5485003349869826,-1.4495045676037308,0.0,3.8941090619864926,1
-1.0609486432407544,-1.4475948051420449,0.0,6.175783847340988,1
-1.5485003349869826,-0.9884953765624958,0.0,4.667218104804639,1
-1.0609486432407544,-1.4475948051420449,0.0,5.341184841325491,1
-1.1495623980963838,0.695714165113867,0.0,2.5127933733982184,1
-1.0365358038448755,-1.4475948051420449,0.0,4.7097503365078595,1
-0.9448395840746106,-1.445668912944812,0.0,5.69142208394281,1
-1.1214248141389416,-1.4495045676037308,0.0,4.68248367866253,1
-1.0609486432407544,-1.0957553480603646,0.0,5.42258969800114,1
-1.5485003349869826,0.955526228545644,0.0,1.796041966259399,1
0.787598712547306,1.4481512087337318,0.0,2.289512325262372,0
-1.5485003349869826,-1.4495045676037308,0.0,5.513532200531715,1
-1.1458991813774235,-1.1634084993085074,0.0,4.54075258389002,1
0.787598712547306,0.955526228545644,0.0,3.1287064524427444,0
-1.0245251369844965,-1.4475948051420449,0.0,3.7433400418748093,1
0.639580171692575,-1.4495045676037308,0.0,5.972587527251108,1
1.378166435913162,-0.9880355100044224,0.0,8.52404992975105,1
-1.1214248141389416,1.4481512087337318,0.0,2.6045530350399706,1
1.378166435913162,1.4481512087337318,0.0,8.184925398258935,1
-1.5485003349869826,-1.1072540633563843,0.0,4.894299537738473,1
-1.1458991813774235,-0.9007725365746757,0.0,2.7705912868483895,1
0.710370033396719,0.955526228545644,0.0,2.3568050412678256,0
0.710370033396719,-1.0993323273573337,0.0,4.299224503999533,1
-1.1495623980963838,-1.4495045676037308,0.0,4.25709041578226,1
-1.0858721948025927,-1.4495045676037308,0.0,5.9588157315798265,1
-1.1458991813774235,0.955526228545644,0.0,2.8230684942449584,1
-1.1214248141389416,1.0195515707166167,0.0,6.051118781365523,1
-0.8505838850374251,0.018312545090061784,0.0,2.58869348819628,1
0.35139511926877864,-1.4378006956626737,0.0,5.627017722998655,1
1.378166435913162,1.0195515707166167,0.0,8.002496211481297,1
1.378166435913162,-0.9884953765624958,0.0,3.6993860307459947,1
1.378166435913162,0.05038222471994334,0.0,8.624317255466698,1
1.378166435913162,-0.028743270422843095,0.0,8.535521805949495,1
-1.1458991813774235,0.955526228545644,0.0,2.405649411900305,1
-1.5485003349869826,-1.4495045676037308,0.0,5.452939106553545,1
-1.5485003349869826,-1.4495045676037308,0.0,4.91203481709329,1
-1.5485003349869826,-1.4495045676037308,0.0,5.015594588391844,1
-0.9677212744122297,1.0076156727753416,0.0,2.5741528644909115,0
0.22402763224227462,-1.0440825495228987,0.0,5.262296782041253,1
-0.872121786676559,1.0278506763509785,0.0,3.1087776728012697,1
1.378166435913162,-1.4495045676037308,0.0,2.030794340037144,0
-1.0858721948025927,1.4481512087337318,0.0,2.465193511485497,1
-1.5485003349869826,-1.4495045676037308,0.0,6.805931244913234,1
0.639580171692575,1.0195515707166167,0.0,2.2901374659370313,1
1.378166435913162,1.0050318545785826,0.0,1.9338857666766085,0
-1.1214248141389416,-1.4495045676037308,0.0,4.382605036092435,1
-1.5485003349869826,-1.4495045676037308,0.0,3.9519918572554884,1
-1.0858721948025927,-1.4495045676037308,0.0,6.493672713255204,1
-1.0858721948025927,0.42173437799289054,0.0,2.7483214957800777,1
0.639580171692575,1.4481512087337318,0.0,8.465924276059173,1
1.378166435913162,1.0195515707166167,0.0,2.194916327512621,0
-0.9853759763832799,-1.445668912944812,0.0,4.064483890201856,1
-1.5485003349869826,1.4481512087337318,0.0,1.9901310736438633,1
0.639580171692575,0.529895899215817,0.0,8.178900513963288,1
0.639580171692575,1.0050318545785826,0.0,2.597411800028695,1
0.710370033396719,0.32558524348264634,0.0,2.6673905453653086,0
-1.0858721948025927,-1.4495045676037308,0.0,5.466203696013187,1
-0.0073824161014030025,0.0,0.0,5.0,1
1.378166435913162,1.0050318545785826,0.0,2.3603004844611037,0
1.378166435913162,-1.4495045676037308,0.0,5.229111046194953,1
-0.7160216625927928,0.9708285386714064,0.0,2.6579527696340026,0
0.787598712547306,-1.4495045676037308,0.0,4.629360368862597,1
1.378166435913162,1.4481512087337318,0.0,2.4585115558592308,0
-1.5485003349869826,-0.6361638636136038,0.0,2.737510159976409,1
0.7167608454825536,-0.9069748149647733,0.0,1.9604962572775313,1
0.639580171692575,-1.0392061866553604,0.0,3.0138047410475823,0
-1.5485003349869826,-1.4495045676037308,0.0,5.94368461593532,1
1.378166435913162,-0.6276713675800134,0.0,9.016839569734502,1
1.378166435913162,1.0195515707166167,0.0,8.865003401626876,1
0.639580171692575,0.955526228545644,0.0,8.139743863366363,1
0.787598712547306,0.529895899215817,0.0,8.532452228745287,1
0.787598712547306,-1.4495045676037308,0.0,4.245419371781773,1
-1.1495623980963838,0.6829522445306385,0.0,2.471912454735249,1
1.378166435913162,1.0050318545785826,0.0,8.571918764966627,1
1.378166435913162,0.34979386038936294,0.0,2.4939057796858237,0
1.378166435913162,0.8064660309596711,0.0,2.559510994852885,0
-1.1495623980963838,0.955526228545644,0.0,2.724711648005209,1
-1.5485003349869826,-1.4495045676037308,0.0,5.193395574268974,1
0.7167608454825536,-1.4495045676037308,0.0,6.310196631305704,1
-1.1214248141389416,-1.4495045676037308,0.0,4.583756839281041,1
1.378166435913162,1.0195515707166167,0.0,2.4712369851888902,0
-1.5485003349869826,0.5724624714600394,0.0,2.0676429969465135,1
0.710370033396719,-1.4495045676037308,0.0,6.587854234381123,1
-1.1458991813774235,0.529895899215817,0.0,2.460123529270833,1
-1.0609486432407544,-1.4475948051420449,0.0,4.3257266176393205,1
-1.1458991813774235,1.0050318545785826,0.0,2.766974425224056,1
0.28566870885486445,1.0200294737647817,0.0,7.616302107451511,1
-1.0858721948025927,-1.159404528414128,0.0,3.9715842891278625,1
1.378166435913162,0.34979386038936294,0.0,8.306817332866643,1
-1.5485003349869826,-1.1634084993085074,0.0,3.8888170669446525,1
1.378166435913162,1.0050318545785826,0.0,3.030505731873947,0
0.787598712547306,0.9741350355957514,0.0,2.071137006916241,0
0.639580171692575,-0.9054217075594011,0.0,4.299805407853741,1
1.378166435913162,-1.4495045676037308,0.0,5.879455155456722,1
-1.5485003349869826,1.0195515707166167,0.0,2.551598044612024,1
-1.1458991813774235,1.0195515707166167,0.0,2.9060594181658956,1
0.639580171692575,0.2449358405421567,0.0,2.5457603425815774,0
1.378166435913162,0.04102410291741607,0.0,2.6074992903210927,0
0.710370033396719,0.955526228545644,0.0,2.8858317400789173,0
-1.1458991813774235,-1.4495045676037308,0.0,5.874801710222361,1
0.710370033396719,0.43386891187933424,0.0,8.213330652917529,1
1.378166435913162,1.4481512087337318,0.0,2.3731749159917075,0
1.378166435913162,-0.9069748149647733,0.0,8.395258401204064,1
-1.5485003349869826,-1.0993323273573337,0.0,2.606753043360871,1
-1.5485003349869826,1.4481512087337318,0.0,1.9439671159988197,1
0.639580171692575,-0.9007725365746757,0.0,2.8432522894247994,0
-1.1495623980963838,0.9741350355957514,0.0,1.9049286458449368,1
-1.1458991813774235,1.0050318545785826,0.0,1.9396811616417118,1
0.6849473754636609,-1.446633885787977,0.0,5.400850331659188,1
0.7167608454825536,0.3880704603108811,0.0,8.793593612865374,1
1.378166435913162,1.4481512087337318,0.0,1.941698447219399,0
0.710370033396719,1.4481512087337318,0.0,2.432611198510014,0
-1.5485003349869826,1.4481512087337318,0.0,2.399699009621847,1
-1.0858721948025927,-1.4495045676037308,0.0,5.118384027556269,1
-1.1495623980963838,1.4481512087337318,0.0,2.456414321057811,1
-1.0858721948025927,1.4481512087337318,0.0,2.758396061419856,1
-1.5485003349869826,1.4481512087337318,0.0,2.7735916656192154,1
1.378166435913162,-1.1634084993085074,0.0,4.864524662876303,1
0.6448273970616095,1.4480086517533537,0.0,2.5896095770543406,0
-1.5485003349869826,-1.4495045676037308,0.0,5.611971046931694,1
-0.9233913157981353,-1.439792780299029,0.0,6.226509826002937,1
0.710370033396719,1.0050318545785826,0.0,2.1620125458894655,0
-1.1214248141389416,-1.4495045676037308,0.0,5.6058015281839,1
0.787598712547306,-0.333549552513415,0.0,4.470866373770233,1
1.378166435913162,0.9741350355957514,0.0,8.109172545389363,1
-1.5485003349869826,1.0050318545785826,0.0,4.675358962773078,1
0.710370033396719,-1.0993323273573337,0.0,6.444250684549334,1
-1.0858721948025927,1.4481512087337318,0.0,2.6103949529824955,0
-1.5485003349869826,0.955526228545644,0.0,2.078708930889233,1
0.639580171692575,-1.159404528414128,0.0,2.2130199580364582,1
-1.5485003349869826,0.5724624714600394,0.0,2.4627629537497766,1
0.787598712547306,-1.4495045676037308,0.0,5.001500306511556,1
-1.5485003349869826,-1.4495045676037308,0.0,5.620511247512075,1
0.787598712547306,-1.4495045676037308,0.0,6.247744986739876,1
1.378166435913162,1.4481512087337318,0.0,2.0002239037805576,0
-0.9677212744122297,-0.9450712911422452,0.0,4.167725982842708,1
-1.5485003349869826,-1.159404528414128,0.0,4.991745782035534,1
1.378166435913162,0.7575476520511129,0.0,8.495687938212535,1
-1.1495623980963838,-1.4495045676037308,0.0,5.305922746397624,1
1.378166435913162,0.6106347386481292,0.0,2.2279524792261656,0
1.378166435913162,-1.4495045676037308,0.0,4.02794180978896,1
0.4440323797939889,-1.4446998656154735,0.0,4.96510488237296,1
-1.5485003349869826,-1.4495045676037308,0.0,6.197690423635208,1
-1.0462089020296135,-1.4475948051420449,0.0,6.659944723116105,1
-1.5485003349869826,-0.37470015619840413,0.0,2.3879652430076845,1
-1.1458991813774235,-1.159404528414128,0.0,4.765264602960627,1
-1.0365358038448755,1.0223594674531358,0.0,1.8770172303125126,1
0.639580171692575,0.955526228545644,0.0,2.1658947420145687,1
-0.7704738792264948,0.17429535641546873,0.0,2.5341974513747765,0
1.378166435913162,-1.1072540633563843,0.0,2.3464066443110765,0
0.787598712547306,1.4481512087337318,0.0,2.879383312059761,0
-1.1495623980963838,0.529895899215817,0.0,2.6052547601813365,1
-1.5485003349869826,1.4481512087337318,0.0,1.949514072485432,1
-1.5485003349869826,-0.9880355100044224,0.0,6.1015978177927,1
-1.5485003349869826,-1.4495045676037308,0.0,5.821364808382449,1
0.710370033396719,0.5724624714600394,0.0,2.1245754275802886,0
1.378166435913162,0.955526228545644,0.0,8.572580853436998,1
1.378166435913162,1.4481512087337318,0.0,2.2936053733054718,0
-1.5485003349869826,0.9741350355957514,0.0,2.0102520304930502,1
-1.1214248141389416,1.4481512087337318,0.0,2.5111150174337435,1
-0.772204602053146,-1.4417680674827236,0.0,5.94467382633446,1
-1.5485003349869826,0.9741350355957514,0.0,8.498928603647393,1
-0.6511070379830841,-1.4378006956626737,0.0,8.674814215682355,1
0.787598712547306,0.3565127893577844,0.0,2.7980733633155603,0
0.787598712547306,1.4481512087337318,0.0,2.7086462438454983,0
1.378166435913162,-0.402952537277283,0.0,8.818575457752996,1
0.710370033396719,1.4481512087337318,0.0,2.5425353464191347,0
-1.5485003349869826,0.3956431603655419,0.0,2.433378966928096,1
-1.5485003349869826,-1.4495045676037308,0.0,5.6103935216464755,1
-1.5485003349869826,-1.1634084993085074,0.0,3.599472744693071,1
-1.0858721948025927,-1.4495045676037308,0.0,6.4965836773922785,1
-1.1495623980963838,-1.4495045676037308,0.0,2.642611006615466,1
1.378166435913162,0.8232191038966041,0.0,2.6627902977385647,0
-1.5485003349869826,1.0195515707166167,0.0,2.2295563198474397,1
1.378166435913162,-1.4495045676037308,0.0,5.156946081198894,1
-1.5485003349869826,0.955526228545644,0.0,2.4683815321297464,1
-1.5485003349869826,0.5724624714600394,0.0,2.321607240267861,1
-1.0462089020296135,0.3317503987651746,0.0,2.759970027282077,1
-0.9261768448151485,1.0278506763509785,0.0,2.4208691084201237,1
-1.0609486432407544,-1.4475948051420449,0.0,6.057381267957821,1
-1.5485003349869826,-1.4495045676037308,0.0,4.396541717039073,1
1.378166435913162,-1.4495045676037308,0.0,6.190660067333496,1
-1.5485003349869826,-1.4495045676037308,0.0,5.730492758467744,1
0.710370033396719,-1.4495045676037308,0.0,6.022753653780057,1
0.6448273970616095,0.9791814988981976,0.0,1.9200472041645618,0
0.787598712547306,0.5840189780278678,0.0,8.547021846115815,1
-1.5485003349869826,-0.9205331774008391,0.0,4.882419460671097,1
1.378166435913162,0.5724624714600394,0.0,3.6226608217431484,0
-1.5485003349869826,-1.0993323273573337,0.0,5.752914298868149,1
0.787598712547306,-1.4495045676037308,0.0,8.831826219478458,1
0.787598712547306,-0.3436986286718669,0.0,8.588727077645864,1
1.378166435913162,-1.4495045676037308,0.0,5.30006443163341,1
1.378166435913162,0.5724624714600394,0.0,2.3661843665362463,0
-1.0858721948025927,-1.4495045676037308,0.0,4.2511971991061905,1
0.6448273970616095,1.0237476835419264,0.0,2.3445696755614005,0
-1.1214248141389416,1.0050318545785826,0.0,8.924960123590086,1
-1.1495623980963838,0.9741350355957514,0.0,2.2809468289140193,1
-1.1495623980963838,-1.4495045676037308,0.0,6.026976034297164,1
1.378166435913162,0.20541960107991708,0.0,2.836831848796945,0
-0.9304323319006259,1.0101649957432535,0.0,2.121179090543939,1
-1.1495623980963838,-1.4495045676037308,0.0,4.579725614687426,1
-1.1458991813774235,0.9741350355957514,0.0,2.1598480395412216,1
-1.5485003349869826,1.0050318545785826,0.0,2.410781160846474,1
1.378166435913162,1.0195515707166167,0.0,2.3849230473666205,0
-0.9677212744122297,-0.30318657381517705,0.0,2.226254015216051,1
-1.5485003349869826,-1.0993323273573337,0.0,5.979763330804647,1
-0.9677212744122297,-1.4475948051420449,0.0,5.9491922801908,1
0.787598712547306,1.0050318545785826,0.0,2.124182791347366,0
1.378166435913162,1.0050318545785826,0.0,2.3987147048280093,0
-0.7669706106585223,0.8282918790258942,0.0,1.9428293250380915,1
-1.1495623980963838,-0.9069748149647733,0.0,4.045812225737541,1
0.7167608454825536,0.8064660309596711,0.0,2.1347051452947277,0
0.7167608454825536,0.7575476520511129,0.0,8.236442792252062,1
1.378166435913162,1.4481512087337318,0.0,2.3193638628983724,0
-1.5485003349869826,-1.1634084993085074,0.0,6.7523814862892895,1
0.710370033396719,-1.4495045676037308,0.0,6.084160348761121,1
1.378166435913162,1.4481512087337318,0.0,2.3562263449379817,0
-1.0858721948025927,0.5840189780278678,0.0,2.2088415727489497,1
1.378166435913162,-1.0993323273573337,0.0,7.070616058918416,1
-1.5485003349869826,-1.0993323273573337,0.0,6.6661133117000215,1
-1.1458991813774235,-0.8383489019766284,0.0,8.487977793029216,1
1.378166435913162,0.3904922454873546,0.0,8.734418781310161,1
-0.9013123436701882,-1.4437267228516664,0.0,5.230861892292796,1
1.378166435913162,1.0195515707166167,0.0,8.462020051551416,1
0.6849473754636609,-0.6425179173840072,0.0,2.7809455734025827,0
0.639580171692575,-1.4495045676037308,0.0,6.3831847327222135,1
0.639580171692575,0.7575476520511129,0.0,8.334913552560826,1
0.710370033396719,0.3655661213376724,0.0,2.7697194076875706,0
-1.5485003349869826,-1.4495045676037308,0.0,4.116670680692519,1
-0.8862565702348171,-0.8932664704046107,0.0,2.7620179916225185,1
-0.9990116365219599,0.5777299603435586,0.0,2.38352397172526,1
1.378166435913162,-1.4495045676037308,0.0,6.2560897776185405,1
-1.1495623980963838,-1.0993323273573337,0.0,2.5314782897953747,1
-1.5485003349869826,-1.4495045676037308,0.0,3.9057851412105267,1
-1.5485003349869826,1.0050318545785826,0.0,2.346959408247579,1
-1.1495623980963838,0.529895899215817,0.0,3.0656409146013557,1
-0.7669706106585223,1.4477681496892185,0.0,2.3889431999044537,1
-1.1214248141389416,0.28376830935110825,0.0,2.5911413520652293,1
-1.5485003349869826,1.4481512087337318,0.0,2.3922700523114315,1
-1.5485003349869826,-1.0993323273573337,0.0,2.4765114103218324,1
0.710370033396719,1.0195515707166167,0.0,1.94545503130677,0
1.378166435913162,-1.0392061866553604,0.0,8.864309759886293,1
1.378166435913162,-1.4495045676037308,0.0,5.382980540139375,1
-1.1495623980963838,-1.4495045676037308,0.0,4.7160355016431215,1
-1.0245251369844965,1.4480563147787553,0.0,2.7123564765548998,1
-1.0065721153430545,0.964850235459259,0.0,2.160614086551026,1
0.6592797762866381,-1.446633885787977,0.0,5.150229130957264,1
-1.5485003349869826,0.8064660309596711,0.0,2.3593662886652154,1
1.378166435913162,0.529895899215817,0.0,8.038943970282851,1
1.378166435913162,-0.01409560214613763,0.0,8.506320435208117,1
0.7167608454825536,0.8232191038966041,0.0,8.38297794209585,1
0.787598712547306,-1.4495045676037308,0.0,6.50159872090647,1
-0.9304323319006259,-1.445668912944812,0.0,4.469481069296648,1
0.710370033396719,0.9741350355957514,0.0,7.771008889322995,1
1.378166435913162,0.9741350355957514,0.0,8.084432015250897,1
0.4717016244952289,-1.0957553480603646,0.0,2.4939382553847125,0
-1.0858721948025927,-1.1634084993085074,0.0,5.057229783315048,1
1.378166435913162,-1.4495045676037308,0.0,3.073409640614863,0
-1.1214248141389416,-0.9205331774008391,0.0,2.187725771540683,1
-1.1458991813774235,-1.4495045676037308,0.0,5.382364610289893,1
-0.9990116365219599,0.9775140375569451,0.0,2.293954551945303,1
-1.5485003349869826,-1.4495045676037308,0.0,4.992653661711684,1
-1.1214248141389416,-1.4495045676037308,0.0,6.0467488340355064,1
-1.5485003349869826,-1.159404528414128,0.0,3.943600220218984,1
-1.5485003349869826,-1.4495045676037308,0.0,5.616123694884312,1
-1.1458991813774235,0.955526228545644,0.0,2.3559965052647964,0
0.42098407230085466,-1.4446998656154735,0.0,5.303008427304189,1
1.378166435913162,-0.9069748149647733,0.0,8.610755261384197,1
-1.0462089020296135,0.812015604530254,0.0,8.570661326972747,1
-1.1458991813774235,1.0195515707166167,0.0,2.0058666947779806,1
0.787598712547306,1.0050318545785826,0.0,1.8595927708798883,0
0.787598712547306,0.9741350355957514,0.0,2.1394057565230153,1
1.378166435913162,0.34742399347928465,0.0,8.823871021405644,1
-1.0858721948025927,0.955526228545644,0.0,2.2653575026075075,1
-1.1458991813774235,1.0050318545785826,0.0,2.5273653211784586,1
0.42814454419127057,0.5984083617555853,0.0,2.049889340007092,0
-1.1458991813774235,0.7575476520511129,0.0,2.2338954241171405,1
-1.1214248141389416,-1.4495045676037308,0.0,2.7908399441147407,1
-1.5485003349869826,-1.4495045676037308,0.0,6.302808930775707,1
-1.1458991813774235,-1.4495045676037308,0.0,5.396944075653741,1
1.378166435913162,1.4481512087337318,0.0,2.550771878792008,0
1.378166435913162,0.955526228545644,0.0,1.9377013754653551,0
1.378166435913162,1.4481512087337318,0.0,2.3596602684750128,0
0.639580171692575,0.7027526598328396,0.0,8.543681893940553,1
1.378166435913162,0.2958941434514944,0.0,2.718302082783685,0
-1.1495623980963838,0.9741350355957514,0.0,2.090305738581052,1
0.4949802524694769,-1.1559598128387922,0.0,5.223827943149038,1
0.7167608454825536,-0.2660038099417109,0.0,8.74821332372059,1
1.378166435913162,-1.159404528414128,0.0,1.9017817372100247,0
0.787598712547306,1.0195515707166167,0.0,2.2250605433700925,0
-1.5485003349869826,0.955526228545644,0.0,2.515314824351757,1
0.710370033396719,0.34979386038936294,0.0,2.4290222346425474,0
-1.5485003349869826,-1.4495045676037308,0.0,5.829124054329848,1
-1.5485003349869826,1.4481512087337318,0.0,2.610375797226395,1
-1.5485003349869826,-1.4495045676037308,0.0,5.922934233243883,1
0.710370033396719,1.4481512087337318,0.0,1.8950727091861033,0
-1.0858721948025927,1.4481512087337318,0.0,2.1846235442163393,1
-1.1495623980963838,-1.4495045676037308,0.0,4.135902474111442,1
0.787598712547306,0.9741350355957514,0.0,2.1935804664474077,0
0.787598712547306,0.4807014267588455,0.0,8.525550532163502,1
1.378166435913162,-1.159404528414128,0.0,2.8525639494219424,0
1.378166435913162,-0.9884953765624958,0.0,4.171807738375169,1
-1.5485003349869826,1.4481512087337318,0.0,2.1111765664703017,1
1.378166435913162,-1.4495045676037308,0.0,5.640710821366916,1
-1.1495623980963838,-0.9054217075594011,0.0,3.9169385883405305,1
-1.5485003349869826,0.9741350355957514,0.0,2.2339889122055716,1
0.787598712547306,0.955526228545644,0.0,1.863668850892044,0
1.378166435913162,0.43386891187933424,0.0,8.431112973831388,1
1.378166435913162,0.16973793114021046,0.0,2.5712268245883076,0
1.378166435913162,0.955526228545644,0.0,8.449147516527477,1
-1.0858721948025927,-0.9108287659375035,0.0,2.87630862217253,1
0.787598712547306,-1.4495045676037308,0.0,4.316101931496515,1
-1.0245251369844965,-1.159797729275601,0.0,4.239401835786566,1
-1.5485003349869826,-1.0993323273573337,0.0,5.669387724960173,1
0.710370033396719,0.529895899215817,0.0,7.885793151252157,1
1.378166435913162,0.5724624714600394,0.0,8.7750672327913,1
0.36170265383342004,-1.439792780299029,0.0,6.260824876574488,1
-1.5485003349869826,-0.01599142918376627,0.0,2.945142918044283,1
-1.0858721948025927,0.9741350355957514,0.0,2.1711641744914125,0
1.378166435913162,0.5724624714600394,0.0,8.636191399137768,1
-1.1214248141389416,-1.1072540633563843,0.0,6.518830985649849,1
-1.5485003349869826,0.955526228545644,0.0,2.2024637461444714,1
-1.5485003349869826,0.7575476520511129,0.0,2.344155322514941,1
1.378166435913162,-0.956939848112948,0.0,8.264900193474096,1
0.787598712547306,-0.02731631074590505,0.0,2.3859803558605575,0
-1.1458991813774235,0.955526228545644,0.0,1.9015746856804072,1
1.378166435913162,0.8385215690740073,0.0,2.2471492835618174,0
1.378166435913162,1.0050318545785826,0.0,8.106396280626182,1
0.31128604024275297,-0.12727420883165377,0.0,2.6262865719451502,0
1.378166435913162,1.4481512087337318,0.0,1.9790580847048735,0
-1.1214248141389416,1.4481512087337318,0.0,3.0722980475506807,1
1.378166435913162,1.4481512087337318,0.0,8.405336595473578,1
-0.9990116365219599,1.4480563147787553,0.0,2.2882168391363953,1
1.378166435913162,-1.4495045676037308,0.0,6.400403198353374,1
0.7167608454825536,-0.9880355100044224,0.0,8.44518747982255,1
-0.9990116365219599,-1.4475948051420449,0.0,6.59247906774507,1
-1.5485003349869826,-1.0993323273573337,0.0,6.783752861786047,1
-1.1495623980963838,0.9741350355957514,0.0,3.165058694984033,1
1.378166435913162,0.5651851877623054,0.0,8.480138324364471,1
-1.5485003349869826,0.955526228545644,0.0,2.413719585482594,1
-1.1214248141389416,0.9741350355957514,0.0,2.2271406904815603,1
0.787598712547306,1.4481512087337318,0.0,2.226227554168109,0
-1.5485003349869826,1.0050318545785826,0.0,2.3950547327522087,1
-0.8291910944608343,-1.4437267228516664,0.0,5.000340866547875,1
1.378166435913162,-1.4495045676037308,0.0,4.816274762761586,1
-1.5485003349869826,-1.1072540633563843,0.0,4.978577733478384,1
1.378166435913162,-0.6444838772519407,0.0,8.471406262350746,1
-0.9578725141904859,-1.0921457518280024,0.0,5.466576176786497,1
-1.1458991813774235,0.40626232387974587,0.0,2.5761814767804156,0
-1.1214248141389416,-1.0993323273573337,0.0,3.76197544461792,1
-1.5485003349869826,-0.8398857770572493,0.0,3.943607411587223,1
-1.5485003349869826,0.5724624714600394,0.0,1.9527593828436078,1
-1.1495623980963838,0.8385215690740073,0.0,2.2448172044188506,1
0.710370033396719,-0.9054217075594011,0.0,4.663686595867499,1
-1.5485003349869826,-1.4495045676037308,0.0,5.112658923352965,1
1.378166435913162,-1.4495045676037308,0.0,8.266574506278971,1
1.378166435913162,-0.9205331774008391,0.0,2.9622970013791767,0
0.787598712547306,0.8232191038966041,0.0,7.4565844495922,1
1.378166435913162,0.38647727700336365,0.0,2.119669334250448,0
-1.1495623980963838,-1.4495045676037308,0.0,5.403318539480753,1
-1.0858721948025927,0.20496423034129094,0.0,3.1282498190525634,1
0.7167608454825536,0.8385215690740073,0.0,2.3604682775743004,0
-1.1495623980963838,0.3759661808692332,0.0,2.049642354821627,1
-1.0365358038448755,1.4480563147787553,0.0,2.4359781015622937,1
0.4949802524694769,-1.4475948051420449,0.0,5.145762087867244,1
-1.1458991813774235,0.8385215690740073,0.0,2.3869675762386984,0
-1.5485003349869826,-0.6169998564586214,0.0,4.739316298745116,1
-1.0365358038448755,-1.4475948051420449,0.0,4.4256877961067875,1
-1.1214248141389416,1.4481512087337318,0.0,2.681581474033642,1
-1.1214248141389416,0.3218571579566807,0.0,2.5354200529513427,1
0.3214669392640836,-0.8815797132974131,0.0,9.143209756858171,1
-1.1495623980963838,-0.9054217075594011,0.0,4.1276953967897505,1
-0.9853759763832799,1.447960843819446,0.0,2.297088254131088,1
1.378166435913162,-1.1634084993085074,0.0,3.4193074896935998,1
0.710370033396719,-0.2357390675692583,0.0,8.378232867375159,1
-1.5485003349869826,0.3104112787554537,0.0,2.4363886686184397,1
1.378166435913162,-0.9884953765624958,0.0,5.031134981539137,1
1.378166435913162,-1.4495045676037308,0.0,4.979130015891274,1
-1.1495623980963838,1.0050318545785826,0.0,2.124664079963344,1
-1.5485003349869826,-1.159404528414128,0.0,3.813017995016834,1
0.7167608454825536,-1.4495045676037308,0.0,5.6980521426563735,1
-1.5485003349869826,1.4481512087337318,0.0,2.222132761829033,1
-1.5485003349869826,0.9741350355957514,0.0,2.3619197870254744,1
0.710370033396719,-0.03051502147777997,0.0,8.46987629400005,1
0.639580171692575,-1.159404528414128,0.0,2.9280894601581764,0
-1.1495623980963838,1.4481512087337318,0.0,2.9698744550912624,1
0.710370033396719,0.22488578042020707,0.0,9.02459826151249,1
-1.5485003349869826,1.0050318545785826,0.0,2.265696903169596,1
-1.5485003349869826,-1.4495045676037308,0.0,6.022370976135849,1
0.7167608454825536,-0.9851730539265872,0.0,4.669249510398273,1
1.378166435913162,0.9741350355957514,0.0,3.0908424664333154,0
-1.0858721948025927,-1.4495045676037308,0.0,5.326469993765043,1
-1.5485003349869826,1.4481512087337318,0.0,2.545761015156658,1
-1.5485003349869826,-1.1072540633563843,0.0,2.8081899558296306,1
-1.5485003349869826,-1.4495045676037308,0.0,5.59887191701268,1
-1.5485003349869826,-1.4495045676037308,0.0,4.600678340366843,1
-1.1214248141389416,0.38477278320910535,0.0,2.3549680722753217,1
-1.5485003349869826,1.0195515707166167,0.0,2.518037030260555,1
0.639580171692575,-1.4495045676037308,0.0,4.034510488060116,1
0.787598712547306,0.529895899215817,0.0,7.802829467298525,1
-1.5485003349869826,-0.9851730539265872,0.0,4.424278487813018,1
1.378166435913162,-1.4495045676037308,0.0,5.794731696667619,1
-1.0858721948025927,-0.9884953765624958,0.0,4.631566167878207,1
0.787598712547306,-1.159404528414128,0.0,4.810029219411416,1
0.787598712547306,-1.1634084993085074,0.0,5.117342338863433,1
0.6849473754636609,1.4480086517533537,0.0,2.1241908708444006,0
-0.9041695660717511,-0.5185289333661689,0.0,2.266063611297428,1
1.378166435913162,-1.1072540633563843,0.0,8.640881442352859,1
-1.1214248141389416,0.695714165113867,0.0,2.406418020554382,1
0.787598712547306,0.43386891187933424,0.0,2.378372300089443,0
-1.5485003349869826,-1.4495045676037308,0.0,5.506098610326849,1
1.378166435913162,0.9741350355957514,0.0,7.791899608309949,1
-1.5485003349869826,-0.9884953765624958,0.0,4.746781700676034,1
1.378166435913162,-1.4495045676037308,0.0,3.874991914375379,1
0.7167608454825536,0.3330108026168031,0.0,2.442696217659096,0
-1.5485003349869826,-0.9884953765624958,0.0,6.197634641696867,1
-1.0245251369844965,1.4480563147787553,0.0,2.1555530412603665,0
-1.1458991813774235,-1.4495045676037308,0.0,5.959269424348402,1
1.378166435913162,1.0050318545785826,0.0,8.05854300928263,1
-1.1458991813774235,0.5724624714600394,0.0,2.215593565956687,1
-1.1495623980963838,1.4481512087337318,0.0,2.188354290670452,1
0.639580171692575,-1.4495045676037308,0.0,5.501152465355498,1
-1.1495623980963838,-1.4495045676037308,0.0,3.772948568959375,1
0.476557318369301,1.0264931837214997,0.0,8.27980834538888,1
-1.5485003349869826,0.6829522445306385,0.0,2.816232048660743,1
-1.5485003349869826,1.4481512087337318,0.0,2.550440322384373,1
-1.5485003349869826,-0.9936650520340982,0.0,2.9416039861006475,0
0.7167608454825536,1.0050318545785826,0.0,8.787732582379514,1
-1.5485003349869826,-1.4495045676037308,0.0,6.185497122177084,1
-1.5485003349869826,1.4481512087337318,0.0,2.2669180398311393,1
-1.5485003349869826,1.0195515707166167,0.0,3.4356499372837073,1
-1.0245251369844965,0.7642578262122808,0.0,8.043370384727403,1
-1.1495623980963838,1.4481512087337318,0.0,2.3180272542084213,1
-1.1458991813774235,-1.4495045676037308,0.0,6.373666379512777,1
-1.5485003349869826,1.0050318545785826,0.0,1.741373761416073,1
-1.1495623980963838,1.0195515707166167,0.0,2.264941828294186,1
-1.5485003349869826,-1.4495045676037308,0.0,5.829802833575309,1
-1.1214248141389416,-1.4495045676037308,0.0,5.812843098059434,1
1.378166435913162,-1.0993323273573337,0.0,5.714003925388023,1
1.378166435913162,1.4481512087337318,0.0,2.6472050564049776,0
-1.5485003349869826,0.3880704603108811,0.0,2.4126834491190006,1
0.787598712547306,1.0195515707166167,0.0,2.388221244722444,0
-1.1495623980963838,0.8232191038966041,0.0,2.1384015727547987,1
-1.5485003349869826,-0.23851073655576147,0.0,2.43214905801154,1
1.378166435913162,-1.4495045676037308,0.0,6.324162630029713,1
-0.9360107953083893,-1.4417680674827236,0.0,3.803390041806613,1
-1.5485003349869826,1.4481512087337318,0.0,2.5638870108088323,1
1.378166435913162,-0.6958161188550283,0.0,8.667713842088746,1
1.378166435913162,0.9741350355957514,0.0,2.416730227389585,0
-1.5485003349869826,1.4481512087337318,0.0,1.9063062538634543,1
-1.5485003349869826,1.4481512087337318,0.0,2.0135547113038905,1
1.378166435913162,-1.159404528414128,0.0,5.398516810183691,1
1.378166435913162,0.955526228545644,0.0,2.0964159545468855,0
0.787598712547306,0.955526228545644,0.0,8.225273704188513,1
1.378166435913162,1.4481512087337318,0.0,2.5078710549868135,0
-1.5485003349869826,0.955526228545644,0.0,1.9759421287923857,1
-1.1495623980963838,-1.4495045676037308,0.0,8.37887245483363,1
-1.1495623980963838,-1.4495045676037308,0.0,5.2712594853829104,1
-1.0245251369844965,0.5777299603435586,0.0,8.164495895547855,1
-1.1458991813774235,-1.4495045676037308,0.0,6.222132704471827,1
-1.1214248141389416,0.6689284619765181,0.0,2.5658932051891092,1
-1.1214248141389416,-1.159404528414128,0.0,5.183634102136837,1
-0.9677212744122297,1.0076156727753416,0.0,2.23645173882839,0
0.787598712547306,-1.159404528414128,0.0,2.3562444261967377,1
0.639580171692575,1.4481512087337318,0.0,1.796148833068234,0
-1.1458991813774235,-1.4495045676037308,0.0,6.451457841825859,1
-1.1214248141389416,-1.4495045676037308,0.0,6.105206517659668,1
-1.1495623980963838,1.0050318545785826,0.0,2.318782273031897,1
-1.5485003349869826,1.0195515707166167,0.0,2.2371559210614795,1
0.7167608454825536,0.2818173304616757,0.0,2.977050304064525,0
-1.5485003349869826,-0.8106782183987374,0.0,2.933609382103248,1
-1.0858721948025927,-1.4495045676037308,0.0,5.8925245699111635,1
-1.5485003349869826,1.4481512087337318,0.0,2.3454005146913146,1
1.378166435913162,1.0195515707166167,0.0,8.242927310426918,1
0.7167608454825536,0.27449671033236456,0.0,9.157840193161235,1
1.378166435913162,-1.4495045676037308,0.0,3.91123980806008,1
-0.0046902078248167115,0.0,0.0,5.0,1
-1.5485003349869826,0.9741350355957514,0.0,2.230638488428048,1
0.2672971941442228,1.0969799165943286,0.0,2.1691864537340932,0
-1.5485003349869826,-1.4495045676037308,0.0,6.183856699537644,1
-1.0365358038448755,-1.103540188433729,0.0,4.639449078244264,1
-1.5485003349869826,-1.4495045676037308,0.0,6.534781804406268,1
-1.5485003349869826,-1.4495045676037308,0.0,4.9132493504031824,1
-1.0858721948025927,-0.9479497917907227,0.0,8.586641076568679,1
-1.5485003349869826,-1.159404528414128,0.0,5.600469948444456,1
-1.5485003349869826,-1.4495045676037308,0.0,4.366010966614008,1
-1.1458991813774235,1.4481512087337318,0.0,2.409750945062041,1
-1.5485003349869826,1.4481512087337318,0.0,1.9689467248470796,1
-1.1214248141389416,1.4481512087337318,0.0,2.1724519179524098,1
-1.1495623980963838,-1.4495045676037308,0.0,4.795336448218087,1
-0.9304323319006259,0.9617908024981108,0.0,1.8128605727417448,1
-1.5485003349869826,-0.26015672915592325,0.0,2.6095761881931003,1
1.378166435913162,-1.159404528414128,0.0,8.40889603643323,1
1.378166435913162,-1.4495045676037308,0.0,6.359271351229416,1
-1.0858721948025927,0.955526228545644,0.0,2.0321579537677508,1
-1.0858721948025927,-1.4495045676037308,0.0,5.568517684120726,1
-1.5485003349869826,-1.4495045676037308,0.0,3.896278514863152,1
-1.5485003349869826,-0.9069748149647733,0.0,5.488050125435393,1
-1.5485003349869826,1.0050318545785826,0.0,2.2830535345113128,1
-1.0462089020296135,1.4480563147787553,0.0,2.369152557776907,1
1.378166435913162,0.8064660309596711,0.0,2.202943506430062,0
-1.0858721948025927,-1.4495045676037308,0.0,4.372061511562585,1
-1.1458991813774235,-1.159404528414128,0.0,4.0897342965056644,1
0.787598712547306,-0.24997228465249147,0.0,2.5743342949265067,0
0.7167608454825536,-0.9884953765624958,0.0,5.583310710057801,1
0.4949802524694769,0.9586831535244584,0.0,2.1092315360956904,0
-1.1495623980963838,-0.9493349264333149,0.0,5.43336759941064,1
-1.1495623980963838,0.9741350355957514,0.0,1.9630513090494999,1
-0.9990116365219599,1.0076156727753416,0.0,2.2561225511559253,1
0.639580171692575,-0.9884953765624958,0.0,4.904946828681732,1
0.639580171692575,1.0195515707166167,0.0,2.4796555444046797,0
-1.1458991813774235,-1.159404528414128,0.0,4.092433992824978,1
1.378166435913162,0.9741350355957514,0.0,2.0160257617872137,0
-0.9741862948889325,1.0251255539625228,0.0,2.794328650264898,0
-1.5485003349869826,-0.9054217075594011,0.0,5.005426974125285,1
0.2620631143104382,1.0969799165943286,0.0,3.011997229085906,0
1.378166435913162,0.9741350355957514,0.0,2.134738048695083,0
1.378166435913162,-0.25741727120795854,0.0,2.4301765969754103,0
0.787598712547306,-1.4495045676037308,0.0,5.7034056625098675,1
0.7167608454825536,0.34979386038936294,0.0,8.49317978626793,1
0.787598712547306,-0.9434132313755512,0.0,4.2425772810259215,1
-1.0858721948025927,-1.0993323273573337,0.0,4.8307288598659515,1
-1.0858721948025927,-1.4495045676037308,0.0,6.6274584532235075,1
0.7167608454825536,1.0050318545785826,0.0,2.4132706034304308,0
0.639580171692575,0.9741350355957514,0.0,2.3892466347209123,0
1.378166435913162,1.0195515707166167,0.0,2.3709629878839253,0
-0.9387136791295414,1.0101649957432535,0.0,2.2668237221087253,1
-1.1214248141389416,0.19968212059043497,0.0,8.814696130121263,1
1.378166435913162,0.9741350355957514,0.0,2.4973373445808313,0
1.378166435913162,-0.9054217075594011,0.0,2.284680348498367,0
-1.0858721948025927,0.955526228545644,0.0,2.2337062640022802,1
1.378166435913162,0.6689284619765181,0.0,8.703565432255637,1
-0.6117303527056647,0.0,0.0,5.0,1
-0.6366951570662664,0.0,0.0,5.0,0
-1.0365358038448755,1.0076156727753416,0.0,1.8719969362597122,0
1.378166435913162,-1.159404528414128,0.0,1.9110046248844115,0
-1.5485003349869826,-1.0993323273573337,0.0,4.430024900895797,1
-1.1458991813774235,0.6106347386481292,0.0,2.5397006157870265,1
-1.1495623980963838,-1.4495045676037308,0.0,3.237113086717084,0
1.378166435913162,1.0050318545785826,0.0,8.003603527910313,1
-1.0858721948025927,-1.159404528414128,0.0,4.677241433157979,1
1.378166435913162,-1.1634084993085074,0.0,2.5361675739645437,0
-1.0245251369844965,1.4480563147787553,0.0,2.4459377532047757,1
0.7167608454825536,1.4481512087337318,0.0,7.9500065727911675,1
-1.1214248141389416,-1.0993323273573337,0.0,5.67853342071333,1
-1.0858721948025927,0.955526228545644,0.0,2.639092768749559,1
-1.5485003349869826,-1.4495045676037308,0.0,5.241715771119872,1
0.639580171692575,-0.9479497917907227,0.0,8.335867229054506,1
-1.1214248141389416,-1.4495045676037308,0.0,6.3894227728510975,1
1.378166435913162,0.955526228545644,0.0,1.8321389428620953,0
1.378166435913162,-0.7986009250574997,0.0,3.115178447959174,0
-1.0245251369844965,-1.4475948051420449,0.0,6.4472740646515945,1
1.378166435913162,-0.9884953765624958,0.0,4.811636426873027,1
-1.1458991813774235,-1.0993323273573337,0.0,3.145042072422638,1
-1.1495623980963838,-1.4495045676037308,0.0,5.0121534568718555,1
1.378166435913162,1.4481512087337318,0.0,8.216393938562678,1
-1.5485003349869826,-1.4495045676037308,0.0,4.891184619095063,1
0.710370033396719,-1.4495045676037308,0.0,8.50353882324686,1
-1.1458991813774235,-1.4495045676037308,0.0,3.8823873293862077,1
-1.1214248141389416,1.0050318545785826,0.0,2.530681637396806,1
1.378166435913162,1.0050318545785826,0.0,2.1169444015223435,0
-1.1458991813774235,0.6689284619765181,0.0,2.8539981097166573,1
0.787598712547306,1.0050318545785826,0.0,1.9053154759422604,0
0.787598712547306,-0.9618498610124704,0.0,5.062687879604401,1
0.21335815288779814,0.0,0.0,5.0,1
-1.1495623980963838,-1.4495045676037308,0.0,4.722893546866135,1
-1.5485003349869826,-1.4495045676037308,0.0,6.571925779497613,1
0.787598712547306,0.5724624714600394,0.0,8.08293152039123,1
-1.5485003349869826,-1.0993323273573337,0.0,4.690338504810337,1
-1.0858721948025927,1.4481512087337318,0.0,2.887176426716363,1
1.378166435913162,-0.9936650520340982,0.0,4.403228107764062,1
1.378166435913162,-1.0993323273573337,0.0,5.240682936473578,1
-1.0858721948025927,1.0050318545785826,0.0,2.6035208153059717,1
-1.0858721948025927,1.0195515707166167,0.0,2.475032256027024,1
-1.1458991813774235,-1.4495045676037308,0.0,3.9845558954763476,1
-0.11972141097533318,0.0,0.0,5.0,0
1.378166435913162,0.5724624714600394,0.0,8.512222147527659,1
-1.5485003349869826,1.0195515707166167,0.0,2.0885474051370827,1
1.378166435913162,-1.4495045676037308,0.0,4.958947909116989,1
-1.1214248141389416,-1.4495045676037308,0.0,4.828119521821282,1
1.378166435913162,1.4481512087337318,0.0,1.9893733680946095,0
0.787598712547306,1.0195515707166167,0.0,2.34339416209039,0
1.378166435913162,1.0050318545785826,0.0,8.576539480599308,1
-1.0858721948025927,-1.4495045676037308,0.0,4.902425081173579,1
-1.1214248141389416,0.9741350355957514,0.0,2.087575887406109,1
0.6650892123420602,-1.0886073801090244,0.0,4.089783956337973,1
-1.1458991813774235,-1.4495045676037308,0.0,4.979384434652575,1
1.378166435913162,-0.000713184213030694,0.0,8.724757823451533,1
0.639580171692575,-0.9054217075594011,0.0,8.169536287165908,1
-1.5485003349869826,-1.4495045676037308,0.0,4.719948946304173,1
1.378166435913162,-0.9880355100044224,0.0,4.752771669507297,1
-1.1495623980963838,0.9741350355957514,0.0,1.9103718179261162,1
-1.5485003349869826,-1.4495045676037308,0.0,4.565375008196028,1
-0.9304323319006259,0.9808345047593721,0.0,2.1295289970576943,1
-1.5485003349869826,1.4481512087337318,0.0,2.56428182903034,1
-1.1458991813774235,1.0050318545785826,0.0,2.7531468641343126,1
-1.1495623980963838,1.4481512087337318,0.0,2.245719874300695,1
-1.0858721948025927,0.9741350355957514,0.0,2.127137071310558,1
-1.1495623980963838,-1.4495045676037308,0.0,5.748370351341437,1
-1.1458991813774235,-1.0993323273573337,0.0,4.668470878243719,1
-1.0609486432407544,-1.4475948051420449,0.0,6.384831661232504,1
0.787598712547306,-1.1072540633563843,0.0,5.28246944670488,1
-1.0858721948025927,0.5812790392691648,0.0,2.7407146845662647,0
0.787598712547306,0.6307810924898708,0.0,8.55156301168476,1
1.378166435913162,1.0050318545785826,0.0,2.8650144721369144,0
0.787598712547306,1.4481512087337318,0.0,2.123270550522226,0
0.787598712547306,1.4481512087337318,0.0,2.5519574757094805,0
1.378166435913162,0.529895899215817,0.0,2.5121944886753345,0
1.378166435913162,0.955526228545644,0.0,8.50337233556235,1
-1.5485003349869826,0.5724624714600394,0.0,2.1326912061093197,1
1.378166435913162,0.09292094888775775,0.0,8.71260209747042,1
-0.005800252127894139,0.0,0.0,5.0,1
0.4440323797939889,-1.0903286688826128,0.0,2.4829017280214907,0
-1.1458991813774235,-1.4495045676037308,0.0,6.642285676555604,1
-1.0858721948025927,1.4481512087337318,0.0,1.9991128058095364,1
0.710370033396719,0.955526228545644,0.0,8.192236471503762,1
-1.1495623980963838,1.4481512087337318,0.0,2.2398437958737993,1
-1.5485003349869826,0.6689284619765181,0.0,2.49995556921977,1
0.6448273970616095,-1.0886073801090244,0.0,5.475796589367464,1
1.378166435913162,-1.4495045676037308,0.0,4.563149333392421,1
-0.4383233685362584,0.0,0.0,5.0,0
-1.1214248141389416,-1.4495045676037308,0.0,6.824626326012103,1
1.378166435913162,0.8385215690740073,0.0,2.319951466014013,0
0.18510533052334524,0.0,0.0,5.0,1
1.378166435913162,-1.1634084993085074,0.0,2.596311551723951,0
-1.5485003349869826,0.2876264133912313,0.0,2.6483189780655505,1
-1.1214248141389416,-1.4495045676037308,0.0,6.225611954335065,1
-1.5485003349869826,1.4481512087337318,0.0,2.3974663140299475,1
-1.5485003349869826,0.9741350355957514,0.0,1.8796527604414928,1
-1.1495623980963838,-0.9108287659375035,0.0,5.499179844404523,1
1.378166435913162,1.0195515707166167,0.0,8.660764208558795,1
-1.1214248141389416,-1.4495045676037308,0.0,5.613539750308788,1
0.639580171692575,1.4481512087337318,0.0,2.4212699962629283,0
1.378166435913162,0.035058183033741364,0.0,2.741433752050097,0
-0.9741862948889325,1.447960843819446,0.0,2.0794657110298833,0
0.639580171692575,1.0050318545785826,0.0,2.0255105376049665,0
-1.5485003349869826,-1.4495045676037308,0.0,5.67804443050816,1
-1.1458991813774235,0.5724624714600394,0.0,2.50475975874546,1
1.378166435913162,0.955526228545644,0.0,8.07685054863935,1
0.7167608454825536,1.4481512087337318,0.0,1.969938871402537,0
-1.5485003349869826,-1.4495045676037308,0.0,5.47507869845507,1
-0.8376355831620009,-1.4437267228516664,0.0,6.652288583814836,1
-1.5485003349869826,-1.4495045676037308,0.0,5.491412781089503,1
-1.0858721948025927,0.5724624714600394,0.0,2.9961951205759183,1
-1.0858721948025927,-1.1072540633563843,0.0,5.497203575899028,1
-1.5485003349869826,-1.0993323273573337,0.0,4.130121733242957,1
0.7167608454825536,-0.6109936508958075,0.0,3.863667733035843,1
0.6592797762866381,1.0088946071464964,0.0,2.917634784906315,0
0.787598712547306,-1.4495045676037308,0.0,5.54036409474771,1
-1.5485003349869826,0.9741350355957514,0.0,2.2146535203295885,1
-0.3269824556293522,0.0,0.0,5.0,1
-1.5485003349869826,-1.159404528414128,0.0,5.340977748811186,1
-1.5485003349869826,1.4481512087337318,0.0,2.479784702329392,1
0.710370033396719,-0.9884953765624958,0.0,5.682461364253419,1
-1.0858721948025927,-0.019034103811399184,0.0,2.4278448108415325,1
-1.5485003349869826,-1.4495045676037308,0.0,6.409356633181028,1
1.378166435913162,-0.9426263424917493,0.0,2.7792272974406154,0
1.378166435913162,-1.4495045676037308,0.0,2.0092898261003573,0
-1.5485003349869826,-1.4495045676037308,0.0,3.1974016444467734,1
-1.5485003349869826,0.6627168277151729,0.0,2.2868589251872327,1
-1.1458991813774235,1.4481512087337318,0.0,2.4560777008656696,1
-1.5485003349869826,-1.1072540633563843,0.0,3.870995587547404,1
0.710370033396719,-0.9069748149647733,0.0,4.747351033901424,1
1.378166435913162,1.4481512087337318,0.0,2.234656564430668,0
-1.1495623980963838,-1.0993323273573337,0.0,2.9809757716915333,1
1.378166435913162,0.48089229330838745,0.0,2.53234119243669,0
-1.0858721948025927,-1.1072540633563843,0.0,3.664733884227643,1
-1.1495623980963838,-1.1634084993085074,0.0,5.330381345703121,1
0.4949802524694769,-1.103540188433729,0.0,5.284363904856518,1
-1.5485003349869826,0.9741350355957514,0.0,2.2100441195207776,1
-1.0858721948025927,-1.0993323273573337,0.0,5.435937084726102,1
0.457916959072592,-1.4446998656154735,0.0,5.838721951678044,1
-1.0609486432407544,-1.159797729275601,0.0,6.480959375317385,1
-1.1458991813774235,0.8064660309596711,0.0,2.5474330237043232,1
-1.5485003349869826,-1.4495045676037308,0.0,6.1238061659611756,1
-1.1495623980963838,1.0050318545785826,0.0,2.7425302861899397,1
-0.15812325770417204,0.0,0.0,5.0,1
-1.5485003349869826,-0.6053212415834965,0.0,2.9258599241138574,1
-0.8505838850374251,1.0251255539625228,0.0,8.908478313741428,1
0.787598712547306,1.4481512087337318,0.0,2.262481148898447,0
-1.5485003349869826,-1.4495045676037308,0.0,4.726242567651028,1
-1.1495623980963838,1.0050318545785826,0.0,1.8006297072577315,1
-1.5485003349869826,1.4481512087337318,0.0,2.6369872222700925,1
0.787598712547306,0.3929549599337999,0.0,9.133690853164362,1
1.378166435913162,-1.4495045676037308,0.0,4.733836077529768,1
-1.1214248141389416,0.695714165113867,0.0,3.2632221688197953,0
-1.0365358038448755,-1.4475948051420449,0.0,3.7606778329396704,1
0.787598712547306,-1.159404528414128,0.0,6.070719800134962,1
-1.0858721948025927,0.5724624714600394,0.0,2.362051048422423,1
1.378166435913162,1.4481512087337318,0.0,2.0883850193530877,0
-0.9677212744122297,-1.4475948051420449,0.0,5.314682680938725,1
1.378166435913162,-1.159404528414128,0.0,2.1271750820245017,0
-1.5485003349869826,-1.4495045676037308,0.0,5.9490918967644975,1
1.378166435913162,-1.1634084993085074,0.0,3.887417787785167,1
-1.0858721948025927,1.4481512087337318,0.0,2.4802499149975388,0
-1.5485003349869826,1.0050318545785826,0.0,2.085486874342087,1
-1.0609486432407544,-1.4475948051420449,0.0,5.244714955169855,1
-0.7968107965316279,0.707165483366431,0.0,7.937362182362547,1
1.378166435913162,-1.4495045676037308,0.0,8.449718463350244,1
-1.5485003349869826,0.9741350355957514,0.0,2.2127878312672045,1
-1.1495623980963838,0.9741350355957514,0.0,2.24757289466252,1
-0.9677212744122297,0.5367313535858427,0.0,2.7125906515915554,1
-1.1214248141389416,-1.4495045676037308,0.0,5.71540904499833,1
0.7167608454825536,1.4481512087337318,0.0,2.2119224001918796,0
-1.1495623980963838,0.9741350355957514,0.0,1.9333514372379346,0
-1.5485003349869826,-1.1634084993085074,0.0,5.382309041575696,1
0.710370033396719,-1.4495045676037308,0.0,6.04419078039747,1
0.787598712547306,0.04389017815804241,0.0,2.498140678785013,0
-1.1495623980963838,-1.1072540633563843,0.0,5.553857889813929,1
-1.5485003349869826,-0.02731631074590505,0.0,2.7178316360226296,1
-1.1214248141389416,1.4481512087337318,0.0,2.3103082358041966,1
1.378166435913162,0.9741350355957514,0.0,8.7647156606318,1
1.378166435913162,1.4481512087337318,0.0,2.501936181222881,0
0.4717016244952289,0.5777299603435586,0.0,8.58796307855898,1
0.7167608454825536,1.0195515707166167,0.0,2.655786178418566,0
-1.0858721948025927,0.43386891187933424,0.0,2.5132309639671866,1
-1.1214248141389416,-0.9884953765624958,0.0,2.7189328475510375,1
1.378166435913162,0.43386891187933424,0.0,8.34764482551233,1
0.710370033396719,1.0050318545785826,0.0,2.5397521526072695,0
-0.8505838850374251,1.447960843819446,0.0,2.3404414612635023,1
-1.5485003349869826,-1.4495045676037308,0.0,6.514219545564855,1
-1.1458991813774235,1.4481512087337318,0.0,2.6985227627858954,0
0.710370033396719,0.955526228545644,0.0,2.3506399649292624,0
1.378166435913162,0.8064660309596711,0.0,2.1181460281869735,0
-1.0858721948025927,-1.159404528414128,0.0,3.9393675762079674,1
-1.5485003349869826,1.4481512087337318,0.0,2.457757730815181,1
0.710370033396719,-1.4495045676037308,0.0,3.8676670786970737,1
0.710370033396719,1.0050318545785826,0.0,2.2631710044750206,0
-1.1495623980963838,-1.1634084993085074,0.0,2.642853857005293,0
0.32163879325296507,1.0291981339339615,0.0,2.4764125431238067,0
1.378166435913162,1.0195515707166167,0.0,1.9234033669201671,0
1.378166435913162,-1.0392061866553604,0.0,5.437644554210791,1
0.4388264724766153,0.5855577899866259,0.0,2.4043351487456635,0
-1.0858721948025927,-1.1072540633563843,0.0,2.4587891920532394,1
1.378166435913162,-0.9851730539265872,0.0,3.7608911768302753,1
1.378166435913162,-1.4495045676037308,0.0,6.382343390748472,1
-1.1214248141389416,1.0195515707166167,0.0,2.211557623671283,1
0.710370033396719,0.47213568043159626,0.0,8.650675321400959,1
-1.1458991813774235,-0.8203114233785223,0.0,3.0953888266490863,1
-1.1458991813774235,1.4481512087337318,0.0,2.490844425722414,1
-1.0858721948025927,-1.4495045676037308,0.0,6.517735671054703,1
-1.1214248141389416,-1.4495045676037308,0.0,4.637444293680539,1
0.787598712547306,-0.9880355100044224,0.0,2.834673380105187,0
-0.9677212744122297,-1.4475948051420449,0.0,4.932673464561634,1
1.378166435913162,0.5724624714600394,0.0,8.887266182856667,1
-1.1495623980963838,1.0195515707166167,0.0,2.043502175005756,1
1.378166435913162,-1.4495045676037308,0.0,6.273316877632952,1
1.378166435913162,-1.4495045676037308,0.0,5.077999099816095,1
-1.1495623980963838,-1.1072540633563843,0.0,5.33748906526242,1
1.378166435913162,0.7575476520511129,0.0,2.058877250548132,0
-1.1458991813774235,-1.4495045676037308,0.0,5.102424606378202,1
1.378166435913162,-0.36601970307388293,0.0,8.867457753016248,1
-1.1495623980963838,-1.4495045676037308,0.0,6.4814746968173775,1
-1.1458991813774235,-1.4495045676037308,0.0,5.32102735318097,1
0.710370033396719,0.3919033876793723,0.0,2.66121920296267,0
1.378166435913162,1.0050318545785826,0.0,2.0405825576908523,0
-1.1214248141389416,-1.0993323273573337,0.0,4.045815239344249,1
-1.1458991813774235,-1.1634084993085074,0.0,3.857391478001348,1
-0.6618794596212657,0.0,0.0,5.0,0
-1.1458991813774235,0.9741350355957514,0.0,1.9361072980739196,1
-1.1214248141389416,1.4481512087337318,0.0,2.1455833262067605,1
0.710370033396719,-1.4495045676037308,0.0,6.190595981923025,1
1.378166435913162,0.519492814484581,0.0,2.3136322953329054,0
-1.5485003349869826,1.4481512087337318,0.0,2.4241052174833233,1
-1.1458991813774235,1.0050318545785826,0.0,2.8408268404065193,0
1.378166435913162,-0.9007725365746757,0.0,8.451320791333925,1
-1.1495623980963838,-1.4495045676037308,0.0,5.475714901031841,1
0.787598712547306,-1.4495045676037308,0.0,5.027772170350168,1
1.378166435913162,-1.0392061866553604,0.0,5.943482012819301,1
-1.1458991813774235,-1.159404528414128,0.0,3.5768247697235913,1
1.378166435913162,1.0195515707166167,0.0,3.620000118255761,0
-1.5485003349869826,-1.4495045676037308,0.0,5.059823390484828,1
-0.9677212744122297,0.844606181183836,0.0,2.5846223747227355,1
1.378166435913162,0.4551209749426044,0.0,2.113408825666991,0
-1.0858721948025927,-0.9108287659375035,0.0,5.965293328154162,1
-1.5485003349869826,-1.4495045676037308,0.0,4.415102259789917,1
1.378166435913162,-0.9936650520340982,0.0,4.713744122803435,1
0.7167608454825536,1.4481512087337318,0.0,2.470320312544028,0
-1.5485003349869826,1.4481512087337318,0.0,2.598666930401185,1
1.378166435913162,0.4838918902983728,0.0,7.9840983972824215,1
0.7167608454825536,-1.4495045676037308,0.0,5.2947951884377105,1
-1.5485003349869826,-1.4495045676037308,0.0,5.388714942160693,1
1.378166435913162,-0.9042553148300942,0.0,5.256331262008653,1
0.4949802524694769,-1.4475948051420449,0.0,4.753194246656586,1
1.378166435913162,0.22057175771521603,0.0,2.945693476650759,0
0.6448273970616095,0.9602430705187611,0.0,2.7093853006554562,0
-1.0858721948025927,0.4838918902983728,0.0,2.451174583479257,1
-1.1495623980963838,-1.4495045676037308,0.0,6.255925085533159,1
-1.0858721948025927,-1.4495045676037308,0.0,5.2395828629336085,1
0.787598712547306,0.3294240766241435,0.0,8.309424265372245,1
1.378166435913162,-1.0993323273573337,0.0,2.436148033871071,0
-1.1495623980963838,0.7575476520511129,0.0,2.1556497656774494,0
1.378166435913162,-0.9618498610124704,0.0,4.757953699363161,1
-1.1214248141389416,-1.159404528414128,0.0,4.079755589245631,1
-1.1214248141389416,1.0050318545785826,0.0,2.492689609802063,1
0.4949802524694769,0.4931409630188686,0.0,8.857139052674194,1
-1.5485003349869826,-0.3497130392075318,0.0,3.0144099798471795,1
-1.5485003349869826,-1.4495045676037308,0.0,6.32612394642743,1
-1.1214248141389416,0.9741350355957514,0.0,2.1651557330995317,1
0.639580171692575,1.4481512087337318,0.0,2.6665963703276425,0
0.710370033396719,-0.9936650520340982,0.0,4.231288178836693,1
-0.4735312554794249,0.0,0.0,5.0,1
-1.1495623980963838,-1.4495045676037308,0.0,6.107936465263166,1
0.7167608454825536,-0.9069748149647733,0.0,2.2174711671237355,0
0.710370033396719,-1.159404528414128,0.0,6.456899328058097,1
-1.1214248141389416,-1.1072540633563843,0.0,5.5998897649153365,1
0.787598712547306,0.9741350355957514,0.0,2.4012754698655625,0
-1.0858721948025927,1.4481512087337318,0.0,2.351564108357101,1
0.787598712547306,0.8232191038966041,0.0,2.0686999199948235,0
-0.9677212744122297,0.812015604530254,0.0,2.3957133200239435,1
-0.8505838850374251,-0.8978795965818837,0.0,4.964497167758212,1
1.378166435913162,-1.159404528414128,0.0,3.81546518072267,1
-1.5485003349869826,-1.4495045676037308,0.0,5.066268006181737,1
0.787598712547306,-1.1634084993085074,0.0,4.594257885085023,1
-1.5485003349869826,-1.4495045676037308,0.0,5.503893438669436,1
-1.0065721153430545,-1.4437267228516664,0.0,7.099795527595302,1
-1.1458991813774235,-1.4495045676037308,0.0,6.2731728146156644,1
1.378166435913162,-0.9884953765624958,0.0,8.618692558570972,1
-0.9990116365219599,1.4480563147787553,0.0,2.843956164442795,1
0.4561233999972488,0.4220435532798074,0.0,2.6305069228267683,0
1.378166435913162,1.0050318545785826,0.0,1.9734199098185843,0
-1.1495623980963838,0.5724624714600394,0.0,2.1193340887282863,1
-1.5485003349869826,0.6689284619765181,0.0,2.6242896562463605,1
-1.1495623980963838,-1.4495045676037308,0.0,4.717379723889108,1
-1.5485003349869826,0.955526228545644,0.0,2.222943036926019,1
1.378166435913162,1.4481512087337318,0.0,2.3334866874886884,0
0.7167608454825536,-1.4495045676037308,0.0,5.405848207146024,1
1.378166435913162,-1.159404528414128,0.0,2.6845499337833423,0
1.378166435913162,0.34979386038936294,0.0,8.774619022881897,1
1.378166435913162,-1.4495045676037308,0.0,4.14507538517044,1
1.378166435913162,1.4481512087337318,0.0,2.7180778680532285,0
-1.1214248141389416,1.4481512087337318,0.0,2.3158598391518104,1
-1.1214248141389416,-0.9851730539265872,0.0,2.516566399545144,1
-1.5485003349869826,-1.4495045676037308,0.0,4.3908722202684585,1
-1.5485003349869826,-1.0392061866553604,0.0,4.769505864641364,1
0.787598712547306,0.529895899215817,0.0,8.037160284122805,1
-0.32645179617088027,0.0,0.0,5.0,0
-1.5485003349869826,1.0050318545785826,0.0,2.3573810297740336,1
1.378166435913162,-1.4495045676037308,0.0,3.656240133960325,1
0.4717016244952289,-1.4475948051420449,0.0,6.277973652546629,1
0.787598712547306,-1.4495045676037308,0.0,5.408170595006668,1
-0.8628164292008287,1.0126804418583242,0.0,2.2108709744306903,1
1.378166435913162,-1.4495045676037308,0.0,5.408195418507349,1
-1.0365358038448755,-0.9458365463153156,0.0,4.210737311440279,1
-1.0609486432407544,-1.4475948051420449,0.0,5.124533428298953,1
-1.5485003349869826,-1.4495045676037308,0.0,6.297098325089897,1
-1.5485003349869826,-1.4495045676037308,0.0,6.386079116403023,1
-1.5485003349869826,1.4481512087337318,0.0,2.8101354002663506,1
-0.6503295747916826,0.0,0.0,5.0,1
-1.1214248141389416,1.4481512087337318,0.0,1.9657393607516624,1
-0.9448395840746106,0.45829280089612784,0.0,2.370691582070723,1
1.378166435913162,-1.4495045676037308,0.0,5.447351571693309,1
-1.1495623980963838,-1.1072540633563843,0.0,4.790567799857635,1
-1.5485003349869826,-1.1634084993085074,0.0,4.3276015384218045,1
-1.5485003349869826,1.4481512087337318,0.0,2.473639343622801,1
1.378166435913162,-1.1634084993085074,0.0,2.8219508619089972,0
-1.5485003349869826,-1.4495045676037308,0.0,4.086057590431552,1
-1.5485003349869826,1.0050318545785826,0.0,2.2414010361980807,1
-1.5485003349869826,1.4481512087337318,0.0,2.993669436247072,1
-1.5485003349869826,1.4481512087337318,0.0,1.8994255514481586,1
-1.1214248141389416,-0.9007725365746757,0.0,4.696004092955545,1
-1.5485003349869826,0.9741350355957514,0.0,2.146720533520699,1
0.710370033396719,1.0195515707166167,0.0,2.785840663353725,0
1.378166435913162,1.4481512087337318,0.0,2.7571915671060565,0
1.378166435913162,0.695714165113867,0.0,2.372173497954634,0
1.378166435913162,1.4481512087337318,0.0,2.3321467102669677,0
-1.5485003349869826,1.4481512087337318,0.0,1.936871330039334,1
-1.5485003349869826,0.9741350355957514,0.0,2.351110580956364,1
-1.1214248141389416,-1.4495045676037308,0.0,5.934166507787701,1
-1.5485003349869826,-0.6103944392145749,0.0,2.3081413532785815,1
1.378166435913162,-1.4495045676037308,0.0,5.240835142915161,1
-1.0858721948025927,0.955526228545644,0.0,2.6428361359999384,1
0.710370033396719,1.0195515707166167,0.0,2.3608525563468623,0
1.378166435913162,0.8064660309596711,0.0,7.868632192022846,1
-1.5485003349869826,0.695714165113867,0.0,2.74862359947768,1
1.378166435913162,0.529895899215817,0.0,1.993473518438035,0
0.639580171692575,1.4481512087337318,0.0,2.02063039210036,0
-1.1495623980963838,-1.4495045676037308,0.0,4.48032278141016,1
-1.5485003349869826,-1.4495045676037308,0.0,6.029385838425747,1
0.710370033396719,-1.4495045676037308,0.0,5.603085428239693,1
-1.1495623980963838,-1.4495045676037308,0.0,6.029286086357479,1
1.378166435913162,1.0050318545785826,0.0,8.330823183649873,1
0.787598712547306,1.4481512087337318,0.0,2.705166488812272,0
-1.5485003349869826,1.4481512087337318,0.0,2.5812632076137976,1
0.787598712547306,-1.0993323273573337,0.0,5.622261174962755,1
0.457916959072592,-1.4446998656154735,0.0,4.933142184177794,1
-1.5485003349869826,1.4481512087337318,0.0,2.495413700252283,1
-1.5485003349869826,-1.4495045676037308,0.0,6.220833374395207,1
0.787598712547306,-1.4495045676037308,0.0,6.675263801137649,1
-1.5485003349869826,-1.0993323273573337,0.0,2.231226570814848,1
1.378166435913162,0.5724624714600394,0.0,1.9851454031792972,0
-0.3087700946702585,0.0,0.0,5.0,0
-1.1495623980963838,1.4481512087337318,0.0,2.0084093056417474,1
1.378166435913162,-1.1634084993085074,0.0,5.914141454749761,1
1.378166435913162,-0.8154427496695311,0.0,4.989733015077977,1
0.710370033396719,-1.159404528414128,0.0,4.095185756614363,1
-1.1458991813774235,-1.4495045676037308,0.0,4.449979428683145,1
1.378166435913162,1.4481512087337318,0.0,2.499257273263857,0
0.787598712547306,0.7575476520511129,0.0,2.2364358522080687,0
0.639580171692575,0.9741350355957514,0.0,2.1290159009702743,0
1.378166435913162,0.955526228545644,0.0,2.2186965496678512,0
-0.10704736384095108,0.0,0.0,5.0,1
-0.8442888696648956,-1.4437267228516664,0.0,6.857435512124589,1
-1.0365358038448755,0.9775140375569451,0.0,2.2027329068196537,1
-1.5485003349869826,0.6106347386481292,0.0,2.284009597952087,1
-1.0858721948025927,1.0195515707166167,0.0,2.564801886415915,1
0.787598712547306,1.0050318545785826,0.0,8.439596322966585,1
1.378166435913162,1.4481512087337318,0.0,2.1740279590853273,0
-1.5485003349869826,0.9741350355957514,0.0,2.5225540441395293,1
-1.1214248141389416,0.43386891187933424,0.0,2.3827834216913666,1
-1.5485003349869826,0.955526228545644,0.0,2.674467587542481,1
1.378166435913162,1.4481512087337318,0.0,2.253282942681079,0
-1.5485003349869826,1.4481512087337318,0.0,2.0842798209198796,1
-1.5485003349869826,0.43386891187933424,0.0,2.5440763264207726,1
-1.5485003349869826,1.4481512087337318,0.0,2.0273045130202942,1
0.7167608454825536,1.0195515707166167,0.0,2.1878557600297412,0
-1.5485003349869826,0.6829522445306385,0.0,2.0831450695730727,1
-0.7002071648514028,-1.4378006956626737,0.0,5.484200429907979,1
-0.9515808992827639,-1.445668912944812,0.0,5.388739687218723,1
1.378166435913162,1.4481512087337318,0.0,2.485941236002204,0
-1.1458991813774235,1.0050318545785826,0.0,2.2773754898397325,1
-1.5485003349869826,0.28752095582185305,0.0,2.4982122799050916,1
-0.8599367685881425,-0.9731555184702098,0.0,2.4373434780101983,1
1.378166435913162,-1.4495045676037308,0.0,3.5472011345833545,1
-1.0462089020296135,-0.929630526531118,0.0,3.9633326265132167,1
-1.5485003349869826,1.4481512087337318,0.0,2.838312721295278,1
0.7167608454825536,0.9741350355957514,0.0,8.060345830910148,1
-1.0245251369844965,-1.0957553480603646,0.0,6.791304435774116,1
-1.1214248141389416,1.0195515707166167,0.0,1.7172771444195225,1
0.6448273970616095,-1.0939546378979703,0.0,3.1432043159573446,0
-1.5485003349869826,-1.159404528414128,0.0,5.477617020082809,1
0.787598712547306,0.955526228545644,0.0,8.227467834354652,1
0.639580171692575,-1.4495045676037308,0.0,8.628856504290622,1
-1.1214248141389416,-1.4495045676037308,0.0,5.717199445728515,1
0.787598712547306,1.4481512087337318,0.0,2.4874465253629943,0
0.639580171692575,0.9741350355957514,0.0,8.087306397162987,1
0.787598712547306,-0.9880355100044224,0.0,2.5061957260053727,0
1.378166435913162,-1.4495045676037308,0.0,4.581787888419079,1
-1.0858721948025927,1.0050318545785826,0.0,2.7520361813489904,1
-1.5485003349869826,-0.8383489019766284,0.0,2.731850194585856,1
-1.5485003349869826,-1.4495045676037308,0.0,6.300663877667423,1
1.378166435913162,-1.4495045676037308,0.0,5.870329949367333,1
1.378166435913162,-1.4495045676037308,0.0,2.431184567524207,0
-1.1495623980963838,-0.9007725365746757,0.0,8.403623211971647,1
-1.5485003349869826,1.0050318545785826,0.0,2.884197525896117,1
1.378166435913162,0.9741350355957514,0.0,2.2680861991998578,0
0.639580171692575,0.529895899215817,0.0,2.08018422343988,0
-0.9853759763832799,-1.0921457518280024,0.0,2.327709443014922,0
-1.1214248141389416,0.013783167002136932,0.0,2.3394822164573807,0
-1.5485003349869826,1.0050318545785826,0.0,2.1988485276292336,1
-1.5485003349869826,-1.4495045676037308,0.0,5.221226714300766,1
0.787598712547306,1.0050318545785826,0.0,2.644935452770724,0
0.787598712547306,1.4481512087337318,0.0,2.7057786671587816,0
-1.5485003349869826,-0.9054217075594011,0.0,4.162440529497235,1
1.378166435913162,-1.4495045676037308,0.0,3.954470988322825,1
-0.4135601492956749,0.0,0.0,5.0,0
1.378166435913162,-1.1634084993085074,0.0,4.056667914819949,1
0.710370033396719,-1.0993323273573337,0.0,5.467242317933742,1
-1.1214248141389416,-1.4495045676037308,0.0,4.856924709633695,1
-1.5485003349869826,1.4481512087337318,0.0,2.3972421925330827,1
0.42098407230085466,-1.4446998656154735,0.0,4.282391459980035,1
-1.5485003349869826,0.529895899215817,0.0,2.0300504178116983,1
-1.5485003349869826,-1.4495045676037308,0.0,5.033777321170027,1
-1.5485003349869826,-1.159404528414128,0.0,3.6770092524013456,1
-1.0365358038448755,0.010911663916439359,0.0,2.693542727240524,1
-0.8517950612725491,1.4478647905723339,0.0,2.552688897302639,0
1.378166435913162,1.0050318545785826,0.0,2.530551256656953,0
-1.5485003349869826,-1.4495045676037308,0.0,5.711931445869558,1
1.378166435913162,1.0195515707166167,0.0,9.004058922206925,1
1.378166435913162,-1.1072540633563843,0.0,8.35110271587094,1
0.639580171692575,0.05852855283088384,0.0,2.62527130178976,0
-0.9990116365219599,-1.4475948051420449,0.0,5.746906707230063,1
-1.5485003349869826,1.0195515707166167,0.0,2.4580953276159527,1
-0.9990116365219599,-1.159797729275601,0.0,5.830812335776711,1
-1.5485003349869826,-1.4495045676037308,0.0,5.759225042195606,1
1.378166435913162,0.9741350355957514,0.0,8.572776511985246,1
1.378166435913162,-1.4495045676037308,0.0,3.8750629155440706,1
0.4949802524694769,1.0223594674531358,0.0,8.557702049726407,1
-1.1458991813774235,0.9741350355957514,0.0,1.8915257079396388,0
0.31128604024275297,-1.0816497727431447,0.0,6.838688982190126,1
1.378166435913162,1.4481512087337318,0.0,8.249318297678098,1
0.639580171692575,-0.9205331774008391,0.0,2.3831595932062055,0
0.787598712547306,0.8064660309596711,0.0,3.1015505991346046,0
-1.1458991813774235,-1.4495045676037308,0.0,5.828074181827608,1
-1.0858721948025927,-1.1634084993085074,0.0,4.800465184900903,1
0.787598712547306,-1.4495045676037308,0.0,5.167315959952172,1
0.639580171692575,-0.007059884441648473,0.0,2.7223756852227727,0
-1.5485003349869826,-1.4495045676037308,0.0,4.598191837321024,1
1.378166435913162,-0.6991214223021367,0.0,8.64201849924949,1
-1.5485003349869826,1.4481512087337318,0.0,2.357611987752858,1
1.378166435913162,-0.0070346919997968166,0.0,8.504343909399324,1
-0.1140943984772384,0.0,0.0,5.0,1
1.378166435913162,1.4481512087337318,0.0,2.3954431438058768,0
-1.1495623980963838,1.4481512087337318,0.0,2.529424800208688,1
-1.5485003349869826,-1.4495045676037308,0.0,5.844330908170745,1
-1.5485003349869826,-1.4495045676037308,0.0,5.025657185204477,1
1.378166435913162,-1.1634084993085074,0.0,5.291327869346804,1
1.378166435913162,0.955526228545644,0.0,2.415797388951348,0
-1.1214248141389416,-1.159404528414128,0.0,5.804658033735912,1
1.378166435913162,-1.1634084993085074,0.0,4.475066026196655,1
0.639580171692575,0.29397746923436163,0.0,8.458204907746365,1
-1.1495623980963838,0.35726796640891245,0.0,2.145772104072218,1
-1.1458991813774235,0.8064660309596711,0.0,2.396737376247384,0
-1.1495623980963838,1.4481512087337318,0.0,2.3988200598380933,0
-1.5485003349869826,-1.1072540633563843,0.0,4.947524732714754,1
1.378166435913162,0.8064660309596711,0.0,8.64018501615413,1
-1.5485003349869826,0.5724624714600394,0.0,1.9330460977321131,1
-1.1214248141389416,-0.9936650520340982,0.0,4.276461103451901,1
-1.5485003349869826,0.8385215690740073,0.0,2.1064044337691494,1
-1.0858721948025927,0.955526228545644,0.0,2.349734208685681,1
1.378166435913162,0.42173437799289054,0.0,8.734832588402902,1
0.639580171692575,0.955526228545644,0.0,1.936702511873041,0
0.787598712547306,1.4481512087337318,0.0,8.0457312136312,1
1.378166435913162,-0.012111549700102819,0.0,2.5919723085396393,0
-1.5485003349869826,0.8232191038966041,0.0,2.330066549272329,1
0.639580171692575,1.4481512087337318,0.0,2.43431694457271,0
0.710370033396719,0.2819431756310141,0.0,2.6517842188739684,0
0.7167608454825536,-1.4495045676037308,0.0,4.867288173071245,1
0.7167608454825536,-1.4495045676037308,0.0,6.166392548873408,1
1.378166435913162,0.8232191038966041,0.0,2.1988363303583083,0
-1.1458991813774235,1.4481512087337318,0.0,2.6480106293893293,1
-1.5485003349869826,-1.4495045676037308,0.0,6.066510164779784,1
-1.5485003349869826,-1.4495045676037308,0.0,4.136957100465125,1
0.710370033396719,-1.1634084993085074,0.0,5.25785270833134,1
0.6650892123420602,-1.1542253306758599,0.0,8.58362989754664,1
0.6448273970616095,-0.2279201020655361,0.0,2.6299010178014535,0
-1.1458991813774235,-1.1634084993085074,0.0,6.018458304156413,1
-1.5485003349869826,0.9741350355957514,0.0,2.196792555051181,1
1.378166435913162,0.5724624714600394,0.0,8.108109763727997,1
-1.5485003349869826,1.0195515707166167,0.0,2.354926367789225,1
-1.0858721948025927,1.4481512087337318,0.0,1.8583796522457812,1
-1.5485003349869826,0.36519378914312134,0.0,2.3463141344395324,1
-1.1495623980963838,0.8064660309596711,0.0,2.280471754231743,1
0.7167608454825536,1.0050318545785826,0.0,2.378481173249745,0
-1.1458991813774235,-1.0993323273573337,0.0,3.067801462486894,0
1.378166435913162,0.9741350355957514,0.0,8.317789065085206,1
-1.1214248141389416,1.0050318545785826,0.0,2.3222881748326545,1
0.4316848229639746,-1.0903286688826128,0.0,8.561547656301427,1
1.378166435913162,0.5724624714600394,0.0,2.822888656107307,0
-1.0858721948025927,1.4481512087337318,0.0,2.4742956477019438,0
-1.5485003349869826,-1.159404528414128,0.0,4.4996697521355085,1
1.378166435913162,-1.4495045676037308,0.0,8.39463860014842,1
-1.5485003349869826,1.4481512087337318,0.0,2.0788346969329794,1
1.378166435913162,0.955526228545644,0.0,8.363658857275752,1
0.639580171692575,1.4481512087337318,0.0,2.272946116572129,0
1.378166435913162,1.0050318545785826,0.0,2.567629728516157,0
1.378166435913162,-0.26273339571404913,0.0,3.0069127590378693,0
-1.1214248141389416,1.4481512087337318,0.0,2.261769755929885,1
-1.5485003349869826,-1.4495045676037308,0.0,5.173745799302971,1
-1.0858721948025927,1.4481512087337318,0.0,2.5602537263827676,1
0.4717016244952289,0.08420335550828513,0.0,8.772185281203862,1
0.4717016244952289,-0.8964070662281469,0.0,4.6964476940184685,1
-1.0858721948025927,-0.24657896014713476,0.0,3.0577891227168656,1
-0.8505838850374251,-1.0868793630030773,0.0,5.012352128200646,1
-1.5485003349869826,-1.0993323273573337,0.0,5.542959738825047,1
1.378166435913162,0.955526228545644,0.0,2.6680826764889147,0
-1.1458991813774235,1.4481512087337318,0.0,2.0003641600852005,0
1.378166435913162,0.9741350355957514,0.0,8.348547745618646,1
0.7167608454825536,1.4481512087337318,0.0,2.067734155666284,0
1.378166435913162,0.5724624714600394,0.0,2.0987653372886172,0
-1.5485003349869826,-1.4495045676037308,0.0,5.989569120994025,1
-1.5485003349869826,1.0195515707166167,0.0,2.143972074656954,1
-1.5485003349869826,1.0195515707166167,0.0,2.3907456009536032,1
1.378166435913162,-1.0993323273573337,0.0,2.6184530631022436,0
-1.1214248141389416,-0.9659850312185888,0.0,4.978588673120789,1
1.378166435913162,0.5724624714600394,0.0,8.410488291188667,1
-1.0858721948025927,-1.4495045676037308,0.0,4.558151099119136,1
1.378166435913162,0.5724624714600394,0.0,8.114562287754996,1
1.378166435913162,0.9741350355957514,0.0,2.2616743872333416,0
-1.5485003349869826,-1.4495045676037308,0.0,4.960214960298321,1
-1.5485003349869826,1.4481512087337318,0.0,2.429239001589457,1
-1.5485003349869826,0.36572756144750335,0.0,2.464024778271308,1
-0.3218572002357206,0.0,0.0,5.0,1
1.378166435913162,-1.4495045676037308,0.0,4.243461483370208,1
-1.5485003349869826,1.4481512087337318,0.0,2.1310780837268153,1
-1.5485003349869826,1.4481512087337318,0.0,2.7940901376372573,1
-1.0858721948025927,-0.9884953765624958,0.0,4.438453910997925,1
-1.0858721948025927,-0.9007725365746757,0.0,4.368717237280814,1
0.787598712547306,1.4481512087337318,0.0,8.263648731255476,1
-1.5485003349869826,0.8232191038966041,0.0,2.2262851429445742,1
1.378166435913162,0.9741350355957514,0.0,2.297979137099474,0
-0.8505838850374251,1.447960843819446,0.0,2.224603630240336,0
-1.5485003349869826,1.4481512087337318,0.0,1.981002996362622,1
1.378166435913162,1.0050318545785826,0.0,2.65130974293005,0
-1.1495623980963838,1.0050318545785826,0.0,2.0515451086758145,0
1.378166435913162,1.4481512087337318,0.0,2.205749842649493,0
-1.1458991813774235,1.0050318545785826,0.0,1.7453787964375627,1
-1.5485003349869826,-1.4495045676037308,0.0,4.189285687697412,1
-1.0858721948025927,0.8385215690740073,0.0,1.9974894664075045,1
0.4717016244952289,-0.8964070662281469,0.0,8.088347019521468,1
-1.1214248141389416,1.4481512087337318,0.0,2.36640249082071,0
-1.1214248141389416,-1.4495045676037308,0.0,5.46909073487268,1
-1.5485003349869826,-0.9007725365746757,0.0,5.205576042424214,1
-1.1458991813774235,1.0050318545785826,0.0,2.8090656463832797,1
-1.5485003349869826,1.0195515707166167,0.0,2.5455566886277867,1
0.7167608454825536,-1.4495045676037308,0.0,5.260890154417988,1
0.4717016244952289,-1.4475948051420449,0.0,4.512804764772645,1
-0.9677212744122297,-1.4475948051420449,0.0,5.640058840214485,1
-1.0365358038448755,-0.981203839954154,0.0,4.83720588702474,1
0.787598712547306,1.4481512087337318,0.0,2.315687357544905,0
1.378166435913162,1.4481512087337318,0.0,2.966821804339705,0
-0.9201040441601099,1.0101649957432535,0.0,2.6418166781574977,1
1.378166435913162,-1.4495045676037308,0.0,5.611290720432762,1
-1.1214248141389416,-1.0993323273573337,0.0,3.4682181388760314,1
-1.1458991813774235,1.0195515707166167,0.0,2.0324127556889673,1
-1.5485003349869826,0.5055595715294305,0.0,4.294039519784407,1
0.710370033396719,-0.24725914890990217,0.0,8.653476895392318,1
0.639580171692575,-1.4495045676037308,0.0,5.907557277094028,1
-1.0245251369844965,1.0076156727753416,0.0,2.986051446585671,0
-1.0858721948025927,1.0050318545785826,0.0,2.3716648748680815,1
0.787598712547306,1.4481512087337318,0.0,2.4560404331177743,0
0.639580171692575,1.0195515707166167,0.0,8.323024531233484,1
-0.8505838850374251,1.447960843819446,0.0,3.059046734877379,1
-1.5485003349869826,-1.0392061866553604,0.0,6.304303590690745,1
0.639580171692575,0.6867253393757818,0.0,8.51938274384295,1
1.378166435913162,-1.0993323273573337,0.0,8.526806592523446,1
-1.5485003349869826,1.4481512087337318,0.0,2.3474911773156957,1
1.378166435913162,1.0050318545785826,0.0,2.460055843030966,0
-1.1495623980963838,-1.1072540633563843,0.0,8.655160402656012,1
-1.1495623980963838,-1.4495045676037308,0.0,5.993606471650261,1
-1.5485003349869826,1.0195515707166167,0.0,1.5682346532708185,1
-1.1495623980963838,1.0050318545785826,0.0,2.7855395006898687,1
-0.10752469480792326,0.0,0.0,5.0,0
0.7167608454825536,1.4481512087337318,0.0,2.7555518409981428,0
-1.0858721948025927,1.4481512087337318,0.0,2.0598983240899305,1
-1.5485003349869826,-1.4495045676037308,0.0,5.673295354365548,1
-1.5485003349869826,-1.4495045676037308,0.0,5.867034359935317,1
0.6849473754636609,-1.0939546378979703,0.0,5.460320214410619,1
0.710370033396719,0.5724624714600394,0.0,8.704863798996707,1
0.710370033396719,0.019010494344569917,0.0,2.7536394086904976,0
0.787598712547306,-0.9851730539265872,0.0,8.584662797027748,1
1.378166435913162,-0.8428762035051582,0.0,5.442481366509979,1
-1.5485003349869826,-1.4495045676037308,0.0,4.849962779340961,1
0.710370033396719,0.955526228545644,0.0,1.8742495186679813,0
-1.5485003349869826,-1.1634084993085074,0.0,5.743853960815548,1
1.378166435913162,-1.4495045676037308,0.0,4.322786418769049,1
0.7167608454825536,-1.1634084993085074,0.0,5.952401329821058,1
1.378166435913162,1.0195515707166167,0.0,2.303461893021175,0
-1.5485003349869826,1.0195515707166167,0.0,2.2261507000702325,1
-1.0858721948025927,0.5724624714600394,0.0,2.1114008413624936,1
-0.9689732326353205,-1.445668912944812,0.0,5.188924291375723,1
-0.1366502600247396,0.0,0.0,5.0,1
-1.0858721948025927,1.0050318545785826,0.0,2.4318758991479568,1
-1.0858721948025927,1.4481512087337318,0.0,2.145688683311301,0
0.4717016244952289,1.0223594674531358,0.0,1.9395428676828135,0
0.3005411708845253,1.4478165439220947,0.0,2.32297305791602,0
1.378166435913162,1.0050318545785826,0.0,2.178958388307032,0
-0.684779343674906,-1.4378006956626737,0.0,8.616125735850321,1
-1.5485003349869826,-1.0993323273573337,0.0,5.3091793886299525,1
1.378166435913162,0.8385215690740073,0.0,3.2585490553405143,0
-1.1495623980963838,0.9741350355957514,0.0,2.5776368810160624,0
-1.0462089020296135,-1.0957553480603646,0.0,4.099129049848585,1
1.378166435913162,-1.4495045676037308,0.0,2.9657661153365122,0
-1.5485003349869826,-1.4495045676037308,0.0,5.649644964836339,1
-1.5485003349869826,-1.1072540633563843,0.0,5.6009208360076626,1
-1.1458991813774235,0.5724624714600394,0.0,2.1682223092845505,1
-1.5485003349869826,-1.0993323273573337,0.0,2.120310855620432,1
-1.5485003349869826,0.5724624714600394,0.0,2.1819199543336514,1
1.378166435913162,-1.1634084993085074,0.0,2.75520830447957,0
1.378166435913162,1.4481512087337318,0.0,2.8679777883456907,0
-1.5485003349869826,1.0050318545785826,0.0,2.443523667240642,1
-1.5485003349869826,-1.0993323273573337,0.0,2.8113803074440336,1
-1.5485003349869826,0.9741350355957514,0.0,2.596246439897752,1
0.23326225512026574,0.1315467240600456,0.0,1.9776957232277308,0
0.710370033396719,0.955526228545644,0.0,2.2161067012627544,0
-1.1495623980963838,1.4481512087337318,0.0,2.6112618210744163,1
1.378166435913162,-0.24649259491040743,0.0,2.634169743013122,0
0.7167608454825536,-1.4495045676037308,0.0,2.258453712235545,0
-1.0365358038448755,0.9775140375569451,0.0,2.1276708724314743,1
-1.1458991813774235,-0.9851730539265872,0.0,2.8151275344137434,1
-1.5485003349869826,-1.4495045676037308,0.0,4.537449253605885,1
-1.1458991813774235,-1.4495045676037308,0.0,6.240321954443004,1
1.378166435913162,0.8232191038966041,0.0,8.85586431385417,1
0.6849473754636609,1.0237476835419264,0.0,1.9074653669533843,0
0.639580171692575,-1.4495045676037308,0.0,4.890144974362847,1
1.378166435913162,0.8232191038966041,0.0,8.533966550374014,1
1.378166435913162,-1.0993323273573337,0.0,8.255273693962835,1
1.378166435913162,1.4481512087337318,0.0,2.401867916498877,0
-1.5485003349869826,-0.9471469153344222,0.0,3.866941697918972,1
-0.9990116365219599,-1.0957553480603646,0.0,4.288302590761674,1
1.378166435913162,0.3218571579566807,0.0,8.568804708481444,1
-1.1495623980963838,-0.9884953765624958,0.0,4.9137680974233175,1
0.787598712547306,-0.9851730539265872,0.0,3.140081287347704,0
0.2828274059089678,1.013925650098777,0.0,2.168976214228947,0
0.710370033396719,-1.4495045676037308,0.0,5.719659467025047,1
-1.5485003349869826,-1.1634084993085074,0.0,4.8205510956556905,1
-1.0609486432407544,0.5777299603435586,0.0,3.3411954499126635,1
1.378166435913162,1.4481512087337318,0.0,2.4095122162149147,0
0.7167608454825536,0.7575476520511129,0.0,2.119330723579085,0
-1.5485003349869826,-1.4495045676037308,0.0,6.248297390512935,1
-0.6360533754909947,0.0,0.0,5.0,0
0.787598712547306,0.5724624714600394,0.0,2.5140240018372095,0
-1.0858721948025927,1.0195515707166167,0.0,2.5644280292241906,1
1.378166435913162,-1.4495045676037308,0.0,8.925687627868829,1
-1.0858721948025927,-1.4495045676037308,0.0,6.155504200410057,1
0.4388264724766153,0.9824732296713169,0.0,8.300584901639784,1
-1.0245251369844965,-1.4475948051420449,0.0,4.626089079685071,1
0.639580171692575,1.4481512087337318,0.0,2.07972837566611,0
1.378166435913162,1.0195515707166167,0.0,8.222907531179803,1
-1.5485003349869826,-1.4495045676037308,0.0,4.290069728403503,1
-0.1317596115011246,0.0,0.0,5.0,0
0.7167608454825536,1.0195515707166167,0.0,2.3251345322298627,0
-1.1214248141389416,-1.0993323273573337,0.0,6.289189910241688,1
-1.0858721948025927,0.955526228545644,0.0,2.1622837776741597,1
0.2917463734418096,1.013925650098777,0.0,2.773896729104687,0
0.710370033396719,1.0195515707166167,0.0,2.02560458011569,0
-1.0245251369844965,1.4480563147787553,0.0,2.243029538892342,1
-1.1495623980963838,-1.4495045676037308,0.0,4.463287999119993,1
1.378166435913162,-0.9936650520340982,0.0,4.393641156827532,1
-1.5485003349869826,-0.36569744515794217,0.0,2.613358955952147,1
1.378166435913162,-1.159404528414128,0.0,8.343446990376659,1
0.639580171692575,-0.9205331774008391,0.0,8.828223577993864,1
-1.1495623980963838,1.0050318545785826,0.0,2.232454359759518,1
-1.1495623980963838,0.529895899215817,0.0,2.080139102033376,1
-1.5485003349869826,-1.0993323273573337,0.0,5.68289965100337,1
-1.1458991813774235,0.955526228545644,0.0,2.4343409720322704,1
-1.0462089020296135,-1.4475948051420449,0.0,4.742809956761192,1
-1.0858721948025927,1.4481512087337318,0.0,2.2526847836814703,0
1.378166435913162,1.0050318545785826,0.0,1.9525724412339267,0
0.7167608454825536,1.4481512087337318,0.0,2.1966773788534946,0
-1.0858721948025927,-1.4495045676037308,0.0,6.298949676094777,1
-1.5485003349869826,0.7575476520511129,0.0,2.1945092512127697,1
-1.5485003349869826,1.0195515707166167,0.0,2.8409426047497233,1
-1.5485003349869826,-1.0993323273573337,0.0,2.811430110767366,1
-1.0245251369844965,-1.103540188433729,0.0,4.943399153944438,1
0.7167608454825536,0.9741350355957514,0.0,2.109934057379476,0
-1.5485003349869826,-1.4495045676037308,0.0,5.013485317943383,1
-0.3348748846837074,0.0,0.0,5.0,0
-1.5485003349869826,-1.1634084993085074,0.0,4.486167330370313,1
-1.5485003349869826,0.8064660309596711,0.0,2.3674688003275657,1
-1.5485003349869826,1.4481512087337318,0.0,1.9461710895725801,1
0.710370033396719,1.4481512087337318,0.0,2.5480744916782743,0
1.378166435913162,0.5651851877623054,0.0,8.431641266533523,1
1.378166435913162,1.0195515707166167,0.0,8.626827083138824,1
-1.5485003349869826,1.0195515707166167,0.0,2.9467629510108155,1
-0.8505838850374251,-1.0921457518280024,0.0,3.3192223814343813,1
-1.1458991813774235,0.8064660309596711,0.0,8.823164176595867,1
1.378166435913162,0.529895899215817,0.0,2.331491106785287,0
-1.5485003349869826,0.529895899215817,0.0,2.577816592356554,1
-1.1495623980963838,-0.9069748149647733,0.0,4.688758824323353,1
-1.5485003349869826,1.4481512087337318,0.0,2.172246927504305,1
-1.5485003349869826,-1.0993323273573337,0.0,4.908484308476004,1
0.7167608454825536,-1.159404528414128,0.0,2.8574006100113305,0
-1.5485003349869826,-1.159404528414128,0.0,6.39885425638832,1
-1.5485003349869826,-1.159404528414128,0.0,5.8619525611494625,1
1.378166435913162,-1.4495045676037308,0.0,6.202495791430529,1
-1.5485003349869826,-1.4495045676037308,0.0,6.462329086143501,1
-1.0462089020296135,-1.4475948051420449,0.0,6.051073785467036,1
-1.0365358038448755,0.812015604530254,0.0,2.506995795125754,1
-0.029593735495787133,0.0,0.0,5.0,0
-1.1214248141389416,-1.4495045676037308,0.0,2.9589333077553928,1
-1.1214248141389416,-1.4495045676037308,0.0,5.1529338893143155,1
-1.5485003349869826,0.8064660309596711,0.0,2.1178482526525273,1
0.787598712547306,1.4481512087337318,0.0,1.9670266034830195,0
-1.5485003349869826,1.4481512087337318,0.0,2.1651958777336118,1
0.710370033396719,0.9741350355957514,0.0,2.683387319461778,0
1.378166435913162,0.8064660309596711,0.0,1.921754946640858,0
-1.1458991813774235,-1.4495045676037308,0.0,4.737539693919646,1
-1.1495623980963838,-1.4495045676037308,0.0,5.314362903057914,1
-1.1495623980963838,-1.4495045676037308,0.0,4.989975389947071,1
-1.0365358038448755,1.4480563147787553,0.0,2.6972493680038125,1
-1.0858721948025927,0.955526228545644,0.0,1.8537186717574612,1
-1.1495623980963838,-1.0993323273573337,0.0,2.639933617939436,1
0.49333107363031126,-1.4446998656154735,0.0,4.655839442170354,1
-1.0858721948025927,-1.4495045676037308,0.0,4.143368521168291,1
-1.0245251369844965,0.5723967655517516,0.0,2.165219585314061,1
0.7167608454825536,1.4481512087337318,0.0,2.6885712529650214,0
-1.1214248141389416,1.4481512087337318,0.0,1.9935449179284286,1
1.378166435913162,-1.0993323273573337,0.0,2.2595000243053325,0
-1.1214248141389416,-1.4495045676037308,0.0,5.541373547352785,1
1.378166435913162,0.955526228545644,0.0,1.934266795702655,0
-1.5485003349869826,-1.4495045676037308,0.0,6.303155599288777,1
-1.5485003349869826,0.9741350355957514,0.0,2.6715590296327085,1
0.787598712547306,0.7027526598328396,0.0,2.3179914185176975,0
0.639580171692575,-1.1072540633563843,0.0,5.494428459536692,1
-1.1214248141389416,-1.4495045676037308,0.0,6.18145623140953,1
0.710370033396719,0.955526228545644,0.0,2.0767096690713154,0
-0.8291910944608343,-1.4437267228516664,0.0,6.88762457240282,1
0.710370033396719,1.0195515707166167,0.0,2.7462625507943814,0
-1.5485003349869826,-1.4495045676037308,0.0,6.431614194059923,1
-1.5485003349869826,0.35726796640891245,0.0,1.9486537959278278,1
-1.5485003349869826,1.4481512087337318,0.0,2.4087537315657452,1
-1.1458991813774235,0.3378171502787712,0.0,2.5567372349797974,1
-1.1214248141389416,1.4481512087337318,0.0,2.456725916133858,0
-1.5485003349869826,0.5724624714600394,0.0,2.0818489448569055,1
-1.1458991813774235,1.4481512087337318,0.0,2.5252376956557656,1
0.639580171692575,-0.6258498364717258,0.0,2.5712076966561557,0
0.7167608454825536,0.9741350355957514,0.0,8.463819056932376,1
-1.5485003349869826,1.0050318545785826,0.0,2.2800398905070436,1
-1.1495623980963838,-1.4495045676037308,0.0,6.256219227778852,1
0.710370033396719,0.4300628504715342,0.0,9.042144924520468,1
-1.0858721948025927,-1.4495045676037308,0.0,4.096752898090315,1
-1.1214248141389416,-1.1072540633563843,0.0,2.447275706737797,1
-1.0609486432407544,-1.103540188433729,0.0,4.550384137883077,1
-1.0462089020296135,-1.4475948051420449,0.0,6.816690264224378,1
-1.5485003349869826,-0.9108287659375035,0.0,5.493382236805139,1
0.710370033396719,1.0050318545785826,0.0,2.0256661440675714,0
-0.9990116365219599,0.9586831535244584,0.0,8.029983365211736,1
1.378166435913162,1.4481512087337318,0.0,2.47014402440082,0
-1.5485003349869826,1.0195515707166167,0.0,2.3083233942797046,1
-1.5485003349869826,-1.4495045676037308,0.0,5.049921095974748,1
-1.5485003349869826,-1.4495045676037308,0.0,5.653690447242669,1
0.710370033396719,-0.9880355100044224,0.0,8.466208238474705,1
1.378166435913162,-1.159404528414128,0.0,4.666524115570881,1
0.710370033396719,1.0195515707166167,0.0,2.753647812968415,0
-1.5485003349869826,-1.4495045676037308,0.0,5.630219267957457,1
1.378166435913162,-0.9884953765624958,0.0,5.417791449277375,1
-1.5485003349869826,-1.4495045676037308,0.0,6.260764573316999,1
-1.0365358038448755,1.0076156727753416,0.0,2.492010680354662,1
-1.0858721948025927,-1.4495045676037308,0.0,5.032211941668817,1
-0.9233913157981353,-1.439792780299029,0.0,6.458213660037433,1
-1.5485003349869826,-1.4495045676037308,0.0,5.913094476453264,1
0.38175134333975785,-0.6226324251814596,0.0,5.275277132048129,1
0.639580171692575,-1.4495045676037308,0.0,7.756163950750617,1
0.7167608454825536,1.4481512087337318,0.0,2.151905501952244,0
-1.0365358038448755,0.9775140375569451,0.0,2.0597957999427683,1
-1.5485003349869826,1.4481512087337318,0.0,2.756137726371148,1
0.710370033396719,0.35726796640891245,0.0,4.5631871678163485,1
-1.1214248141389416,-1.1634084993085074,0.0,2.4655599813187594,0
0.7167608454825536,1.0050318545785826,0.0,2.1886459723562677,0
0.6592797762866381,-1.1016700184758534,0.0,5.699644423683628,1
0.639580171692575,1.0195515707166167,0.0,7.823935580394146,1
-1.1214248141389416,-1.1072540633563843,0.0,5.232321813947785,1
-1.5485003349869826,-1.159404528414128,0.0,4.695066079124919,1
1.378166435913162,0.8064660309596711,0.0,2.4330850501684895,0
-1.1495623980963838,-1.4495045676037308,0.0,4.739303644526511,1
0.7167608454825536,1.0195515707166167,0.0,3.1293771321142794,0
-1.1458991813774235,0.9741350355957514,0.0,1.846159101344395,1
-1.0462089020296135,-1.4475948051420449,0.0,4.662124696253766,1
-0.8490586159900211,0.06962102377703286,0.0,2.315703138302933,0
-1.5485003349869826,-1.159404528414128,0.0,5.739014829987562,1
-1.1495623980963838,1.4481512087337318,0.0,2.7173702886835036,1
-1.1495623980963838,-0.018509667364743066,0.0,2.843249000099892,1
0.7167608454825536,-1.4495045676037308,0.0,6.466572415202551,1
-1.5485003349869826,-1.4495045676037308,0.0,4.550217271516805,1
-0.9387136791295414,0.4720210841925187,0.0,2.818675313146914,0
0.4717016244952289,0.5367313535858427,0.0,1.8948643650533772,0
1.378166435913162,0.529895899215817,0.0,2.969869689255056,0
-1.5485003349869826,-1.1634084993085074,0.0,4.1980681181933575,1
-1.1458991813774235,-1.4495045676037308,0.0,5.784577001269561,1
-0.9201040441601099,0.8347774894678208,0.0,2.1643668424501885,1
1.378166435913162,0.955526228545644,0.0,2.6353542050584435,0
-1.5485003349869826,-1.0993323273573337,0.0,5.713164119712483,1
-1.1458991813774235,1.4481512087337318,0.0,2.6122293802491443,1
-1.5485003349869826,-0.9205331774008391,0.0,4.376319423551081,1
0.787598712547306,-1.4495045676037308,0.0,5.660053694970334,1
-1.5485003349869826,0.31972467850312897,0.0,2.6220425563610252,1
-0.9853759763832799,0.4371980197416461,0.0,2.368733059981074,1
-1.1214248141389416,-0.9069748149647733,0.0,4.751827683334747,1
-1.1495623980963838,1.4481512087337318,0.0,2.19379781448868,1
0.639580171692575,0.5724624714600394,0.0,8.159993625439913,1
-1.1458991813774235,1.4481512087337318,0.0,2.3620049218168395,1
-1.5485003349869826,1.4481512087337318,0.0,1.7828605127625496,1
0.787598712547306,0.24229025641790267,0.0,8.576528625679853,1
-1.0858721948025927,-1.4495045676037308,0.0,6.3909526309771305,1
0.710370033396719,-0.9880355100044224,0.0,2.4784510063037986,0
1.378166435913162,-1.4495045676037308,0.0,5.720312202081754,1
0.787598712547306,1.0195515707166167,0.0,2.528030528381476,0
0.42098407230085466,1.4479128903145995,0.0,2.1989311391061133,0
1.378166435913162,0.2819431756310141,0.0,8.96428830512253,1
-1.1495623980963838,0.9741350355957514,0.0,2.293617502681336,1
0.2894432870592563,0.5305159011797269,0.0,2.300105718968171,0
-1.1214248141389416,1.4481512087337318,0.0,2.2767327677309264,1
0.7167608454825536,-1.4495045676037308,0.0,5.2869324836018645,1
1.378166435913162,-1.1072540633563843,0.0,2.752181291742464,0
1.378166435913162,-1.159404528414128,0.0,4.32487611913775,1
-1.1214248141389416,1.4481512087337318,0.0,3.028409061036495,1
-1.1458991813774235,1.4481512087337318,0.0,2.637524855651624,1
1.378166435913162,1.0050318545785826,0.0,8.771948806047602,1
-1.5485003349869826,-1.4495045676037308,0.0,5.481131397981654,1
0.710370033396719,1.0050318545785826,0.0,2.639857094427827,0
-1.1458991813774235,1.0050318545785826,0.0,1.9057216029239097,1
-1.0858721948025927,1.4481512087337318,0.0,2.571353128584505,1
-1.5485003349869826,0.6627168277151729,0.0,2.3523406148863746,1
-1.5485003349869826,0.9741350355957514,0.0,2.426876480474422,1
-1.5485003349869826,-1.1634084993085074,0.0,4.927185374643478,1
0.4388264724766153,-1.4446998656154735,0.0,6.633866665341041,1
-0.9990116365219599,1.0076156727753416,0.0,2.3244374178186025,0
1.378166435913162,-1.4495045676037308,0.0,5.190283211806738,1
1.378166435913162,0.5914624310734434,0.0,8.644191814431258,1
1.378166435913162,0.955526228545644,0.0,2.2192826660775715,0
-1.1495623980963838,-1.1634084993085074,0.0,4.439541783128653,1
0.710370033396719,1.0050318545785826,0.0,8.334221146288325,1
0.787598712547306,1.4481512087337318,0.0,8.307302098404355,1
-1.1495623980963838,0.955526228545644,0.0,3.568434193577481,1
-1.5485003349869826,-1.4495045676037308,0.0,2.798202346769208,1
0.639580171692575,-1.1634084993085074,0.0,4.298413213085488,1
-1.5485003349869826,-1.1634084993085074,0.0,4.099260415105347,1
0.787598712547306,-1.4495045676037308,0.0,5.94200921380336,1
-1.5485003349869826,0.955526228545644,0.0,2.2738581555445667,1
-0.9448395840746106,-1.0921457518280024,0.0,5.613345760323163,1
-1.1214248141389416,1.4481512087337318,0.0,2.533358358901865,1
0.4949802524694769,0.9586831535244584,0.0,2.235789162803594,0
-1.1214248141389416,-1.0993323273573337,0.0,4.692862677088417,1
1.378166435913162,-0.9596917148874786,0.0,3.0944428599258424,0
-1.5485003349869826,1.0050318545785826,0.0,2.1138981332450437,1
-1.5485003349869826,-1.4495045676037308,0.0,4.786683625338498,1
0.710370033396719,1.0050318545785826,0.0,1.5976950093289422,0
-1.5485003349869826,-1.0993323273573337,0.0,4.635851769855176,1
0.1777492659512168,0.0,0.0,5.0,1
-1.1458991813774235,-1.4495045676037308,0.0,4.648263513909608,1
0.639580171692575,0.9741350355957514,0.0,2.2170012855203565,0
1.378166435913162,0.8232191038966041,0.0,2.1067154063004883,0
-0.9677212744122297,-1.4475948051420449,0.0,5.710643753282992,1
0.639580171692575,0.8064660309596711,0.0,8.86555879310386,1
1.378166435913162,1.0050318545785826,0.0,2.5315155789214763,0
-1.0858721948025927,1.4481512087337318,0.0,2.182859749936367,1
0.7167608454825536,1.4481512087337318,0.0,2.5621398549076257,0
0.7167608454825536,-1.0993323273573337,0.0,2.7373826836093706,0
0.476557318369301,0.44104304317540877,0.0,2.147259647698546,0
1.378166435913162,0.955526228545644,0.0,1.6446631934927274,0
-1.5485003349869826,-1.1072540633563843,0.0,5.8137482510484855,1
-1.5485003349869826,-1.4495045676037308,0.0,5.632227069399465,1
0.639580171692575,1.0195515707166167,0.0,7.9836598218474695,1
-1.5485003349869826,0.955526228545644,0.0,2.5041864902708038,1
1.378166435913162,1.0195515707166167,0.0,7.926520715367943,1
1.378166435913162,-0.3727232001702562,0.0,3.365726064985904,0
-1.5485003349869826,1.0195515707166167,0.0,2.709796095245727,1
-1.1495623980963838,-1.4495045676037308,0.0,4.990317066554421,1
0.7167608454825536,1.4481512087337318,0.0,2.2923459092610043,0
0.787598712547306,0.9741350355957514,0.0,2.1746722984486273,0
-1.0858721948025927,-1.159404528414128,0.0,4.245044722896056,1
0.787598712547306,0.23193514147863897,0.0,2.6693800208945153,0
-1.1495623980963838,0.7070651099767193,0.0,2.636361460744501,1
-1.1458991813774235,-1.1634084993085074,0.0,4.863792318464222,1
0.710370033396719,-1.4495045676037308,0.0,2.8040062322636383,0
-1.0858721948025927,0.955526228545644,0.0,2.279006786848453,1
1.378166435913162,1.4481512087337318,0.0,2.287819419923898,0
0.639580171692575,0.49266749583216723,0.0,2.7461387492225797,0
-1.1214248141389416,-0.9054217075594011,0.0,3.7550100936390534,1
0.6592797762866381,0.9602430705187611,0.0,1.9439321661657158,0
-1.0858721948025927,-0.2612959603407334,0.0,8.524531956851167,1
-1.5485003349869826,-1.4495045676037308,0.0,6.138183607770737,1
0.6448273970616095,1.4480086517533537,0.0,2.82779516234025,0
0.7167608454825536,-1.4495045676037308,0.0,4.195634489711105,1
-1.0858721948025927,-1.4495045676037308,0.0,6.549542860462563,1
-1.5485003349869826,1.4481512087337318,0.0,2.1488131548368417,1
-1.1458991813774235,-1.4495045676037308,0.0,5.904986599645818,1
0.6849473754636609,0.814766954469085,0.0,8.186933077358304,1
-0.7478260060314188,-1.439792780299029,0.0,5.309581497521679,1
0.710370033396719,1.0195515707166167,0.0,2.3715482255685867,0
0.787598712547306,1.0050318545785826,0.0,2.4529129403582237,0
-1.1214248141389416,-1.4495045676037308,0.0,6.239759331784865,1
1.378166435913162,-1.4495045676037308,0.0,4.983613204738168,1
-1.0858721948025927,0.35726796640891245,0.0,2.741351842506007,1
-1.5485003349869826,-1.1072540633563843,0.0,5.8165620575923525,1
1.378166435913162,-1.4495045676037308,0.0,5.747140350351162,1
-1.5485003349869826,-1.1072540633563843,0.0,4.118843262707794,1
-1.0858721948025927,1.4481512087337318,0.0,2.4924954429988886,1
-1.0609486432407544,0.812015604530254,0.0,2.0898633554456727,0
0.639580171692575,-1.4495045676037308,0.0,6.00442009489302,1
-0.9677212744122297,-1.4475948051420449,0.0,4.668304131958273,1
-1.1214248141389416,-1.4495045676037308,0.0,6.3040714771011315,1
-0.9990116365219599,-1.159797729275601,0.0,5.528734028381218,1
-0.9677212744122297,1.0223594674531358,0.0,1.9671848600693305,1
-1.5485003349869826,-1.4495045676037308,0.0,4.796891626105257,1
-1.1214248141389416,1.4481512087337318,0.0,2.2579547266913664,1
-0.8862565702348171,0.5881474843107554,0.0,2.7231008936025747,0
-1.0462089020296135,-1.0957553480603646,0.0,5.2380174765468395,1
-1.5485003349869826,-1.159404528414128,0.0,4.507075319019057,1
1.378166435913162,-1.4495045676037308,0.0,5.690808616535788,1
-1.1495623980963838,0.7575476520511129,0.0,2.133530575691201,1
-1.1495623980963838,-1.1634084993085074,0.0,6.063454329310942,1
1.378166435913162,1.0195515707166167,0.0,8.090674355066897,1
-1.1495623980963838,-0.9880355100044224,0.0,3.0899670827704235,0
-1.5485003349869826,1.0050318545785826,0.0,2.1667119874107983,1
1.378166435913162,1.0050318545785826,0.0,8.371118569444224,1
-1.0858721948025927,0.7575476520511129,0.0,2.3588227831669903,1
0.7167608454825536,-1.4495045676037308,0.0,2.791105558679592,0
0.7167608454825536,-1.4495045676037308,0.0,3.8104475906181756,1
-0.11374981623845337,0.0,0.0,5.0,0
-1.5485003349869826,-1.0993323273573337,0.0,6.199243305393996,1
-1.5485003349869826,1.0050318545785826,0.0,2.283038532607273,1
-1.5485003349869826,0.9741350355957514,0.0,2.327021958423239,1
0.710370033396719,0.955526228545644,0.0,2.4477363695405323,0
1.378166435913162,1.0195515707166167,0.0,2.656355333958473,0
-1.5485003349869826,-1.4495045676037308,0.0,6.188794031951629,1
-1.5485003349869826,-1.4495045676037308,0.0,5.746363228197621,1
0.787598712547306,-1.159404528414128,0.0,8.512786698432832,1
-1.5485003349869826,1.0195515707166167,0.0,2.1642397809631344,1
-1.5485003349869826,-1.4495045676037308,0.0,6.537278540844849,1
-0.30380540472068046,0.0,0.0,5.0,1
-1.1458991813774235,-1.4495045676037308,0.0,4.705186529085748,1
-1.5485003349869826,1.0050318545785826,0.0,2.378776423473046,1
-1.5485003349869826,-1.4495045676037308,0.0,6.023437262733397,1
0.4717016244952289,0.8290342862611149,0.0,8.43340232242222,1
-1.0245251369844965,1.4480563147787553,0.0,2.615892225670235,0
0.639580171692575,-1.4495045676037308,0.0,5.973109286221999,1
0.710370033396719,0.6307810924898708,0.0,2.183151168116755,1
0.20355503139443468,0.0,0.0,5.0,0
0.787598712547306,-0.9069748149647733,0.0,8.436979510243477,1
-1.1495623980963838,0.5724624714600394,0.0,2.271288730933553,1
-1.1458991813774235,1.0050318545785826,0.0,2.2826046778417766,1
-1.5485003349869826,0.4838918902983728,0.0,2.0418296069867017,1
-1.1495623980963838,-0.2509575161424398,0.0,3.0838471653277777,1
0.7167608454825536,-1.159404528414128,0.0,4.76355688420846,1
-1.1458991813774235,-1.4495045676037308,0.0,5.565426055364931,1
-1.5485003349869826,-1.0993323273573337,0.0,4.621913394977442,1
-1.0858721948025927,0.3731327895129038,0.0,2.4290428069681322,1
-1.1214248141389416,-1.1072540633563843,0.0,5.6795391095471155,1
0.4717016244952289,-1.159797729275601,0.0,2.4069180340587377,1
0.639580171692575,1.4481512087337318,0.0,3.2889190748883728,0
1.378166435913162,1.4481512087337318,0.0,2.5046002178880857,0
-1.5485003349869826,-1.4495045676037308,0.0,6.143036950520138,1
-1.5485003349869826,-1.4495045676037308,0.0,4.652038104329089,1
1.378166435913162,-1.159404528414128,0.0,8.159915546779816,1
-1.0858721948025927,-1.4495045676037308,0.0,4.706625491868687,1
-1.5485003349869826,-1.4495045676037308,0.0,3.865685394361716,1
0.639580171692575,1.4481512087337318,0.0,2.46611656049414,1
0.6849473754636609,0.517729325641649,0.0,1.955989359634121,0
-1.0858721948025927,-0.9287615108319933,0.0,2.6550586037852426,1
-0.9741862948889325,-1.1524827308510952,0.0,4.923247866269834,1
1.378166435913162,-1.4495045676037308,0.0,5.328119998144663,1
1.378166435913162,1.4481512087337318,0.0,2.1604996566582066,0
0.787598712547306,-1.0993323273573337,0.0,4.849900356961464,1
-1.0858721948025927,0.7070651099767193,0.0,2.150258458274988,1
-1.5485003349869826,-1.1072540633563843,0.0,5.113633639507304,1
-1.1495623980963838,-1.4495045676037308,0.0,6.0956504225959645,1
-1.5485003349869826,-1.4495045676037308,0.0,4.491571731224157,1
0.710370033396719,1.0050318545785826,0.0,2.5364126527673703,0
-1.0462089020296135,1.4480563147787553,0.0,2.108106257412938,1
-1.1495623980963838,0.28881544879414284,0.0,2.1776447295503467,1
-0.8505838850374251,0.5209481248667069,0.0,1.643963373754098,1
0.005308370474620122,0.0,0.0,5.0,0
1.378166435913162,-1.4495045676037308,0.0,5.003567357277685,1
0.639580171692575,0.9741350355957514,0.0,2.362512687031358,0
0.787598712547306,-0.9205331774008391,0.0,3.2236195855929695,0
0.710370033396719,-1.4495045676037308,0.0,6.267573271128439,1
-1.0245251369844965,-1.4475948051420449,0.0,6.521912489666514,1
-1.1214248141389416,-1.4495045676037308,0.0,6.807755300572604,1
-1.1458991813774235,-1.4495045676037308,0.0,5.216527865542924,1
-1.5485003349869826,1.4481512087337318,0.0,2.0700078389583125,1
0.6448273970616095,1.4480086517533537,0.0,2.679695689891112,0
-1.5485003349869826,0.9741350355957514,0.0,2.0442942567497226,1
1.378166435913162,-1.4495045676037308,0.0,5.524917298474393,1
-1.0858721948025927,-1.4495045676037308,0.0,5.763216848402434,1
-1.1495623980963838,-1.4495045676037308,0.0,5.369793527550902,1
-1.0245251369844965,0.5367313535858427,0.0,1.8666530854161032,1
0.710370033396719,1.0195515707166167,0.0,8.499404994565763,1
-1.0245251369844965,0.41155305846919155,0.0,2.327241547501371,1
0.639580171692575,-0.37679234584960863,0.0,8.853314392757907,1
-1.0858721948025927,0.8232191038966041,0.0,2.254765217245636,1
-1.1214248141389416,-1.4495045676037308,0.0,5.044733936544076,1
-1.5485003349869826,1.0195515707166167,0.0,2.606137438504782,1
-1.5485003349869826,-1.4495045676037308,0.0,5.81910841870897,1
-1.0858721948025927,0.955526228545644,0.0,2.299130615086164,1
-1.0245251369844965,-1.0957553480603646,0.0,5.883370089624122,1
-1.5485003349869826,-0.8428762035051582,0.0,4.951374868072159,1
0.710370033396719,1.0050318545785826,0.0,8.189370633843424,1
-1.5485003349869826,0.955526228545644,0.0,2.2344802757757094,1
-1.1214248141389416,-1.4495045676037308,0.0,6.04333577065191,1
1.378166435913162,1.0195515707166167,0.0,2.5685048691888257,0
-1.1214248141389416,1.4481512087337318,0.0,2.2628509542836484,1
-1.1214248141389416,1.4481512087337318,0.0,2.0411899153996274,1
-1.0858721948025927,-1.4495045676037308,0.0,5.816826915025031,1
-1.1214248141389416,-0.9596917148874786,0.0,2.5377656893160494,1
-0.6782112391619208,1.0200294737647817,0.0,2.8271721163078665,0
0.710370033396719,1.4481512087337318,0.0,2.7446623417697316,0
-1.0858721948025927,1.4481512087337318,0.0,2.280453728024315,1
-1.5485003349869826,-1.4495045676037308,0.0,3.8738252471796946,1
0.639580171692575,1.4481512087337318,0.0,2.2428108523442836,1
-1.0365358038448755,-0.9011063212061569,0.0,4.746433710108456,1
1.378166435913162,0.8232191038966041,0.0,2.1417638122017086,0
-1.1214248141389416,-0.9007725365746757,0.0,3.0815747287589423,1
0.44121145096210007,1.4479128903145995,0.0,1.6917676481549242,0
-1.1458991813774235,1.0050318545785826,0.0,2.58543463823107,1
1.378166435913162,0.39686471666212475,0.0,8.790085574192238,1
1.378166435913162,-1.4495045676037308,0.0,2.035516349537949,0
-1.5485003349869826,1.4481512087337318,0.0,2.2098236434068546,1
0.639580171692575,1.0195515707166167,0.0,8.219653344492972,1
-1.5485003349869826,-1.4495045676037308,0.0,5.706853671186467,1
-1.1495623980963838,-1.4495045676037308,0.0,3.696545210253383,1
1.378166435913162,1.4481512087337318,0.0,1.932800000146488,0
-1.1214248141389416,-1.4495045676037308,0.0,5.089742939831575,1
-1.1458991813774235,0.23547789524383175,0.0,3.279790460404157,1
0.787598712547306,0.40737445003164274,0.0,2.266807473737134,0
-1.5485003349869826,1.4481512087337318,0.0,2.1760839936169907,1
1.378166435913162,1.4481512087337318,0.0,2.044772393272816,0
0.710370033396719,1.0195515707166167,0.0,2.1798994057109824,0
-1.5485003349869826,0.955526228545644,0.0,2.1791814012736435,1
-0.8851385017231351,-0.8923541663814422,0.0,2.867091065027843,1
-1.5485003349869826,-0.9371103454836831,0.0,4.086279644704874,1
1.378166435913162,0.9741350355957514,0.0,2.2310224560986995,0
-1.5485003349869826,1.4481512087337318,0.0,3.0082459249544558,1
0.787598712547306,-1.4495045676037308,0.0,5.1800129719678125,1
1.378166435913162,1.0050318545785826,0.0,8.201024515333508,1
-1.5485003349869826,0.955526228545644,0.0,2.1858025884437833,1
-1.0858721948025927,-1.4495045676037308,0.0,5.125633077726755,1
-0.6439865685115989,0.07722126060945177,0.0,3.197415087915678,0
0.7167608454825536,1.4481512087337318,0.0,2.500569733479396,0
1.378166435913162,-0.8383489019766284,0.0,8.20180847645044,1
-1.5485003349869826,-1.4495045676037308,0.0,4.352536535689966,1
0.710370033396719,-0.0043071162548182305,0.0,8.78038165736847,1
1.378166435913162,0.18644736180615534,0.0,2.5073400141060698,0
-1.1495623980963838,-1.1634084993085074,0.0,4.619781561167258,1
1.378166435913162,-1.4495045676037308,0.0,5.64774529683245,1
-1.0609486432407544,1.0223594674531358,0.0,2.0298940845564837,1
-1.0858721948025927,-1.4495045676037308,0.0,5.872181073969302,1
0.710370033396719,-1.4495045676037308,0.0,6.373585903013928,1
-1.5485003349869826,-1.4495045676037308,0.0,5.9511499866834106,1
-1.5485003349869826,-1.4495045676037308,0.0,5.546345026468318,1
-0.9677212744122297,-1.1559598128387922,0.0,4.191139835817271,1
-0.8956963065614368,1.4476709157561762,0.0,2.0185576460794685,0
-1.1458991813774235,1.0195515707166167,0.0,2.6188569603522547,1
-1.5485003349869826,-0.9936650520340982,0.0,5.640466993766036,1
-1.0365358038448755,-0.981203839954154,0.0,6.040943004498698,1
-1.5485003349869826,-1.1634084993085074,0.0,5.903255911944249,1
0.710370033396719,1.0195515707166167,0.0,2.192836926928465,0
0.4949802524694769,0.38175455281061293,0.0,2.2857817716871134,0
0.7167608454825536,0.955526228545644,0.0,2.320141601815979,0
-1.0858721948025927,-1.1634084993085074,0.0,2.6815082381403648,1
-1.5485003349869826,-0.9851730539265872,0.0,4.187064028647939,1
1.378166435913162,1.4481512087337318,0.0,2.311244094599838,0
0.4430186959777836,1.4479128903145995,0.0,1.9014163700544087,0
-1.5485003349869826,0.8232191038966041,0.0,2.429293214346691,1
0.710370033396719,-1.159404528414128,0.0,2.970371241021972,0
1.378166435913162,0.9741350355957514,0.0,2.124193559231432,0
-1.1495623980963838,1.0050318545785826,0.0,2.4638866508302497,1
-1.1495623980963838,-1.4495045676037308,0.0,5.641075097670592,1
-1.5485003349869826,1.4481512087337318,0.0,2.556554559797389,1
-1.5485003349869826,-1.0993323273573337,0.0,4.957177085085397,1
-1.0462089020296135,1.0076156727753416,0.0,2.381996351962748,0
-0.9677212744122297,0.9586831535244584,0.0,1.870814305770633,1
-1.1214248141389416,-1.159404528414128,0.0,4.657826545988479,1
0.7167608454825536,1.0050318545785826,0.0,3.4401329544254233,0
-1.1458991813774235,-1.1072540633563843,0.0,6.627550049139598,1
-1.0245251369844965,0.011882129040376901,0.0,8.47871200504958,1
-1.1214248141389416,1.4481512087337318,0.0,2.504115283474321,1
-1.5485003349869826,-1.1634084993085074,0.0,4.791431984953407,1
1.378166435913162,0.955526228545644,0.0,1.4478924798949966,0
-1.1458991813774235,0.8385215690740073,0.0,2.1822927287474894,1
0.37545530402819566,0.5789637135905669,0.0,2.0233667527797143,0
-1.5485003349869826,1.0195515707166167,0.0,2.403673890467179,1
0.7167608454825536,-1.4495045676037308,0.0,6.680395755975502,1
-1.5485003349869826,0.3050403182454916,0.0,2.3000127392859913,1
-1.1214248141389416,0.36572756144750335,0.0,2.795706102451804,1
0.787598712547306,-1.4495045676037308,0.0,6.084812710255861,1
-1.5485003349869826,-1.1634084993085074,0.0,2.3563731810704978,1
-1.5485003349869826,1.0195515707166167,0.0,2.466615990539415,1
-1.5485003349869826,-1.4495045676037308,0.0,5.632752713744572,1
-1.5485003349869826,1.4481512087337318,0.0,2.4702611958399627,1
0.4717016244952289,0.38019413141345354,0.0,8.606960370587,1
0.710370033396719,-1.4495045676037308,0.0,4.307812106161341,1
-1.0858721948025927,-0.6115144241144279,0.0,2.9501112635337208,1
1.378166435913162,1.0195515707166167,0.0,2.2257533106191705,0
0.710370033396719,0.027473802263837076,0.0,9.052514744233331,1
-1.1495623980963838,-1.4495045676037308,0.0,5.957816940819055,1
0.639580171692575,0.7575476520511129,0.0,2.3624209506429747,0
1.378166435913162,0.43386891187933424,0.0,2.107058183123852,0
-1.5485003349869826,-1.4495045676037308,0.0,5.814836818072236,1
-0.9741862948889325,0.8175027635112309,0.0,7.808447169570375,1
-1.1214248141389416,0.955526228545644,0.0,2.0673172713769628,1
-1.1214248141389416,-0.00508836225241186,0.0,2.724715307302348,1
0.4178469048147121,0.5093095717610145,0.0,2.174077068198044,0
0.7167608454825536,0.695714165113867,0.0,2.455492169899032,0
-1.5485003349869826,1.4481512087337318,0.0,1.646363311476561,1
1.378166435913162,0.8232191038966041,0.0,2.3388448880340724,0
0.710370033396719,-1.4495045676037308,0.0,4.53922879193515,1
-1.1495623980963838,-1.4495045676037308,0.0,4.493204519496916,1
-1.5485003349869826,-1.1634084993085074,0.0,6.519393681114552,1
0.4717016244952289,0.9586831535244584,0.0,2.2125270966652333,0
1.378166435913162,0.38477278320910535,0.0,2.3842339597636952,0
1.378166435913162,0.955526228545644,0.0,3.254137149023766,0
-0.6382947429923653,0.0,0.0,5.0,0
1.378166435913162,1.4481512087337318,0.0,2.912001342863398,0
-1.5485003349869826,1.4481512087337318,0.0,2.1564943796356744,1
-1.0858721948025927,-1.0392061866553604,0.0,4.821213056257802,1
1.378166435913162,1.4481512087337318,0.0,2.3179375873614085,0
-1.1214248141389416,-1.4495045676037308,0.0,6.719078428719579,1
0.710370033396719,1.4481512087337318,0.0,8.612596519935007,1
-1.0245251369844965,-1.4475948051420449,0.0,6.35557968082945,1
1.378166435913162,-1.4495045676037308,0.0,5.667305119850764,1
1.378166435913162,-1.4495045676037308,0.0,4.139529562290534,1
-1.1458991813774235,-1.4495045676037308,0.0,5.9781582566961555,1
1.378166435913162,-1.4495045676037308,0.0,6.013991635160367,1
1.378166435913162,0.9741350355957514,0.0,2.194302947661797,0
-1.1214248141389416,-0.8392790577119408,0.0,3.859328863281795,1
-1.5485003349869826,-1.4495045676037308,0.0,6.525074743816184,1
-1.5485003349869826,1.0050318545785826,0.0,2.53617382556689,1
1.378166435913162,0.11470979690985107,0.0,3.4619606545308974,0
1.378166435913162,-1.0993323273573337,0.0,4.224727470755285,1
0.639580171692575,-1.4495045676037308,0.0,5.745938798527041,1
0.639580171692575,0.8064660309596711,0.0,8.3638471470093,1
0.710370033396719,-0.9205331774008391,0.0,8.413850946861837,1
1.378166435913162,1.4481512087337318,0.0,2.4919331761488186,0
-1.1458991813774235,0.9741350355957514,0.0,1.5745958970774045,1
-1.1214248141389416,-1.0392061866553604,0.0,5.516751960823019,1
-1.1214248141389416,1.0195515707166167,0.0,2.3077477067484513,1
1.378166435913162,-0.9205331774008391,0.0,4.402776754249151,1
-1.5485003349869826,-1.4495045676037308,0.0,6.428438100991416,1
0.3019406518502853,-0.12597270968142504,0.0,8.483578483666916,1
0.4430186959777836,-1.4446998656154735,0.0,5.02696883387021,1
-1.5485003349869826,-1.4495045676037308,0.0,4.903071506451809,1
-1.1214248141389416,0.955526228545644,0.0,2.726335074270339,0
0.639580171692575,0.7575476520511129,0.0,8.270793374301848,1
-1.0609486432407544,0.4420079618187765,0.0,8.478365968310268,1
-1.5485003349869826,-0.5981280369924453,0.0,2.995225470897808,1
1.378166435913162,1.0050318545785826,0.0,8.458912796022702,1
-0.9972523977517084,1.447960843819446,0.0,2.536040294519981,1
1.378166435913162,-1.4495045676037308,0.0,4.391670096008603,1
0.4949802524694769,1.0076156727753416,0.0,1.9873170869864518,0
-1.1495623980963838,-0.9007725365746757,0.0,3.8938510018363592,1
-1.0858721948025927,0.9741350355957514,0.0,2.4935561575410934,0
-1.1495623980963838,-1.4495045676037308,0.0,5.982632070172331,1
0.710370033396719,-1.159404528414128,0.0,4.557639663510014,1
-1.1495623980963838,0.8064660309596711,0.0,2.161992752390488,1
-1.0462089020296135,1.0223594674531358,0.0,2.4673020128456415,1
0.2894432870592563,-1.0816497727431447,0.0,2.9519965314993923,0
1.378166435913162,1.4481512087337318,0.0,2.4685389956678074,0
-0.8599367685881425,1.0126804418583242,0.0,2.5822114494679314,0
-1.1495623980963838,1.4481512087337318,0.0,2.6462056465731862,1
-1.1495623980963838,-1.4495045676037308,0.0,6.207223733064741,1
-1.5485003349869826,1.4481512087337318,0.0,2.8898542696086937,1
-1.5485003349869826,0.955526228545644,0.0,2.1041372061881924,0
1.378166435913162,-1.4495045676037308,0.0,6.138643882283799,1
0.710370033396719,0.6689284619765181,0.0,8.581301518557813,1
1.378166435913162,1.0050318545785826,0.0,8.083016833418656,1
-1.1458991813774235,-1.159404528414128,0.0,4.836222774712022,1
-1.1458991813774235,0.9741350355957514,0.0,2.3000963273598094,1
-1.5485003349869826,-1.0993323273573337,0.0,4.7962203825014225,1
1.378166435913162,1.4481512087337318,0.0,2.1639069871763175,0
-1.5485003349869826,-0.9884953765624958,0.0,4.094827412851982,1
1.378166435913162,0.38477278320910535,0.0,2.6859766065724933,0
-1.5485003349869826,0.955526228545644,0.0,2.214932513093138,1
-1.1214248141389416,-1.0993323273573337,0.0,4.608893041222347,1
-1.5485003349869826,-1.4495045676037308,0.0,4.74268111605166,1
-1.1214248141389416,0.3731327895129038,0.0,2.7338696143423125,1
-1.1458991813774235,-1.4495045676037308,0.0,5.93124190493847,1
-1.1495623980963838,0.24705305725424975,0.0,2.4142271008620537,1
-1.1458991813774235,1.0195515707166167,0.0,2.5079698807063604,1
1.378166435913162,0.5724624714600394,0.0,8.362946887659936,1
-0.6889709495049723,0.1315467240600456,0.0,3.3043455765697685,0
-1.1458991813774235,-1.4495045676037308,0.0,5.985466805393297,1
0.4949802524694769,0.5777299603435586,0.0,8.184417330897215,1
0.787598712547306,-1.1634084993085074,0.0,4.905003907066291,1
1.378166435913162,-1.4495045676037308,0.0,5.608542910226398,1
0.4949802524694769,-0.981203839954154,0.0,8.797429223847802,1
-1.0858721948025927,0.04256781324658031,0.0,3.0052521661692513,0
-1.5485003349869826,-1.159404528414128,0.0,4.010147733809116,1
0.710370033396719,-1.4495045676037308,0.0,5.723470729741571,1
1.378166435913162,0.6106347386481292,0.0,2.568129961984245,0
1.378166435913162,-1.4495045676037308,0.0,5.510113680961002,1
1.378166435913162,1.0050318545785826,0.0,2.802432365348802,0
-1.1458991813774235,0.9741350355957514,0.0,2.194439889647702,1
0.639580171692575,-1.4495045676037308,0.0,6.426477182397404,1
-1.1214248141389416,-1.159404528414128,0.0,3.749738850360429,1
1.378166435913162,1.0195515707166167,0.0,2.6471159461341447,0
1.378166435913162,-1.4495045676037308,0.0,9.097100082216894,1
0.787598712547306,-1.4495045676037308,0.0,6.096943425385138,1
0.7167608454825536,1.0195515707166167,0.0,2.3083012392544635,0
-1.1214248141389416,-1.4495045676037308,0.0,6.015442349280255,1
0.3019406518502853,1.4478165439220947,0.0,2.267943882661695,0
-1.1214248141389416,-1.4495045676037308,0.0,4.775928072059023,1
-1.1495623980963838,-1.1634084993085074,0.0,3.7631931392366176,1
0.639580171692575,-1.4495045676037308,0.0,4.899978105716569,1
-1.5485003349869826,-1.0993323273573337,0.0,4.069587718523236,1
1.378166435913162,0.17059185188004095,0.0,2.5023576388222954,0
-1.5485003349869826,1.4481512087337318,0.0,2.7004569153919586,1
-1.5485003349869826,-0.607076506541155,0.0,2.758048248736829,1
-1.5485003349869826,-0.3600457528196957,0.0,2.6239546419674333,1
-1.1214248141389416,-1.159404528414128,0.0,4.943139569793559,1
-1.5485003349869826,-1.0392061866553604,0.0,6.104256095349604,1
-1.1214248141389416,1.4481512087337318,0.0,2.848825408345959,1
0.639580171692575,1.4481512087337318,0.0,2.479508089067629,0
-1.5485003349869826,1.4481512087337318,0.0,2.922825182490177,1
0.787598712547306,-1.4495045676037308,0.0,5.264719868800438,1
0.4949802524694769,0.41155305846919155,0.0,2.6556903670715353,0
-1.1495623980963838,1.4481512087337318,0.0,2.422976220395616,1
-0.129562197326779,0.0,0.0,5.0,1
-1.1458991813774235,-1.4495045676037308,0.0,6.584620750157689,1
-1.1495623980963838,-1.1634084993085074,0.0,4.361668527378862,1
-1.5485003349869826,-1.4495045676037308,0.0,4.503122104365073,1
1.378166435913162,0.4208417196060006,0.0,8.373715121947225,1
1.378166435913162,1.4481512087337318,0.0,8.110551516136887,1
0.787598712547306,-1.0993323273573337,0.0,4.167665604409249,1
-1.1214248141389416,-1.0392061866553604,0.0,5.345516088031113,1
-1.5485003349869826,1.0050318545785826,0.0,2.0905184193484776,1
1.378166435913162,-1.4495045676037308,0.0,5.7094423035553055,1
-1.1214248141389416,-1.0993323273573337,0.0,3.832697191230835,1
-1.1495623980963838,1.4481512087337318,0.0,2.2695108817814793,1
1.378166435913162,-1.4495045676037308,0.0,3.911860871089674,1
-1.5485003349869826,1.4481512087337318,0.0,3.249956682356356,1
0.256569988605115,-1.0440825495228987,0.0,6.028653609389418,1
0.639580171692575,0.9741350355957514,0.0,8.505989830393489,1
-1.1214248141389416,0.4838918902983728,0.0,2.2231736976537944,1
-1.5485003349869826,-0.956939848112948,0.0,3.8448521787421877,1
-1.1495623980963838,-1.4495045676037308,0.0,4.1369241207924485,1
1.378166435913162,-1.4495045676037308,0.0,4.507126615967446,1
-1.1214248141389416,-1.1072540633563843,0.0,3.6378364553329248,1
0.0010377632933072137,0.0,0.0,5.0,0
-1.1214248141389416,-1.4495045676037308,0.0,4.516630135377521,1
-1.1458991813774235,1.0050318545785826,0.0,2.649328868560552,1
-1.5485003349869826,0.5724624714600394,0.0,2.635388263725702,1
0.6650892123420602,0.3428750048521735,0.0,8.53415179012754,1
1.378166435913162,-1.4495045676037308,0.0,4.910433994462631,1
-0.1320099244570372,0.0,0.0,5.0,1
0.33873927177974544,-0.23971987367268702,0.0,8.395493971243427,1
-1.5485003349869826,0.4838918902983728,0.0,1.9135889009102454,1
1.378166435913162,1.4481512087337318,0.0,2.043631705844937,0
1.378166435913162,-1.4495045676037308,0.0,1.7182594220966005,0
1.378166435913162,-1.4495045676037308,0.0,5.517683644581331,1
1.378166435913162,1.0050318545785826,0.0,2.2449183464391256,0
-1.1214248141389416,-1.1634084993085074,0.0,2.6433031444275574,1
1.378166435913162,1.4481512087337318,0.0,2.2919920827267983,0
0.639580171692575,0.8385215690740073,0.0,1.9566562765195374,0
-1.1495623980963838,-0.8150777390701343,0.0,5.185395791104749,1
0.710370033396719,0.8232191038966041,0.0,8.23856805872843,1
1.378166435913162,-0.8014058160293505,0.0,8.653291375786086,1
-0.0006882284679130676,0.0,0.0,5.0,1
0.4949802524694769,1.4480563147787553,0.0,2.5996273075012644,0
-1.1495623980963838,-0.8383489019766284,0.0,4.835193018111555,1
-1.5485003349869826,1.0050318545785826,0.0,2.2876361545496082,0
1.378166435913162,0.529895899215817,0.0,8.255998395245502,1
-0.43794945545971886,0.0,0.0,5.0,1
-1.5485003349869826,-1.1072540633563843,0.0,6.054602378656367,1
0.42098407230085466,0.3946759190165483,0.0,2.6007882926421013,0
-1.5485003349869826,0.5651851877623054,0.0,2.726447029399726,1
-1.5485003349869826,0.529895899215817,0.0,2.094422100720686,1
0.639580171692575,-0.9108287659375035,0.0,8.297038866474857,1
-1.1495623980963838,0.21970191573373027,0.0,2.6899529182084887,1
-1.1495623980963838,-1.4495045676037308,0.0,5.491106488114182,1
-0.3443532036796389,0.0,0.0,5.0,0
-1.1214248141389416,1.0050318545785826,0.0,1.8837909807280375,1
-0.9741862948889325,-1.0997909963751993,0.0,4.4434005705817965,1
1.378166435913162,1.4481512087337318,0.0,7.940408012165082,1
0.710370033396719,0.8232191038966041,0.0,2.0529756595454978,0
1.378166435913162,-1.4495045676037308,0.0,5.71034911215388,1
0.710370033396719,-0.27717140721079686,0.0,2.6116065008837213,0
0.45999343552932154,-1.4446998656154735,0.0,6.1664195047809836,1
-1.5485003349869826,1.4481512087337318,0.0,2.0257803488572366,1
-1.1495623980963838,-1.1072540633563843,0.0,6.886111509373817,1
-1.5485003349869826,1.0195515707166167,0.0,2.2910268975239783,1
-1.5485003349869826,-0.9064241954096569,0.0,3.8443980098707065,1
0.710370033396719,1.4481512087337318,0.0,2.3433575003428513,0
0.710370033396719,0.9741350355957514,0.0,2.370501622736889,0
-0.9677212744122297,-1.4475948051420449,0.0,5.194266638524075,1
1.378166435913162,-1.4495045676037308,0.0,4.395327154447126,1
-1.1458991813774235,-0.2695381596398735,0.0,2.8704828833359466,1
-1.5485003349869826,-1.4495045676037308,0.0,5.006389797574328,1
1.378166435913162,0.44216136193174915,0.0,8.44708036557561,1
1.378166435913162,0.38647727700336365,0.0,2.7238786871022693,0
-1.5485003349869826,-1.4495045676037308,0.0,5.394543557091033,1
1.378166435913162,-0.9936650520340982,0.0,2.5095113081095817,0
0.710370033396719,-1.4495045676037308,0.0,5.026624731127437,1
-1.5485003349869826,-1.4495045676037308,0.0,6.167984981307137,1
-0.8517950612725491,0.6903587669185072,0.0,1.961159704801673,0
-0.9414720642624755,1.4478647905723339,0.0,3.023642437433895,1
1.378166435913162,1.4481512087337318,0.0,2.313916623745033,0
-1.5485003349869826,1.4481512087337318,0.0,2.521572067616098,1
1.378166435913162,-1.4495045676037308,0.0,5.675365975855655,1
1.378166435913162,-0.6257947570766921,0.0,4.16933298440086,1
1.378166435913162,-1.0993323273573337,0.0,8.462416305274536,1
-1.0858721948025927,1.4481512087337318,0.0,2.6819092661676596,1
-0.9990116365219599,1.4480563147787553,0.0,8.309225087225965,1
-1.0858721948025927,1.0050318545785826,0.0,5.040452489304689,1
0.787598712547306,0.6627168277151729,0.0,2.53847637956492,0
-1.5485003349869826,0.24315098179451677,0.0,2.517494961566247,1
-0.859516653352701,1.4477681496892185,0.0,2.2477139622030116,1
1.378166435913162,-0.9479497917907227,0.0,4.315323562118506,1
-0.9677212744122297,-1.4475948051420449,0.0,5.6334182456956565,1
1.378166435913162,1.0050318545785826,0.0,2.1209768077218785,0
0.639580171692575,-1.4495045676037308,0.0,5.52281720473211,1
-1.5485003349869826,-1.159404528414128,0.0,4.262848397573836,1
-1.1214248141389416,-1.4495045676037308,0.0,5.048100253538474,1
-1.1495623980963838,0.7575476520511129,0.0,2.455622248594528,1
1.378166435913162,1.4481512087337318,0.0,2.4141018686342033,0
0.787598712547306,0.6689284619765181,0.0,2.8013383422217233,0
-1.0245251369844965,-1.4475948051420449,0.0,7.105532215291154,1
1.378166435913162,0.955526228545644,0.0,2.0609741151842402,0
-1.5485003349869826,-1.4495045676037308,0.0,4.901025360612318,1
0.710370033396719,0.8064660309596711,0.0,2.171240686690197,0
1.378166435913162,-1.4495045676037308,0.0,6.194603614728371,1
-1.1214248141389416,1.0050318545785826,0.0,2.5387842563888494,1
1.378166435913162,0.8064660309596711,0.0,2.514677384066704,0
-1.1495623980963838,-1.0993323273573337,0.0,3.559476006167337,1
0.2982781025850585,-1.0440825495228987,0.0,3.4750707812251664,0
-1.5485003349869826,1.4481512087337318,0.0,2.3335461554895844,1
0.21158004171575845,0.0,0.0,5.0,1
-1.1214248141389416,-1.4495045676037308,0.0,4.014032159063,1
0.7167608454825536,1.4481512087337318,0.0,2.3453502842510936,0
-1.5485003349869826,-1.4495045676037308,0.0,3.8875987043080933,1
1.378166435913162,-0.8398857770572493,0.0,2.6420589418411975,0
-1.5485003349869826,-1.0993323273573337,0.0,5.553307210296755,1
-1.5485003349869826,0.9741350355957514,0.0,2.610990377889783,1
-1.5485003349869826,-1.4495045676037308,0.0,6.107487526707294,1
-1.1495623980963838,1.4481512087337318,0.0,2.005565022202488,1
-1.1458991813774235,0.5724624714600394,0.0,2.477876271139457,1
1.378166435913162,0.8064660309596711,0.0,1.922175791892548,0
0.787598712547306,-1.1072540633563843,0.0,9.183250204081329,1
0.6592797762866381,1.0237476835419264,0.0,2.43487010559858,0
-1.1458991813774235,-1.4495045676037308,0.0,5.2280948058051475,1
1.378166435913162,0.5840189780278678,0.0,8.646478869770245,1
-1.1214248141389416,-1.4495045676037308,0.0,4.7834617156920105,1
1.378166435913162,1.4481512087337318,0.0,2.544036259972792,0
0.710370033396719,-1.1634084993085074,0.0,5.20501022780642,1
-1.5485003349869826,0.9741350355957514,0.0,1.829641986516278,1
1.378166435913162,0.955526228545644,0.0,1.8133360651051402,0
-0.7306739052809788,-1.0763514665744789,0.0,4.955069144497861,1
0.4949802524694769,0.6756702500903482,0.0,8.633728987433843,1
-1.5485003349869826,-0.9363439714824308,0.0,3.9547430590439987,1
0.3189768328330465,0.973749377579849,0.0,1.713159829548432,0
-1.5485003349869826,0.3880704603108811,0.0,2.8620794471849518,1
0.710370033396719,0.5724624714600394,0.0,8.202016496608044,1
1.378166435913162,-0.9205331774008391,0.0,6.009580851495543,1
-1.1458991813774235,-1.4495045676037308,0.0,5.844465031095384,1
-1.1214248141389416,0.6106347386481292,0.0,2.1023597283084543,1
-1.0858721948025927,-1.4495045676037308,0.0,3.866915332118359,1
-1.5485003349869826,-1.159404528414128,0.0,5.6319534980988974,1
0.639580171692575,1.4481512087337318,0.0,2.0794674261594777,0
0.639580171692575,0.6627168277151729,0.0,8.583135326493114,1
1.378166435913162,0.6689284619765181,0.0,2.0984805851855373,0
-1.5485003349869826,1.0195515707166167,0.0,2.7201108925182043,1
-0.9677212744122297,0.45024807499570557,0.0,1.8693965822478045,1
0.639580171692575,-1.4495045676037308,0.0,2.5784018022005712,0
-1.0858721948025927,-1.1634084993085074,0.0,4.685047802148385,1
0.710370033396719,0.955526228545644,0.0,8.058452606351878,1
1.378166435913162,0.955526228545644,0.0,2.4556903941319357,0
1.378166435913162,0.3792475579971822,0.0,8.18680894017211,1
-1.5485003349869826,-1.4495045676037308,0.0,6.5066917391104715,1
1.378166435913162,-1.4495045676037308,0.0,4.453189126747995,1
0.710370033396719,-0.9506146348384362,0.0,4.920068147585129,1
-1.5485003349869826,-1.4495045676037308,0.0,4.769066222887238,1
0.7167608454825536,0.955526228545644,0.0,2.231548289010819,0
-1.1458991813774235,1.0195515707166167,0.0,2.3588960575839804,1
-1.5485003349869826,1.4481512087337318,0.0,2.5921291575656706,1
-1.0858721948025927,-1.4495045676037308,0.0,5.905632776764889,1
1.378166435913162,0.9741350355957514,0.0,2.545408755444968,0
1.378166435913162,1.0050318545785826,0.0,8.738644660766507,1
-1.1214248141389416,-0.9108287659375035,0.0,3.8846671593728153,1
-1.5485003349869826,-0.9851730539265872,0.0,4.228160985231405,1
-0.9990116365219599,-0.8355219941231908,0.0,4.3149042912041695,1
0.639580171692575,-1.4495045676037308,0.0,6.088735820396671,1
0.639580171692575,-1.4495045676037308,0.0,3.74332624548295,1
1.378166435913162,1.0050318545785826,0.0,8.644706881004694,1
-1.0462089020296135,-1.4475948051420449,0.0,5.619773198075716,1
0.639580171692575,1.4481512087337318,0.0,2.4134708776436704,0
1.378166435913162,-0.9884953765624958,0.0,2.6475411739779036,0
-1.0245251369844965,-1.103540188433729,0.0,4.416606013758495,1
0.639580171692575,-1.159404528414128,0.0,5.911593478201128,1
-1.5485003349869826,0.529895899215817,0.0,2.07663064697975,1
-1.1495623980963838,1.4481512087337318,0.0,2.7983136037289014,1
0.4949802524694769,1.0223594674531358,0.0,2.3190318841435644,0
1.378166435913162,-1.4495045676037308,0.0,4.705171086052659,1
1.378166435913162,-1.4495045676037308,0.0,4.777549014456308,1
0.7167608454825536,0.7575476520511129,0.0,8.188383625903567,1
-1.1214248141389416,-1.159404528414128,0.0,5.459444899311921,1
1.378166435913162,0.9741350355957514,0.0,2.2586229288083652,0
-1.5485003349869826,-1.4495045676037308,0.0,4.84878837681932,1
-1.1458991813774235,-1.4495045676037308,0.0,5.805003305052838,1
-1.0609486432407544,-1.0957553480603646,0.0,4.037505155126395,1
-0.8291910944608343,-1.4437267228516664,0.0,5.861733979544195,1
-1.1458991813774235,-1.159404528414128,0.0,4.324939373450498,1
-0.2833209434766906,0.0,0.0,5.0,0
1.378166435913162,1.0050318545785826,0.0,8.52969903719163,1
0.710370033396719,-1.0993323273573337,0.0,5.8486792107448835,1
0.710370033396719,0.7027526598328396,0.0,8.843316326249877,1
-1.1495623980963838,-1.1634084993085074,0.0,4.795934515620211,1
0.787598712547306,0.9741350355957514,0.0,2.1302081822694463,0
0.639580171692575,-1.0993323273573337,0.0,2.6393674761127293,0
1.378166435913162,-1.4495045676037308,0.0,6.277365223833561,1
-1.1214248141389416,1.0195515707166167,0.0,2.387622651603529,1
-1.0858721948025927,1.0050318545785826,0.0,2.264995129585482,1
-1.1458991813774235,1.4481512087337318,0.0,2.327243185856543,0
1.378166435913162,0.9741350355957514,0.0,8.378956985667912,1
0.6448273970616095,0.5803490267696828,0.0,1.9652199880233394,0
-1.5485003349869826,-1.0993323273573337,0.0,4.055882253864925,1
1.378166435913162,0.955526228545644,0.0,1.6478469754573615,0
-1.1458991813774235,-1.4495045676037308,0.0,5.461034986662334,1
1.378166435913162,-1.4495045676037308,0.0,6.176608395105554,1
0.787598712547306,-1.4495045676037308,0.0,4.558248088357637,1
1.378166435913162,1.0050318545785826,0.0,2.0600224272347814,0
0.710370033396719,1.4481512087337318,0.0,2.65477042313091,0
-1.1214248141389416,-0.9851730539265872,0.0,4.2374724211850054,1
1.378166435913162,-1.1634084993085074,0.0,5.361654002370918,1
1.378166435913162,-0.6210756746253726,0.0,3.16687791729923,0
-1.0858721948025927,1.4481512087337318,0.0,2.483115429264035,1
0.710370033396719,-1.1072540633563843,0.0,5.964018328177339,1
-1.1495623980963838,0.955526228545644,0.0,2.155686414654761,1
1.378166435913162,0.9741350355957514,0.0,2.4230163264401536,0
0.787598712547306,-1.4495045676037308,0.0,2.059028369866106,0
0.639580171692575,0.32392525530736277,0.0,8.961679492926354,1
-1.5485003349869826,0.8385215690740073,0.0,2.601214128780267,1
-1.0858721948025927,0.955526228545644,0.0,2.032427864201746,1
0.787598712547306,1.0195515707166167,0.0,1.9540416513624632,0
-0.8517950612725491,0.984097845293802,0.0,2.2589221770685515,1
0.639580171692575,0.7575476520511129,0.0,8.30721346401546,1
-1.5485003349869826,-1.159404528414128,0.0,5.486433462106588,1
-1.1495623980963838,-1.4495045676037308,0.0,5.862368686091989,1
-0.9677212744122297,-1.103540188433729,0.0,5.6965641595999355,1
0.6592797762866381,1.4480086517533537,0.0,1.9630230855352389,0
-1.5485003349869826,-0.9054217075594011,0.0,3.914318911355843,1
-1.0609486432407544,-0.38485699552160424,0.0,2.6812617733553545,1
0.787598712547306,-0.6122789762491538,0.0,8.844491653835822,1
-1.1458991813774235,0.36519378914312134,0.0,2.4726612765224285,1
-1.5485003349869826,-1.4495045676037308,0.0,6.050860999307482,1
-1.0245251369844965,-1.4475948051420449,0.0,4.07946698503343,1
-1.5485003349869826,-0.9108287659375035,0.0,3.998324989033357,1
-1.1495623980963838,1.4481512087337318,0.0,2.285378652822219,1
1.378166435913162,1.4481512087337318,0.0,7.962932732470762,1
-1.0858721948025927,0.955526228545644,0.0,6.012129918121896,1
-1.1495623980963838,0.955526228545644,0.0,2.803420967316532,1
1.378166435913162,-1.4495045676037308,0.0,6.060763768920383,1
1.378166435913162,-1.0392061866553604,0.0,6.699057898204042,1
-1.5485003349869826,-1.1072540633563843,0.0,3.7313004264222984,1
0.639580171692575,1.0195515707166167,0.0,8.623849575963701,1
1.378166435913162,-1.4495045676037308,0.0,5.668806312970269,1
-1.5485003349869826,-1.4495045676037308,0.0,4.470757705071671,1
-1.1495623980963838,1.0050318545785826,0.0,2.3747926346591868,1
-1.1214248141389416,-1.4495045676037308,0.0,4.436955035103781,1
0.787598712547306,1.4481512087337318,0.0,2.193223777492624,0
0.787598712547306,-0.8289235854995491,0.0,3.07569715594706,0
-1.5485003349869826,0.9741350355957514,0.0,1.9238930168813633,1
-1.5485003349869826,1.4481512087337318,0.0,2.8162532970535645,1
-1.5485003349869826,-1.1072540633563843,0.0,5.232263516361529,1
-1.1495623980963838,-1.159404528414128,0.0,4.33587043305507,1
1.378166435913162,-1.4495045676037308,0.0,3.8555174554917695,1
0.4430186959777836,-0.935924542187677,0.0,5.648295216872119,1
0.710370033396719,1.4481512087337318,0.0,2.6118716110857196,0
-0.11224401599640735,0.0,0.0,5.0,0
-1.1214248141389416,-1.4495045676037308,0.0,4.2611760337626885,1
0.639580171692575,-1.1072540633563843,0.0,3.193271038784568,0
-1.1495623980963838,0.5540466573460562,0.0,2.5916970422220653,0
-1.5485003349869826,-1.4495045676037308,0.0,5.845660218533526,1
1.378166435913162,1.4481512087337318,0.0,2.308578025492453,0
-1.1458991813774235,-1.4495045676037308,0.0,4.387350225742331,1
-1.1458991813774235,1.4481512087337318,0.0,2.6019567336550087,0
0.787598712547306,1.4481512087337318,0.0,2.8072325559048092,0
-1.0858721948025927,1.4481512087337318,0.0,2.530113793037768,1
1.378166435913162,0.43386891187933424,0.0,8.13268408977653,1
-1.1458991813774235,-1.4495045676037308,0.0,6.0810631559506465,1
0.787598712547306,-1.1072540633563843,0.0,2.5559655772022616,0
-0.8777481118796784,-1.0921457518280024,0.0,4.850522655956733,1
1.378166435913162,-1.1072540633563843,0.0,4.885263917330552,1
0.639580171692575,0.5368572469234868,0.0,8.934847249136332,1
-1.5485003349869826,-0.6181946909520042,0.0,2.594502743096372,1
-1.5485003349869826,0.9741350355957514,0.0,2.256030884678898,1
-1.0858721948025927,-1.4495045676037308,0.0,5.434609075236632,1
0.44974821666265885,-1.1507319879737155,0.0,5.670680702187104,1
-1.5485003349869826,-1.4495045676037308,0.0,4.949228481087857,1
0.710370033396719,-1.4495045676037308,0.0,2.3249533683916948,0
0.7167608454825536,-0.9851730539265872,0.0,6.3889100208994405,1
0.7167608454825536,0.955526228545644,0.0,2.2858326166078333,0
-1.5485003349869826,-1.4495045676037308,0.0,4.697107238687117,1
-1.1495623980963838,0.8232191038966041,0.0,8.833931798896652,1
0.2828274059089678,1.4478165439220947,0.0,2.7364471763010902,1
-1.1214248141389416,-1.1634084993085074,0.0,4.201336754615621,1
1.378166435913162,1.4481512087337318,0.0,1.8627898467931394,0
0.44974821666265885,-1.085143769418682,0.0,8.444383348747321,1
-1.1214248141389416,-1.4495045676037308,0.0,6.484718993424487,1
1.378166435913162,0.5914624310734434,0.0,2.4331236271976024,0
-1.0245251369844965,1.0223594674531358,0.0,2.406994395504663,1
-0.7020636736820582,0.06631451403975734,0.0,8.683275870162833,1
-1.5485003349869826,1.4481512087337318,0.0,2.469071226777968,1
-1.1495623980963838,1.0195515707166167,0.0,2.105820032322063,1
0.639580171692575,1.4481512087337318,0.0,7.967655049718223,1
0.787598712547306,1.0195515707166167,0.0,8.050054032077071,1
-1.1495623980963838,-1.1072540633563843,0.0,4.669800608370258,1
1.378166435913162,1.4481512087337318,0.0,2.8090040479405483,0
1.378166435913162,0.955526228545644,0.0,2.489463450837496,0
1.378166435913162,1.0195515707166167,0.0,8.644741016091913,1
-1.1495623980963838,-1.4495045676037308,0.0,5.984331998284656,1
0.639580171692575,-1.159404528414128,0.0,4.369157075090411,1
0.639580171692575,0.3330108026168031,0.0,2.1748404100480503,0
0.639580171692575,-1.1634084993085074,0.0,2.478246161222231,0
0.787598712547306,0.5724624714600394,0.0,7.9305247079238,1
-1.5485003349869826,0.8064660309596711,0.0,2.1060821762760753,1
1.378166435913162,0.9741350355957514,0.0,1.8765483380527646,0
-0.9990116365219599,1.0223594674531358,0.0,2.5067031509534754,1
1.378166435913162,-1.4495045676037308,0.0,5.0360343453909096,1
-1.5485003349869826,1.0195515707166167,0.0,2.3284892956715844,1
-1.1214248141389416,0.6689284619765181,0.0,9.094588394667575,1
-0.85500721093958,0.466294226681688,0.0,2.3534347479684796,0
0.7167608454825536,-1.4495045676037308,0.0,6.05273527812681,1
-1.0858721948025927,1.4481512087337318,0.0,2.2846891290136426,1
-1.1214248141389416,-1.0993323273573337,0.0,4.139087071725622,1
-1.1495623980963838,-1.4495045676037308,0.0,4.936284817600876,1
0.639580171692575,1.4481512087337318,0.0,2.7274989574233004,0
0.3007793496712519,1.4478165439220947,0.0,2.613561440432025,0
-1.5485003349869826,1.4481512087337318,0.0,2.519752597057929,1
-1.1495623980963838,-1.4495045676037308,0.0,2.5019541307053137,0
0.6650892123420602,-1.446633885787977,0.0,5.0588808928232005,1
-1.5485003349869826,1.0050318545785826,0.0,2.421947625109479,1
-1.5485003349869826,1.4481512087337318,0.0,2.258144187945587,1
1.378166435913162,0.955526228545644,0.0,2.601934250578325,0
-1.5485003349869826,-1.4495045676037308,0.0,5.839916842594345,1
0.787598712547306,-0.9471469153344222,0.0,8.62330294270304,1
-1.0365358038448755,-1.0957553480603646,0.0,4.109853247526495,1
-1.0858721948025927,1.0195515707166167,0.0,2.685517099269403,1
-1.1458991813774235,0.8232191038966041,0.0,2.0601769485504193,1
-1.1458991813774235,1.4481512087337318,0.0,2.1527065531138216,1
-1.5485003349869826,0.9741350355957514,0.0,2.375502969038629,1
1.378166435913162,-1.1634084993085074,0.0,2.8946261690430446,0
0.639580171692575,0.8232191038966041,0.0,7.849437601644335,1
-1.0609486432407544,-0.6992176655351292,0.0,4.383296047371931,1
-1.5485003349869826,-1.1072540633563843,0.0,4.48926744690332,1
0.787598712547306,-1.4495045676037308,0.0,6.608724109744046,1
1.378166435913162,1.4481512087337318,0.0,2.2931909234340724,0
1.378166435913162,-1.4495045676037308,0.0,3.3608418257900117,0
-1.5485003349869826,0.955526228545644,0.0,2.379029431548427,1
1.378166435913162,-1.1072540633563843,0.0,6.6172842425905385,1
-1.0858721948025927,1.4481512087337318,0.0,2.8057571812214097,1
-1.0462089020296135,-0.26399821820549557,0.0,4.2412646286977695,1
1.378166435913162,1.4481512087337318,0.0,2.7721450411697197,0
-1.5485003349869826,-1.4495045676037308,0.0,5.863268138987014,1
0.710370033396719,-0.9108287659375035,0.0,2.130012351322437,0
-1.1495623980963838,-1.4495045676037308,0.0,5.804369856794205,1
-1.5485003349869826,-1.0993323273573337,0.0,3.8797715697400212,1
-1.5485003349869826,-1.0993323273573337,0.0,3.9473225939527565,1
-1.5485003349869826,1.4481512087337318,0.0,2.197191643383044,1
1.378166435913162,0.3028450291623566,0.0,2.455643995299833,0
-1.5485003349869826,-0.9069748149647733,0.0,4.6850857226071065,1
-0.9387136791295414,-1.445668912944812,0.0,2.690180239222333,1
-1.5485003349869826,0.695714165113867,0.0,2.8068673302717286,1
-1.5485003349869826,1.0050318545785826,0.0,2.5645380696125306,1
-1.0245251369844965,-0.8908759313040558,0.0,5.30440632915264,1
-1.0858721948025927,-0.23501877990299097,0.0,2.7390028050961344,1
0.6592797762866381,0.5759991941616605,0.0,8.576140148386685,1
-1.0858721948025927,1.4481512087337318,0.0,2.723392330026377,1
-1.5485003349869826,1.0050318545785826,0.0,2.285314398693163,1
-0.9677212744122297,1.4480563147787553,0.0,2.867157366056921,1
-1.5485003349869826,-1.4495045676037308,0.0,4.169036669905161,1
-1.1458991813774235,-0.9054217075594011,0.0,5.211902036591757,1
-1.1214248141389416,1.4481512087337318,0.0,2.6993068916631255,1
-1.5485003349869826,1.4481512087337318,0.0,2.3402736508920707,1
-1.5485003349869826,0.8385215690740073,0.0,2.5655799445540888,1
0.7167608454825536,0.9741350355957514,0.0,2.3461471552785236,0
-1.1458991813774235,-1.4495045676037308,0.0,5.785297902999753,1
0.7167608454825536,-0.9205331774008391,0.0,4.984744403782009,1
-0.4537014757947553,0.0,0.0,5.0,0
-1.1495623980963838,-0.3850855904772628,0.0,2.5719433190803196,1
0.710370033396719,0.955526228545644,0.0,2.49458670348994,0
1.378166435913162,0.17931661184379524,0.0,8.128780839018418,1
0.710370033396719,-0.25642504501651664,0.0,2.902054502662842,0
-1.1495623980963838,0.4807014267588455,0.0,2.511628427803624,1
-1.5485003349869826,-1.4495045676037308,0.0,6.559903406880711,1
-1.5485003349869826,-1.159404528414128,0.0,5.550483513591328,1
1.378166435913162,1.4481512087337318,0.0,1.9627622902528707,0
1.378166435913162,-0.22797822364767223,0.0,8.805010679687541,1
-1.0858721948025927,-1.4495045676037308,0.0,4.1492868241137115,1
-1.0245251369844965,0.9586831535244584,0.0,2.41749921600261,1
-0.9741862948889325,-1.445668912944812,0.0,5.878452976621659,1
-1.1495623980963838,-1.4495045676037308,0.0,6.251275285756533,1
-1.1214248141389416,0.2818173304616757,0.0,2.2932741006206836,1
0.710370033396719,1.0195515707166167,0.0,7.795110515879757,1
-1.1214248141389416,-0.604280001143422,0.0,2.811966529750585,1
-1.0858721948025927,1.0050318545785826,0.0,2.444448878572413,1
-1.5485003349869826,0.8064660309596711,0.0,2.187824017886587,1
-1.5485003349869826,-1.1634084993085074,0.0,6.338320425050436,1
0.710370033396719,0.5724624714600394,0.0,8.49957600323835,1
1.378166435913162,1.0050318545785826,0.0,2.243558538459805,0
1.378166435913162,0.4838918902983728,0.0,2.1833765432122823,0
-1.1458991813774235,1.4481512087337318,0.0,1.855165326217872,1
0.4949802524694769,-1.4475948051420449,0.0,4.098646240931078,1
-1.5485003349869826,-1.4495045676037308,0.0,5.034535032127213,1
-1.1214248141389416,0.3722347980567973,0.0,2.5546225789116446,1
0.639580171692575,-0.3554440178955292,0.0,3.172295110101408,0
0.7167608454825536,1.4481512087337318,0.0,2.925215622110268,1
-1.1458991813774235,-1.159404528414128,0.0,4.261284261576996,1
1.378166435913162,1.4481512087337318,0.0,2.1485290930517857,0
0.6448273970616095,-1.446633885787977,0.0,2.6423717315202158,0
-1.5485003349869826,0.955526228545644,0.0,1.578184811120258,1
1.378166435913162,-1.4495045676037308,0.0,2.7988791074704262,0
-1.0245251369844965,0.7147117268071805,0.0,8.434117555737176,1
-1.0858721948025927,1.4481512087337318,0.0,2.0257022066335164,1
0.45999343552932154,1.0264931837214997,0.0,1.848760771412682,0
1.378166435913162,0.8064660309596711,0.0,8.296139816579426,1
0.710370033396719,0.8232191038966041,0.0,2.5143923675296342,0
-1.5485003349869826,-1.4495045676037308,0.0,4.647778741523446,1
-0.35802391165918157,0.0,0.0,5.0,0
1.378166435913162,-1.4495045676037308,0.0,3.392545898282935,1
-1.0245251369844965,-0.9081331633563147,0.0,3.858001782919681,1
-1.1495623980963838,0.9741350355957514,0.0,2.2248894886858457,0
-1.5485003349869826,-0.6363378875015354,0.0,4.123399952221591,1
-1.5485003349869826,-1.4495045676037308,0.0,5.831258841253,1
1.378166435913162,1.4481512087337318,0.0,2.130687100714489,0
-1.5485003349869826,-1.4495045676037308,0.0,4.288873236996489,1
-1.0858721948025927,-1.4495045676037308,0.0,5.506532146084363,1
-1.5485003349869826,0.5724624714600394,0.0,1.8920705590080948,1
0.639580171692575,0.7575476520511129,0.0,2.3874602137107157,0
0.710370033396719,-1.4495045676037308,0.0,4.443170983402144,1
-1.1214248141389416,1.4481512087337318,0.0,2.275270931125391,0
1.378166435913162,0.08998245134936611,0.0,8.795372647752448,1
0.639580171692575,1.4481512087337318,0.0,2.5184775155198977,0
-1.1495623980963838,1.0195515707166167,0.0,2.390802529461323,1
1.378166435913162,0.955526228545644,0.0,2.169101692653511,0
0.7167608454825536,-1.1634084993085074,0.0,3.6524388715369156,1
0.19215237811068192,0.0,0.0,5.0,1
1.378166435913162,1.0050318545785826,0.0,9.34126668431437,1
1.378166435913162,0.9741350355957514,0.0,2.060881725915918,0
-1.5485003349869826,1.4481512087337318,0.0,2.144758241343345,1
1.378166435913162,-1.0993323273573337,0.0,4.925380400275487,1
1.378166435913162,0.3129819029262443,0.0,8.206738879708682,1
0.6849473754636609,1.0088946071464964,0.0,4.58732786692597,1
0.7167608454825536,0.7575476520511129,0.0,2.629149146974257,0
1.378166435913162,-1.4495045676037308,0.0,2.913729088669272,0
-1.0462089020296135,-1.4475948051420449,0.0,4.075282444523581,1
-1.5485003349869826,0.529895899215817,0.0,2.83936480094561,1
-1.0365358038448755,-0.7994688912920739,0.0,5.636947190024341,1
-1.1495623980963838,1.4481512087337318,0.0,2.2490304621827724,0
-1.1495623980963838,0.38477278320910535,0.0,2.603729233802616,1
-0.9578725141904859,1.0101649957432535,0.0,2.2435017602214424,1
1.378166435913162,0.4838918902983728,0.0,8.573272155669121,1
-1.5485003349869826,1.4481512087337318,0.0,2.5045301479335613,1
-1.5485003349869826,0.28281818996789687,0.0,2.8067319026599216,1
-1.5485003349869826,0.3138180235231248,0.0,2.7748613312511043,1
0.44121145096210007,1.4479128903145995,0.0,8.123729184789594,1
-1.1495623980963838,-1.1634084993085074,0.0,6.638020976412553,1
1.378166435913162,0.5724624714600394,0.0,3.3919430666162866,0
-0.9689732326353205,-0.9213099693695999,0.0,5.392175385034335,1
1.378166435913162,-1.159404528414128,0.0,3.9920620742778055,1
-1.1214248141389416,1.4481512087337318,0.0,2.7362532093030243,1
-1.0609486432407544,1.4480563147787553,0.0,2.500192273591987,1
-0.12149851573789763,0.0,0.0,5.0,1
1.378166435913162,1.0050318545785826,0.0,2.179756312410105,0
0.4717016244952289,0.5777299603435586,0.0,2.2754829428833574,0
-0.8490586159900211,-0.9172604197305576,0.0,2.2503236471913426,0
1.378166435913162,-1.4495045676037308,0.0,6.276703658025562,1
0.787598712547306,1.4481512087337318,0.0,2.5371164024370825,0
-0.6883214926412042,-1.0440825495228987,0.0,5.632451452330303,1
-0.11325385200372351,0.0,0.0,5.0,1
-1.0245251369844965,-1.4475948051420449,0.0,6.685632923771939,1
0.710370033396719,-1.4495045676037308,0.0,3.516696685169152,1
1.378166435913162,-0.9054217075594011,0.0,2.0501304699764074,0
-1.5485003349869826,-1.4495045676037308,0.0,5.476729557118321,1
-1.1458991813774235,-1.159404528414128,0.0,3.9639751720372773,1
1.378166435913162,1.4481512087337318,0.0,8.29063783317295,1
0.42098407230085466,0.9824732296713169,0.0,1.8077421772361273,0
-0.03089221396738377,0.0,0.0,5.0,0
1.378166435913162,-0.7088496223886367,0.0,2.8493420161390786,0
-1.5485003349869826,-1.4495045676037308,0.0,5.7820182421873465,1
-1.0065721153430545,1.4478647905723339,0.0,2.189947278316206,1
1.378166435913162,0.7027526598328396,0.0,2.316126995930462,0
-1.1458991813774235,-1.4495045676037308,0.0,4.7148381617320805,1
-1.1458991813774235,1.4481512087337318,0.0,2.649014668425523,1
0.6650892123420602,-1.446633885787977,0.0,5.859537988090165,1
1.378166435913162,0.38647727700336365,0.0,2.874824614372457,0
0.639580171692575,-1.4495045676037308,0.0,5.47216970940755,1
1.378166435913162,-1.4495045676037308,0.0,5.697497404213758,1
-1.5485003349869826,-0.9936650520340982,0.0,2.9104595627277896,1
-1.5485003349869826,0.4838918902983728,0.0,2.4901417757502022,1
0.710370033396719,-1.1072540633563843,0.0,8.746632463440198,1
-0.9972523977517084,1.447960843819446,0.0,1.6398303224428712,1
0.7167608454825536,0.8385215690740073,0.0,2.027352353697745,0
-1.5485003349869826,-1.4495045676037308,0.0,6.343086589213133,1
0.787598712547306,0.4838918902983728,0.0,3.412255505542629,0
1.378166435913162,-1.4495045676037308,0.0,6.129009136336386,1
0.2906679804460094,-1.4427494637557696,0.0,4.999776440786558,1
-1.0858721948025927,1.4481512087337318,0.0,2.023858987721434,1
-1.1458991813774235,-1.4495045676037308,0.0,4.893669828023449,1
-1.1495623980963838,1.4481512087337318,0.0,2.4666584809473617,1
0.787598712547306,1.4481512087337318,0.0,1.95602844702083,0
-1.0245251369844965,-1.4475948051420449,0.0,5.8424718986110005,1
-1.5485003349869826,1.4481512087337318,0.0,3.104335363059887,1
-1.5485003349869826,0.22165462600758987,0.0,2.610582703697335,1
1.378166435913162,1.4481512087337318,0.0,2.0689518106470812,0
-1.1214248141389416,-1.4495045676037308,0.0,5.791726677892774,1
0.710370033396719,-0.3536988446771124,0.0,2.8020876372994383,0
-1.5485003349869826,-1.159404528414128,0.0,4.787383421963578,1
0.787598712547306,0.7070651099767193,0.0,2.726423024490442,1
-1.5485003349869826,-0.3396952660672288,0.0,2.2413703601875357,1
-1.5485003349869826,-1.4495045676037308,0.0,6.198204859866676,1
0.6650892123420602,1.0237476835419264,0.0,3.307473081115184,0
-1.5485003349869826,0.8232191038966041,0.0,1.9311393473151366,1
-1.5485003349869826,-1.1634084993085074,0.0,5.903037312966279,1
0.639580171692575,1.0050318545785826,0.0,1.8488858165216713,0
-1.1214248141389416,1.4481512087337318,0.0,2.2415017650197537,0
-1.1495623980963838,-1.4495045676037308,0.0,6.085144329331708,1
-1.5485003349869826,1.4481512087337318,0.0,2.52100618303167,1
0.3005411708845253,1.4478165439220947,0.0,2.6236860851873884,0
-1.0858721948025927,0.5840189780278678,0.0,8.752009463417767,1
-1.0858721948025927,0.9741350355957514,0.0,2.3336944693916584,1
-1.5485003349869826,-1.4495045676037308,0.0,4.06363428255375,1
1.378166435913162,-0.9851730539265872,0.0,4.043364740914256,1
-1.5485003349869826,1.4481512087337318,0.0,2.4398677691807955,1
-1.1495623980963838,1.4481512087337318,0.0,1.8673728063534885,1
1.378166435913162,-1.159404528414128,0.0,5.485851918428186,1
0.639580171692575,-1.4495045676037308,0.0,5.361339238654187,1
1.378166435913162,0.5724624714600394,0.0,1.7610786887947494,0
0.7167608454825536,-0.0021600272792004025,0.0,2.7871018300575607,0
-1.5485003349869826,-1.4495045676037308,0.0,4.173573130424662,1
-1.5485003349869826,-1.4495045676037308,0.0,5.215440553767746,1
-1.5485003349869826,1.4481512087337318,0.0,2.400206681989265,1
1.378166435913162,0.9741350355957514,0.0,8.614612974774987,1
0.710370033396719,0.4551209749426044,0.0,7.941923207493479,1
1.378166435913162,-1.4495045676037308,0.0,5.266853629648113,1
-1.5485003349869826,-1.4495045676037308,0.0,6.600503107002351,1
-1.1495623980963838,-1.4495045676037308,0.0,5.30500493602686,1
-1.5485003349869826,0.9741350355957514,0.0,1.7256812594646236,0
1.378166435913162,1.4481512087337318,0.0,2.3951490540495444,0
-1.5485003349869826,-1.1072540633563843,0.0,2.1864769801450725,0
-1.1214248141389416,0.5724624714600394,0.0,1.9518418950142284,1
-1.0858721948025927,-1.159404528414128,0.0,4.691599390589678,1
-1.5485003349869826,1.0050318545785826,0.0,2.1339536253060363,1
1.378166435913162,-1.4495045676037308,0.0,5.840690745331787,1
-1.1495623980963838,1.0195515707166167,0.0,2.453219455544666,1
1.378166435913162,-1.4495045676037308,0.0,5.187816570565374,1
0.6448273970616095,0.9791814988981976,0.0,8.085089530095093,1
-1.5485003349869826,-1.1072540633563843,0.0,5.571634197236116,1
0.6849473754636609,1.4480086517533537,0.0,2.5299855826621194,0
-1.1458991813774235,-1.159404528414128,0.0,4.504798585524622,1
0.6448273970616095,-1.446633885787977,0.0,5.760729142660997,1
-1.0365358038448755,-1.0957553480603646,0.0,2.373661534517569,1
-1.0245251369844965,-0.8950688389717857,0.0,6.5313729104024265,1
0.787598712547306,0.8064660309596711,0.0,2.8351349333402958,0
-1.1458991813774235,-0.9399386966979418,0.0,6.126395103962732,1
0.7167608454825536,-1.0993323273573337,0.0,5.514096739125696,1
1.378166435913162,0.955526228545644,0.0,8.111391217426709,1
-1.5485003349869826,-0.8383489019766284,0.0,3.9968217011576255,1
-1.0858721948025927,-1.0993323273573337,0.0,4.068576607355619,1
1.378166435913162,-1.4495045676037308,0.0,4.345039641123194,1
1.378166435913162,1.0195515707166167,0.0,2.7444680216242583,0
0.787598712547306,-1.1634084993085074,0.0,3.06538652776675,0
-1.0858721948025927,1.4481512087337318,0.0,2.30576913457588,1
1.378166435913162,1.0195515707166167,0.0,8.294969994868367,1
-1.5485003349869826,-1.4495045676037308,0.0,6.58582564199671,1
1.378166435913162,-1.4495045676037308,0.0,5.626453446140895,1
1.378166435913162,-1.4495045676037308,0.0,4.706071425906959,1
-1.1214248141389416,-1.1634084993085074,0.0,5.022155082747393,1
-1.1495623980963838,1.4481512087337318,0.0,2.809878771585784,1
1.378166435913162,1.4481512087337318,0.0,2.294277733207648,0
0.787598712547306,1.4481512087337318,0.0,2.2832032676377443,0
-1.5485003349869826,1.0195515707166167,0.0,2.450246145110091,1
-1.5485003349869826,-1.4495045676037308,0.0,2.837213902393332,1
-1.5485003349869826,0.9741350355957514,0.0,2.2528614050463958,1
-1.5485003349869826,0.8232191038966041,0.0,2.2818619755486216,1
1.378166435913162,1.0195515707166167,0.0,2.0336050814475337,0
-1.5485003349869826,0.42173437799289054,0.0,2.403780665059003,1
-1.1458991813774235,-1.4495045676037308,0.0,3.8449933092779514,1
0.639580171692575,-1.159404528414128,0.0,4.728613798993624,1
1.378166435913162,-1.4495045676037308,0.0,5.734856512037613,1
-1.5485003349869826,-1.4495045676037308,0.0,5.268068572182607,1
-1.0462089020296135,1.4480563147787553,0.0,2.467308710471821,1
0.7167608454825536,-0.9054217075594011,0.0,8.425328344563072,1
-1.5485003349869826,-1.4495045676037308,0.0,5.96736583489128,1
0.710370033396719,1.0050318545785826,0.0,1.91563733728159,0
-1.1495623980963838,0.34742399347928465,0.0,2.2103726122157727,1
-1.1214248141389416,1.0050318545785826,0.0,2.352678546556049,1
-1.5485003349869826,0.9741350355957514,0.0,1.9119148171835485,1
-1.5485003349869826,-1.4495045676037308,0.0,6.866701362313287,1
-0.9972523977517084,-1.0868793630030773,0.0,2.6982329902919844,0
-1.5485003349869826,1.0195515707166167,0.0,2.0801934859469835,1
-0.7768282448868791,1.4475730832925437,0.0,2.0231923404944983,1
0.710370033396719,1.4481512087337318,0.0,2.847646895732698,0
-1.5485003349869826,-1.4495045676037308,0.0,5.547569312033698,1
-0.11832511407408433,0.0,0.0,5.0,1
-1.1458991813774235,-1.4495045676037308,0.0,4.9032845577532385,1
0.710370033396719,0.955526228545644,0.0,8.758484457193163,1
-1.1495623980963838,-1.4495045676037308,0.0,6.025455406022603,1
-1.1495623980963838,-1.4495045676037308,0.0,4.9122536404626365,1
-1.5485003349869826,-0.9880355100044224,0.0,4.040800640057635,1
1.378166435913162,0.955526228545644,0.0,2.4512182228102644,0
-0.6820578636398302,-1.4378006956626737,0.0,4.973606772013252,1
-0.9677212744122297,1.0223594674531358,0.0,2.5018178872715864,1
-1.1458991813774235,0.8232191038966041,0.0,2.378795312450417,1
1.378166435913162,1.0195515707166167,0.0,2.1108036997959356,0
0.007133636224575928,0.0,0.0,5.0,0
0.787598712547306,-1.4495045676037308,0.0,8.853652375806984,1
-1.1458991813774235,1.4481512087337318,0.0,2.3186984689329875,1
-1.1214248141389416,0.9741350355957514,0.0,2.099363229945985,1
0.787598712547306,0.955526228545644,0.0,2.152327454893303,0
1.378166435913162,1.4481512087337318,0.0,2.1814092181458937,0
-1.1458991813774235,0.955526228545644,0.0,2.8453367041492053,0
-1.0609486432407544,0.41155305846919155,0.0,2.50309514543236,1
-1.5485003349869826,-1.1634084993085074,0.0,2.2997285834577363,1
-1.1495623980963838,-1.4495045676037308,0.0,4.4867792521164365,1
-1.1495623980963838,-1.4495045676037308,0.0,5.8835669527987005,1
-1.0462089020296135,0.9586831535244584,0.0,1.83989798606216,1
-1.0462089020296135,-1.1559598128387922,0.0,4.526230998963788,1
-1.5485003349869826,-1.1634084993085074,0.0,4.025046996004725,1
-1.1458991813774235,1.4481512087337318,0.0,1.9784396488009461,1
-1.1495623980963838,1.0050318545785826,0.0,2.8134268812302605,1
-1.1495623980963838,-1.0993323273573337,0.0,5.490618485628486,1
1.378166435913162,-1.4495045676037308,0.0,6.836313593467275,1
-1.5485003349869826,0.9741350355957514,0.0,1.924283735772053,1
0.3088568077767279,-1.4427494637557696,0.0,4.985951447228469,1
-1.5485003349869826,1.4481512087337318,0.0,2.0983019511275525,1
-1.0365358038448755,0.7642578262122808,0.0,2.445398113102559,1
-0.8505838850374251,0.9617908024981108,0.0,8.576335898412392,1
0.29079221659864096,-1.4427494637557696,0.0,4.823808017049349,1
0.787598712547306,0.8232191038966041,0.0,2.3122989607808706,0
0.7167608454825536,-1.0993323273573337,0.0,4.589206533795471,1
-1.5485003349869826,0.9741350355957514,0.0,1.9125679788101437,1
0.42098407230085466,0.5468544298512388,0.0,2.1268957370765387,0
-1.0858721948025927,-1.159404528414128,0.0,4.028217304581924,1
1.378166435913162,-0.9205331774008391,0.0,4.511037276826509,1
1.378166435913162,-1.4495045676037308,0.0,5.69349824713665,1
-1.1495623980963838,-1.1634084993085074,0.0,4.928629981941131,1
-0.9972523977517084,-1.445668912944812,0.0,5.709654351707833,1
0.639580171692575,0.43386891187933424,0.0,2.7330206711627096,0
0.639580171692575,1.0050318545785826,0.0,2.5627962496267713,0
-1.5485003349869826,-0.6368353172404454,0.0,2.301012709067609,1
-1.5485003349869826,-0.9851730539265872,0.0,4.571333187401519,1
0.787598712547306,-1.4495045676037308,0.0,5.567883775322323,1
-1.5485003349869826,-1.1072540633563843,0.0,5.562086382676863,1
0.710370033396719,1.0050318545785826,0.0,8.737271195488908,1
1.378166435913162,1.4481512087337318,0.0,8.56213305814571,1
-1.5485003349869826,-1.4495045676037308,0.0,5.659032057177797,1
1.378166435913162,-0.21689789919823138,0.0,8.67186624976231,1
-1.5485003349869826,1.4481512087337318,0.0,2.4892644514408278,1
1.378166435913162,-0.02126241263406891,0.0,8.99786128929942,1
-1.1495623980963838,0.955526228545644,0.0,1.693470023384163,1
-1.5485003349869826,-1.4495045676037308,0.0,6.161064787949665,1
-1.0858721948025927,-1.4495045676037308,0.0,5.183537775291482,1
0.639580171692575,0.7070651099767193,0.0,8.52866090152916,1
-0.9990116365219599,0.9586831535244584,0.0,1.878398875628692,1
0.7167608454825536,1.0050318545785826,0.0,8.067090322903741,1
-1.5485003349869826,-1.4495045676037308,0.0,3.6388191742826033,1
1.378166435913162,-1.4495045676037308,0.0,4.434230636132777,1
1.378166435913162,1.0050318545785826,0.0,7.898616405395854,1
0.639580171692575,1.4481512087337318,0.0,2.8711711503673607,0
0.787598712547306,-1.4495045676037308,0.0,5.53135994043318,1
0.787598712547306,1.0050318545785826,0.0,8.312507356714894,1
-1.0858721948025927,-1.4495045676037308,0.0,5.211204641535933,1
-1.1495623980963838,-1.1634084993085074,0.0,4.812421626293117,1
0.710370033396719,0.9741350355957514,0.0,1.7855916345172052,0
-1.1214248141389416,-0.9851730539265872,0.0,5.113446041147144,1
-1.1458991813774235,-1.4495045676037308,0.0,4.368820245062695,1
-1.1458991813774235,-1.0993323273573337,0.0,4.360881814442462,1
0.4949802524694769,1.4480563147787553,0.0,8.503292122021927,1
0.787598712547306,0.529895899215817,0.0,2.6244051685731526,0
-1.5485003349869826,1.4481512087337318,0.0,2.5976373756826288,0
-1.5485003349869826,-1.4495045676037308,0.0,4.9842745060162255,1
0.7167608454825536,-1.159404528414128,0.0,4.604472886255243,1
-1.1214248141389416,1.0195515707166167,0.0,2.502053366208896,1
0.710370033396719,0.955526228545644,0.0,8.392703000928707,1
1.378166435913162,0.955526228545644,0.0,2.513274731782083,0
0.787598712547306,-1.4495045676037308,0.0,4.949559882827875,1
-1.1214248141389416,-0.9884953765624958,0.0,4.001380974146332,1
-1.5485003349869826,-1.1634084993085074,0.0,4.082860952738084,1
0.787598712547306,0.36519378914312134,0.0,8.857764133031923,1
1.378166435913162,1.0195515707166167,0.0,2.042913370382646,0
0.787598712547306,1.4481512087337318,0.0,2.4481037493888262,0
1.378166435913162,0.9741350355957514,0.0,2.7628954911560246,0
0.710370033396719,1.0195515707166167,0.0,8.548768264585497,1
-1.1495623980963838,0.42471799262274007,0.0,2.2708963809076597,1
0.787598712547306,-1.159404528414128,0.0,6.556779805493821,1
1.378166435913162,1.0050318545785826,0.0,2.2047376054626815,0
-1.1214248141389416,0.27891681829699977,0.0,8.449422162043662,1
-1.1214248141389416,-1.4495045676037308,0.0,6.416275125055279,1
0.36762266140724537,0.201066797077946,0.0,8.238982986113522,1
1.378166435913162,1.4481512087337318,0.0,2.2687097811114993,0
-1.0365358038448755,0.4420079618187765,0.0,2.470551073587932,1
1.378166435913162,1.4481512087337318,0.0,2.528399191885762,0
-1.5485003349869826,0.955526228545644,0.0,2.2782901971630105,1
-1.5485003349869826,-1.159404528414128,0.0,6.506609888233919,1
1.378166435913162,0.8232191038966041,0.0,2.3312095952022998,0
0.6849473754636609,-0.4934340047765371,0.0,8.574014290198456,1
0.710370033396719,1.0195515707166167,0.0,8.528823433236484,1
-1.5485003349869826,-1.0993323273573337,0.0,3.9464980236811713,1
-1.5485003349869826,-1.4495045676037308,0.0,5.981570332552236,1
-1.5485003349869826,-1.1072540633563843,0.0,2.2053203673682367,1
1.378166435913162,0.6689284619765181,0.0,8.94522613788539,1
-1.0858721948025927,1.0050318545785826,0.0,2.3808114876940594,0
1.378166435913162,-1.4495045676037308,0.0,5.030808014945754,1
-1.5485003349869826,1.4481512087337318,0.0,2.610825684097677,1
0.32163879325296507,-1.4427494637557696,0.0,5.352386422062052,1
-1.5485003349869826,-1.4495045676037308,0.0,6.779654101308875,1
-1.1458991813774235,-1.0993323273573337,0.0,6.307586436301872,1
1.378166435913162,-0.7969642010842837,0.0,5.1563305050349415,1
-1.0858721948025927,-1.4495045676037308,0.0,5.134662288802887,1
0.6650892123420602,0.517729325641649,0.0,2.09238824886138,0
0.4949802524694769,0.3390874507373621,0.0,2.3737841701959432,0
-1.1458991813774235,-0.9880355100044224,0.0,5.2224634078313015,1
1.378166435913162,0.001281648196768452,0.0,2.5792041726287924,0
1.378166435913162,0.29397746923436163,0.0,8.930561676931681,1
1.378166435913162,-1.4495045676037308,0.0,6.421178744466777,1
-0.8628164292008287,0.964850235459259,0.0,2.233038148743897,0
1.378166435913162,0.955526228545644,0.0,2.390396431050939,0
-1.1458991813774235,0.9741350355957514,0.0,1.8888316288471332,1
-1.5485003349869826,0.5724624714600394,0.0,2.465049895943343,1
-1.1495623980963838,-1.4495045676037308,0.0,5.463348495583281,1
-1.0858721948025927,-1.4495045676037308,0.0,5.074074401886293,1
0.787598712547306,0.2168342371593721,0.0,8.683292451808565,1
-1.5485003349869826,1.0050318545785826,0.0,2.968520527428155,1
1.378166435913162,0.7575476520511129,0.0,8.527963466535141,1
-1.1458991813774235,0.38477278320910535,0.0,2.541567465898067,1
-1.0609486432407544,-1.4475948051420449,0.0,5.315901810493317,1
1.378166435913162,1.0195515707166167,0.0,2.236687687698082,0
-0.9990116365219599,1.4480563147787553,0.0,2.370100896763974,1
-1.5485003349869826,1.4481512087337318,0.0,2.3546339821445144,1
0.7167608454825536,0.42173437799289054,0.0,2.5630968547650315,0
0.639580171692575,-1.4495045676037308,0.0,2.066991863580934,0
0.710370033396719,1.0195515707166167,0.0,2.000941442862256,0
-1.5485003349869826,1.0195515707166167,0.0,2.221086429895043,1
-1.0245251369844965,0.812015604530254,0.0,8.113156075013537,1
-1.1458991813774235,1.0050318545785826,0.0,2.2399655802606477,1
1.378166435913162,-0.9880355100044224,0.0,5.595891826542842,1
-1.5485003349869826,-1.4495045676037308,0.0,4.181108212686471,1
1.378166435913162,-1.4495045676037308,0.0,5.433298361153349,1
0.639580171692575,0.9741350355957514,0.0,2.1613243242593074,0
-0.9677212744122297,1.4480563147787553,0.0,2.544401077558757,0
-0.9578725141904859,0.9617908024981108,0.0,2.487968331151253,0
0.639580171692575,1.0195515707166167,0.0,2.4421261091384645,0
1.378166435913162,-1.4495045676037308,0.0,5.170546737047349,1
-1.5485003349869826,1.0050318545785826,0.0,2.2697451005790454,1
-1.1214248141389416,-0.37390812944282176,0.0,3.0182130686635635,1
-1.5485003349869826,-1.1634084993085074,0.0,5.261436383201536,1
0.787598712547306,0.955526228545644,0.0,2.2522006466367737,0
1.378166435913162,-1.4495045676037308,0.0,3.1306237601981097,0
-1.5485003349869826,-1.4495045676037308,0.0,6.375255614871406,1
-1.1214248141389416,1.0050318545785826,0.0,2.510333713681323,1
-1.0858721948025927,1.0195515707166167,0.0,2.445506063814781,1
-1.0858721948025927,-1.4495045676037308,0.0,4.369104170452122,1
1.378166435913162,-1.4495045676037308,0.0,5.581669914705264,1
1.378166435913162,0.955526228545644,0.0,7.725367033477377,1
-1.5485003349869826,1.4481512087337318,0.0,2.469495902597734,1
1.378166435913162,0.6689284619765181,0.0,8.188859364746424,1
1.378166435913162,0.955526228545644,0.0,8.04409271367042,1
0.7167608454825536,-1.4495045676037308,0.0,6.24113603164921,1
-1.5485003349869826,-1.4495045676037308,0.0,6.160508301144991,1
0.710370033396719,0.9741350355957514,0.0,2.4851061102669245,0
-1.0245251369844965,1.4480563147787553,0.0,2.6143674911161203,0
-1.5485003349869826,0.955526228545644,0.0,2.1898262745526162,1
-1.0858721948025927,-0.9936650520340982,0.0,4.778155059198225,1
0.4949802524694769,1.4480563147787553,0.0,2.276801630345056,0
0.6448273970616095,1.4480086517533537,0.0,1.8931673678807701,0
0.787598712547306,0.3722347980567973,0.0,2.563150184876671,0
-1.5485003349869826,1.4481512087337318,0.0,1.9692282149466358,1
0.710370033396719,0.23359095618923312,0.0,8.772127218102689,1
0.787598712547306,-1.159404528414128,0.0,2.9602800202053383,0
-1.0245251369844965,1.4480563147787553,0.0,2.253492177575261,1
1.378166435913162,1.0050318545785826,0.0,2.150354753234062,0
0.787598712547306,1.4481512087337318,0.0,2.76244339419209,0
0.4430186959777836,-1.4446998656154735,0.0,4.740107491861444,1
-1.1214248141389416,1.0195515707166167,0.0,2.160207280689206,1
1.378166435913162,-1.1634084993085074,0.0,2.8144312664303177,0
-1.0858721948025927,1.0195515707166167,0.0,8.086947536773218,1
-1.0858721948025927,-1.1634084993085074,0.0,2.715053985685726,1
0.710370033396719,-0.3422414209729749,0.0,8.850607161431325,1
1.378166435913162,-0.9108287659375035,0.0,3.8658517124094196,1
-1.1214248141389416,1.4481512087337318,0.0,2.4365172919415463,1
1.378166435913162,-1.4495045676037308,0.0,5.3306375854725285,1
1.378166435913162,-1.4495045676037308,0.0,5.041287735537172,1
1.378166435913162,0.8064660309596711,0.0,2.066002433258791,0
-1.5485003349869826,-1.1072540633563843,0.0,5.158886986315476,1
1.378166435913162,-1.4495045676037308,0.0,6.065623274239123,1
0.7167608454825536,1.0195515707166167,0.0,2.264965217284128,0
0.787598712547306,-0.9205331774008391,0.0,8.418517502633145,1
1.378166435913162,-1.159404528414128,0.0,4.030998246204059,1
-1.1458991813774235,-1.159404528414128,0.0,5.99560213616861,1
1.378166435913162,-1.4495045676037308,0.0,4.605050792187958,1
-1.0858721948025927,0.9741350355957514,0.0,1.9134537952727253,1
0.7167608454825536,1.4481512087337318,0.0,2.1800517913073607,0
1.378166435913162,1.4481512087337318,0.0,2.7275341150784063,0
1.378166435913162,-0.3779078483967907,0.0,8.928509866347753,1
-1.5485003349869826,0.9741350355957514,0.0,2.752345506440998,1
-1.5485003349869826,0.9741350355957514,0.0,2.0156771917189054,1
0.787598712547306,-0.9069748149647733,0.0,8.600157342786256,1
0.31128604024275297,-1.0253880193007499,0.0,2.157303333070548,0
1.378166435913162,-0.34582624954706953,0.0,8.234108759663975,1
1.378166435913162,-1.4495045676037308,0.0,4.0071989789920615,1
-1.1214248141389416,1.4481512087337318,0.0,2.178832527824305,1
0.710370033396719,1.4481512087337318,0.0,2.511216104541809,0
0.639580171692575,0.7070651099767193,0.0,8.466196107424384,1
-1.0245251369844965,0.8290342862611149,0.0,2.1190240972202976,0
0.787598712547306,-1.4495045676037308,0.0,5.934655919220349,1
-1.5485003349869826,-1.4495045676037308,0.0,6.678775561713292,1
0.710370033396719,0.9741350355957514,0.0,7.851840592470067,1
-1.0462089020296135,1.4480563147787553,0.0,8.163015414400105,1
-1.5485003349869826,1.4481512087337318,0.0,2.2125336576241246,1
-1.1458991813774235,-0.9880355100044224,0.0,4.5212799936413095,1
-0.9853759763832799,1.0101649957432535,0.0,2.145274918616038,1
0.710370033396719,1.0195515707166167,0.0,8.555902603647855,1
-1.1214248141389416,-1.4495045676037308,0.0,5.819332662927131,1
-1.1495623980963838,0.8232191038966041,0.0,1.9959796968025885,1
0.787598712547306,-1.4495045676037308,0.0,5.782845263614576,1
-1.5485003349869826,-1.0392061866553604,0.0,6.606643150465091,1
-1.1495623980963838,-1.0993323273573337,0.0,2.7159863629982546,0
-1.1458991813774235,-1.4495045676037308,0.0,4.696433534517145,1
-1.5485003349869826,-1.4495045676037308,0.0,4.716913836989355,1
-1.5485003349869826,-1.4495045676037308,0.0,4.208522200575455,1
-1.5485003349869826,0.8232191038966041,0.0,2.3089141510535565,1
0.7167608454825536,-1.4495045676037308,0.0,3.5337547910567473,1
0.710370033396719,0.8064660309596711,0.0,8.363857630398616,1
0.639580171692575,0.529895899215817,0.0,2.217430847747174,0
1.378166435913162,0.5724624714600394,0.0,8.329434843706405,1
0.7167608454825536,-1.0993323273573337,0.0,1.8771394103098853,0
-1.1214248141389416,1.0195515707166167,0.0,2.7557321771100693,1
-1.1495623980963838,0.5724624714600394,0.0,2.9888796178335224,1
-1.5485003349869826,1.4481512087337318,0.0,2.478915121450912,1
0.710370033396719,-0.2579535233296886,0.0,8.642617164961083,1
-1.5485003349869826,1.0050318545785826,0.0,2.5246294078981664,1
-1.0245251369844965,-0.8355219941231908,0.0,3.027807775580711,1
-1.5485003349869826,1.4481512087337318,0.0,2.403848545313219,1
-1.5485003349869826,1.4481512087337318,0.0,2.7097402403523345,1
-1.5485003349869826,0.955526228545644,0.0,1.9402261059100565,1
0.787598712547306,-1.4495045676037308,0.0,4.461147950213657,1
-1.5485003349869826,-1.1634084993085074,0.0,4.225692426507347,1
-1.1495623980963838,-1.1072540633563843,0.0,2.639092207475355,1
-1.5485003349869826,0.8232191038966041,0.0,2.237413533658725,1
-1.5485003349869826,-1.4495045676037308,0.0,5.7069243374494105,1
0.476557318369301,-0.6009994294319368,0.0,2.8721910401893536,0
0.710370033396719,0.9741350355957514,0.0,2.8407269580021297,0
1.378166435913162,-1.4495045676037308,0.0,8.568297194242165,1
-1.1214248141389416,1.0195515707166167,0.0,2.194427181205235,0
-1.5485003349869826,-1.1634084993085074,0.0,3.7873382658823784,1
-1.1214248141389416,-1.4495045676037308,0.0,4.066439305519195,1
-1.5485003349869826,1.4481512087337318,0.0,1.9230415008341213,1
-1.5485003349869826,0.5724624714600394,0.0,2.6817277368459553,1
-0.9677212744122297,0.5367313535858427,0.0,2.1333415260941253,1
-1.5485003349869826,-1.4495045676037308,0.0,4.990102763530708,1
-0.7928539360376526,-1.4417680674827236,0.0,5.2570028143594145,1
-1.1214248141389416,-1.4495045676037308,0.0,6.187463426988009,1
0.6849473754636609,-0.5033315963720532,0.0,2.9742103608288555,0
-1.1495623980963838,0.3104112787554537,0.0,2.318849162716938,1
-0.6658747433220261,0.1768682958823985,0.0,2.4139368441970017,0
1.378166435913162,-0.9105227571848433,0.0,8.522460067465838,1
-1.0858721948025927,-0.9884953765624958,0.0,6.155604176916613,1
-1.1214248141389416,1.4481512087337318,0.0,2.090686494175501,1
-1.0858721948025927,-0.9884953765624958,0.0,4.1831332222865045,1
-1.1458991813774235,-1.1072540633563843,0.0,5.188842455442225,1
0.639580171692575,-0.9007725365746757,0.0,5.753382806018348,1
-1.5485003349869826,1.4481512087337318,0.0,2.0682605519061865,1
0.710370033396719,-1.4495045676037308,0.0,3.7046496846081514,1
-1.0858721948025927,-0.9205331774008391,0.0,5.193841282703941,1
-0.8254011507242612,0.5932974993866235,0.0,1.9896836410017371,1
-0.9677212744122297,0.5777299603435586,0.0,3.045406679021972,1
1.378166435913162,0.955526228545644,0.0,1.8068367998197952,0
-1.5485003349869826,0.529895899215817,0.0,2.050269328360023,1
0.6448273970616095,0.5803490267696828,0.0,1.9907995096128857,0
-1.0858721948025927,0.955526228545644,0.0,1.9281009482631664,1
-1.1214248141389416,1.4481512087337318,0.0,2.175012696116609,1
1.378166435913162,-0.8111216402130308,0.0,6.564313622467942,1
1.378166435913162,-1.1634084993085074,0.0,2.4888921492129112,0
-1.1214248141389416,-1.4495045676037308,0.0,6.415515019956804,1
-1.5485003349869826,-0.02776005159515684,0.0,3.0321301122610045,1
-1.1495623980963838,0.9741350355957514,0.0,2.185213497875795,1
-1.1458991813774235,1.0195515707166167,0.0,2.644236356931631,1
-1.0365358038448755,-1.4475948051420449,0.0,4.697164175984421,1
-1.5485003349869826,-1.4495045676037308,0.0,5.447059886534771,1
1.378166435913162,-1.4495045676037308,0.0,5.752768250431792,1
-1.1495623980963838,-0.9493349264333149,0.0,2.8322710655015024,1
1.378166435913162,-1.159404528414128,0.0,8.523068906146813,1
-1.1495623980963838,-1.4495045676037308,0.0,4.757157147009321,1
-1.5485003349869826,-1.4495045676037308,0.0,4.67818198223934,1
-1.1458991813774235,-1.1634084993085074,0.0,6.549412725254586,1
0.639580171692575,0.4312064434504079,0.0,9.136414639826503,1
0.710370033396719,1.0195515707166167,0.0,9.13395318614828,1
0.787598712547306,1.0050318545785826,0.0,2.2392708291310983,0
-1.5485003349869826,-1.4495045676037308,0.0,5.544111995274471,1
-1.5485003349869826,-0.9054217075594011,0.0,5.6664946086158015,1
0.639580171692575,0.7575476520511129,0.0,7.744179290562113,1
-0.9689732326353205,-1.445668912944812,0.0,5.954198459768569,1
1.378166435913162,0.6829522445306385,0.0,8.39482145352498,1
-1.5485003349869826,-1.4495045676037308,0.0,5.885262987568767,1
0.710370033396719,1.0195515707166167,0.0,2.214278030090796,0
1.378166435913162,0.6829522445306385,0.0,2.474529003973105,0
-1.5485003349869826,-0.9054217075594011,0.0,2.90811543856126,1
0.3499013481112252,-1.0866698313507301,0.0,2.2969358052311324,0
-1.5485003349869826,-1.4495045676037308,0.0,4.068060873746466,1
-1.1214248141389416,-1.4495045676037308,0.0,5.488933064806052,1
0.710370033396719,-0.007059884441648473,0.0,8.767292028069624,1
-1.5485003349869826,-1.4495045676037308,0.0,4.777751883190757,1
0.6448273970616095,0.9791814988981976,0.0,7.852848998085887,1
-1.5485003349869826,-1.4495045676037308,0.0,4.3196132220992,1
-1.5485003349869826,-0.9054217075594011,0.0,4.018111010856562,1
1.378166435913162,-1.4495045676037308,0.0,2.7738856096207383,0
0.787598712547306,1.0195515707166167,0.0,2.2160643679338787,0
0.710370033396719,1.0195515707166167,0.0,2.625891603397104,0
0.710370033396719,0.2168342371593721,0.0,8.812804588822912,1
1.378166435913162,1.4481512087337318,0.0,8.331689205207415,1
-1.5485003349869826,0.955526228545644,0.0,1.910131570624461,1
-1.5485003349869826,-0.6227462756952845,0.0,2.5938562365119235,1
-1.1495623980963838,0.955526228545644,0.0,1.890951278397403,1
0.710370033396719,0.0362294633824431,0.0,8.577313339512127,1
1.378166435913162,0.43386891187933424,0.0,8.185338085900455,1
1.378166435913162,0.9741350355957514,0.0,8.299295162061645,1
-1.0858721948025927,-0.9880355100044224,0.0,4.029350016702058,1
-1.5485003349869826,-1.4495045676037308,0.0,5.6529489137784426,1
1.378166435913162,-1.4495045676037308,0.0,5.391578909626352,1
1.378166435913162,-0.4013790445424101,0.0,2.612401148301169,0
-1.5485003349869826,-1.4495045676037308,0.0,4.966723709317259,1
1.378166435913162,0.5724624714600394,0.0,2.552026903817793,0
-0.9990116365219599,0.9775140375569451,0.0,1.7993756023483665,1
1.378166435913162,-1.4495045676037308,0.0,5.881321888663803,1
1.378166435913162,-1.4495045676037308,0.0,6.122073441136373,1
-1.5485003349869826,-1.4495045676037308,0.0,5.633067443794621,1
-0.9448395840746106,-1.0868793630030773,0.0,5.681743833719969,1
-1.0858721948025927,-1.4495045676037308,0.0,6.1496546039286715,1
-1.0858721948025927,1.4481512087337318,0.0,2.4890093367337194,1
-1.1214248141389416,0.529895899215817,0.0,2.0757504423042845,1
-1.1495623980963838,0.8064660309596711,0.0,2.2494869044172727,1
-0.017765122575949796,0.0,0.0,5.0,0
-1.5485003349869826,-1.1072540633563843,0.0,2.9252336666773844,1
0.6650892123420602,-1.446633885787977,0.0,6.146050525230767,1
1.378166435913162,-1.4495045676037308,0.0,5.455701572081841,1
1.378166435913162,0.529895899215817,0.0,7.915934408694578,1
-1.1214248141389416,-1.4495045676037308,0.0,5.254143149990569,1
1.378166435913162,1.4481512087337318,0.0,2.471398166172833,0
-1.1458991813774235,-0.7969642010842837,0.0,3.047679558900277,1
0.7167608454825536,0.9741350355957514,0.0,8.875025528931722,1
0.710370033396719,-0.6207124419108832,0.0,2.5096348964955104,0
-1.0365358038448755,0.9775140375569451,0.0,2.1078214649727296,1
0.4717016244952289,-1.4475948051420449,0.0,2.2846122938086104,0
0.710370033396719,0.955526228545644,0.0,1.869854124211098,0
1.378166435913162,-0.3611728656659587,0.0,8.503831881926395,1
0.710370033396719,1.0050318545785826,0.0,4.478277573574651,1
-1.1458991813774235,-1.4495045676037308,0.0,6.440170636847036,1
-1.5485003349869826,0.9741350355957514,0.0,2.841272477337194,1
-0.3019716461258791,0.0,0.0,5.0,0
0.44974821666265885,-1.1507319879737155,0.0,5.45132225390149,1
-1.5485003349869826,-1.4495045676037308,0.0,5.560439544407512,1
-1.1495623980963838,-1.1072540633563843,0.0,5.9760951628071375,1
-1.5485003349869826,-0.8827248634063142,0.0,3.7567700391932393,1
-1.5485003349869826,0.9741350355957514,0.0,2.431410111939803,1
0.787598712547306,-1.1634084993085074,0.0,8.638843031039023,1
-1.1458991813774235,-1.159404528414128,0.0,4.627585977115038,1
0.639580171692575,0.5724624714600394,0.0,8.3160995382466,1
-1.1214248141389416,-1.4495045676037308,0.0,3.9417193761345013,1
-1.0858721948025927,1.0195515707166167,0.0,2.5838372502853297,1
-1.0462089020296135,1.4480563147787553,0.0,2.491703294397488,1
-1.5485003349869826,-1.4495045676037308,0.0,6.786396596633023,1
-0.30376637424324404,0.0,0.0,5.0,0
0.639580171692575,0.6829522445306385,0.0,2.1968068039164605,0
0.7167608454825536,0.955526228545644,0.0,2.095967532599297,0
0.639580171692575,-1.4495045676037308,0.0,4.271618362392539,1
-1.5485003349869826,-1.159404528414128,0.0,1.789038066374903,1
0.787598712547306,0.27383819598746845,0.0,9.054052044345212,1
0.639580171692575,1.0050318545785826,0.0,2.5738304508253496,0
-1.0609486432407544,-1.4475948051420449,0.0,6.585203059959362,1
0.787598712547306,-1.4495045676037308,0.0,4.300145467590202,1
0.4949802524694769,-1.103540188433729,0.0,5.264880717427228,1
-1.1458991813774235,-1.4495045676037308,0.0,4.2420334673050775,1
-1.0858721948025927,-1.4495045676037308,0.0,4.043896771492552,1
0.710370033396719,-1.1634084993085074,0.0,2.4946241553693302,0
0.6592797762866381,0.517729325641649,0.0,2.528726992865068,0
0.710370033396719,0.8064660309596711,0.0,2.2255966816231063,0
0.710370033396719,0.6106347386481292,0.0,2.281767040704263,0
0.639580171692575,-1.4495045676037308,0.0,4.2394950405402785,1
1.378166435913162,-1.4495045676037308,0.0,4.973394839937111,1
-1.1495623980963838,-1.4495045676037308,0.0,5.389653365912418,1
-0.9990116365219599,-1.159797729275601,0.0,5.1166519103254124,1
1.378166435913162,0.9741350355957514,0.0,2.090503149743573,0
1.378166435913162,1.4481512087337318,0.0,2.8491269249366717,0
-1.5485003349869826,1.4481512087337318,0.0,2.280232607645997,1
0.787598712547306,-1.4495045676037308,0.0,4.685446110916854,1
0.787598712547306,-1.159404528414128,0.0,3.790104103740829,1
-1.1458991813774235,0.17059185188004095,0.0,2.936650125987693,1
-1.5485003349869826,1.4481512087337318,0.0,2.642173740022634,1
0.639580171692575,1.0195515707166167,0.0,2.5635100613133837,0
-1.5485003349869826,-0.9205331774008391,0.0,4.647416654736571,1
1.378166435913162,0.308632288271951,0.0,2.981664850710361,0
0.639580171692575,0.9741350355957514,0.0,2.5824367228738803,0
1.378166435913162,0.9741350355957514,0.0,2.5298147410766583,0
-1.5485003349869826,-1.1634084993085074,0.0,4.949500312992646,1
-1.0365358038448755,1.0076156727753416,0.0,1.9709890736813889,1
0.639580171692575,1.4481512087337318,0.0,2.077934660530606,0
-1.1495623980963838,1.4481512087337318,0.0,2.6386728219856446,1
-1.0462089020296135,1.4480563147787553,0.0,2.026526395704619,0
-1.1214248141389416,-1.4495045676037308,0.0,5.994964446020532,1
1.378166435913162,-1.4495045676037308,0.0,4.159957303174898,1
-1.1458991813774235,0.955526228545644,0.0,2.2817036254632472,1
0.710370033396719,0.05852855283088384,0.0,8.731646669965198,1
-1.1495623980963838,-1.4495045676037308,0.0,6.441933103117087,1
0.2910106228792789,1.4478165439220947,0.0,2.6887135862761955,0
0.787598712547306,1.4481512087337318,0.0,2.3386004478901343,1
1.378166435913162,0.9741350355957514,0.0,8.348056154040258,1
0.7167608454825536,1.4481512087337318,0.0,1.8542466612126862,0
1.378166435913162,1.0195515707166167,0.0,8.104078904136772,1
-1.5485003349869826,0.9741350355957514,0.0,2.1260101185174918,1
0.710370033396719,-1.1634084993085074,0.0,2.7597379647248568,0
-1.0365358038448755,1.0076156727753416,0.0,2.6442260260252284,1
0.710370033396719,1.4481512087337318,0.0,9.110202011207338,1
-1.5485003349869826,-1.159404528414128,0.0,4.813272546169128,1
1.378166435913162,-1.4495045676037308,0.0,6.613780813000415,1
0.787598712547306,1.4481512087337318,0.0,3.173640555956921,0
-1.0245251369844965,-1.4475948051420449,0.0,5.874160633329663,1
1.378166435913162,-1.1072540633563843,0.0,8.58835561327496,1
1.378166435913162,-0.830317480198643,0.0,2.377117935991108,0
0.787598712547306,1.4481512087337318,0.0,2.407030308097844,0
-1.5485003349869826,1.4481512087337318,0.0,2.1085837373016236,1
-1.1458991813774235,1.4481512087337318,0.0,2.6654746226061077,0
-1.1458991813774235,-1.4495045676037308,0.0,5.149029067750455,1
1.378166435913162,1.0195515707166167,0.0,8.219041161179282,1
0.787598712547306,0.6077243432615433,0.0,8.434695130595049,1
1.378166435913162,0.9741350355957514,0.0,8.589233844363894,1
-1.1458991813774235,-1.4495045676037308,0.0,6.2156701656463,1
-1.1214248141389416,1.0195515707166167,0.0,2.2901806011637267,1
-1.0858721948025927,0.6198651387601088,0.0,2.4085808637695325,1
-0.7811713104352626,-1.4417680674827236,0.0,5.8792194273108445,1
1.378166435913162,1.4481512087337318,0.0,1.9908997247738522,0
-1.0858721948025927,-0.9880355100044224,0.0,4.013693238205548,1
0.710370033396719,-1.4495045676037308,0.0,5.808671977678694,1
-1.1214248141389416,-0.9880355100044224,0.0,3.890895118794404,1
-1.5485003349869826,-1.4495045676037308,0.0,4.8442049745916025,1
1.378166435913162,-0.9851730539265872,0.0,8.064644039661815,1
1.378166435913162,0.9741350355957514,0.0,2.2707143668392367,0
0.710370033396719,-1.1634084993085074,0.0,6.394240201710299,1
0.639580171692575,1.4481512087337318,0.0,2.4730347559494947,0
1.378166435913162,0.9741350355957514,0.0,8.206131522045501,1
0.787598712547306,-1.1634084993085074,0.0,8.523620873592353,1
-1.1214248141389416,-1.4495045676037308,0.0,4.856171363134507,1
0.7167608454825536,-0.9936650520340982,0.0,4.860260785959127,1
-1.5485003349869826,-0.01947265151246639,0.0,2.5162577204705663,1
1.378166435913162,0.5724624714600394,0.0,8.197438345737933,1
-1.5485003349869826,1.4481512087337318,0.0,2.130718398317618,1
-1.1495623980963838,-1.4495045676037308,0.0,6.208019559829467,1
0.710370033396719,0.529895899215817,0.0,2.100950084728546,0
-1.5485003349869826,-1.1634084993085074,0.0,2.489878980074436,1
1.378166435913162,-1.4495045676037308,0.0,5.525925190157922,1
-1.1495623980963838,-0.8150777390701343,0.0,5.765405877169662,1
-1.0858721948025927,-1.4495045676037308,0.0,4.343948374591046,1
0.639580171692575,0.9741350355957514,0.0,2.2829008314276478,0
-1.1214248141389416,1.0195515707166167,0.0,2.1170728245556356,1
-1.5485003349869826,-0.9884953765624958,0.0,4.891657154914328,1
-0.9201040441601099,1.447960843819446,0.0,2.0587360644205663,1
-1.1214248141389416,-1.159404528414128,0.0,2.6375289587730584,1
0.710370033396719,1.0195515707166167,0.0,2.0417856745122087,0
-1.0245251369844965,-1.4475948051420449,0.0,6.007596745680438,1
0.787598712547306,-0.25229016002542776,0.0,8.99121650749994,1
-1.5485003349869826,-1.1634084993085074,0.0,4.602570072635039,1
0.639580171692575,1.4481512087337318,0.0,2.487525793516017,1
0.710370033396719,-0.9936650520340982,0.0,5.958018839730817,1
-1.5485003349869826,0.955526228545644,0.0,2.7735820335836907,1
0.710370033396719,-1.4495045676037308,0.0,3.8578869258378967,1
-1.5485003349869826,0.955526228545644,0.0,2.766259725639204,1
-1.5485003349869826,-1.4495045676037308,0.0,5.978797303199862,1
-1.1214248141389416,-1.1634084993085074,0.0,4.677912617757199,1
-1.5485003349869826,-1.4495045676037308,0.0,4.554277244657882,1
-1.1495623980963838,-1.4495045676037308,0.0,3.8876932934650124,1
-0.30093356649082337,0.0,0.0,5.0,1
-1.1214248141389416,-0.8392790577119408,0.0,3.8467879366684534,1
1.378166435913162,-0.6098714863496993,0.0,3.0070870797025795,0
1.378166435913162,0.955526228545644,0.0,2.2438227899458245,0
-0.4294588051320075,0.0,0.0,5.0,1
0.787598712547306,-0.9851730539265872,0.0,2.6511542231359657,0
1.378166435913162,0.8064660309596711,0.0,2.4119905579498653,0
-1.5485003349869826,-0.9851730539265872,0.0,4.8965796097007965,1
0.639580171692575,1.4481512087337318,0.0,2.0588588924357687,1
1.378166435913162,-1.4495045676037308,0.0,6.26007177941537,1
0.787598712547306,-0.9205331774008391,0.0,8.055301204229991,1
-1.1458991813774235,-1.4495045676037308,0.0,5.121267806975126,1
0.44974821666265885,1.0264931837214997,0.0,2.0893586621017306,0
-1.5485003349869826,1.4481512087337318,0.0,1.9668804255835852,1
-1.0245251369844965,-1.103540188433729,0.0,2.4267724092881418,1
-1.0609486432407544,-1.4475948051420449,0.0,4.092853921767366,1
-1.1214248141389416,1.0050318545785826,0.0,2.3467538582181535,1
-1.0858721948025927,0.415331695303889,0.0,2.4067159548398314,0
-1.5485003349869826,-0.970469946109182,0.0,5.233644219448484,1
0.7167608454825536,1.0195515707166167,0.0,3.3578160589426798,0
1.378166435913162,1.0050318545785826,0.0,9.021476383869288,1
-0.9448395840746106,-0.8920014066594055,0.0,2.103786930685103,0
0.787598712547306,0.415331695303889,0.0,8.486681536883488,1
1.378166435913162,1.4481512087337318,0.0,8.923921829965249,1
-0.9677212744122297,-0.27702583771565126,0.0,3.178961770710142,0
1.378166435913162,-0.2518180588861195,0.0,2.247226227011935,0
0.4717016244952289,-1.1559598128387922,0.0,4.626364677707244,1
-0.1417443280474147,0.0,0.0,5.0,0
-1.1495623980963838,-1.4495045676037308,0.0,6.17583490585658,1
1.378166435913162,-1.4495045676037308,0.0,5.578061955224879,1
1.378166435913162,0.9741350355957514,0.0,2.376229726240379,0
-1.1458991813774235,0.529895899215817,0.0,2.1913169284915823,1
-1.5485003349869826,0.955526228545644,0.0,1.7775028455041846,1
-1.0858721948025927,0.955526228545644,0.0,1.9553669558515634,1
-1.1495623980963838,1.4481512087337318,0.0,2.621365875257427,1
-0.45096915634110124,0.0,0.0,5.0,0
0.4949802524694769,0.4054274890351226,0.0,8.658104434685958,1
0.6849473754636609,-0.9001697128548377,0.0,5.024510502839782,1
-1.5485003349869826,-1.4495045676037308,0.0,6.454023870266127,1
-1.5485003349869826,-1.4495045676037308,0.0,5.750728840049863,1
1.378166435913162,1.4481512087337318,0.0,2.241200058675045,0
1.378166435913162,-1.4495045676037308,0.0,8.433706816055398,1
-1.0858721948025927,1.4481512087337318,0.0,2.169895294956379,1
1.378166435913162,-1.0993323273573337,0.0,8.030506433647844,1
0.7167608454825536,0.2230149614968656,0.0,8.353047373897606,1
0.6592797762866381,0.814766954469085,0.0,8.223216746843919,1
-1.1214248141389416,-0.9054217075594011,0.0,2.837905980519978,0
1.378166435913162,-1.1634084993085074,0.0,8.49433265691438,1
-1.1214248141389416,1.0195515707166167,0.0,2.0452840746782965,1
-1.0858721948025927,-1.4495045676037308,0.0,5.385930001923164,1
0.4717016244952289,-1.4475948051420449,0.0,4.762236733403215,1
-1.1495623980963838,0.9741350355957514,0.0,2.2374397947330937,1
1.378166435913162,1.4481512087337318,0.0,2.542690646306596,0
-1.5485003349869826,-1.4495045676037308,0.0,4.43810054754924,1
-1.5485003349869826,-0.375940145540441,0.0,2.1610977404294833,0
-1.5485003349869826,0.37256023181666814,0.0,2.36172124170739,1
-1.1458991813774235,1.4481512087337318,0.0,2.098079377068834,0
-1.1495623980963838,0.1809117814648726,0.0,2.604172873931866,1
1.378166435913162,1.4481512087337318,0.0,2.2525709221189127,0
1.378166435913162,-0.9205331774008391,0.0,8.127909071343073,1
-1.5485003349869826,0.9741350355957514,0.0,1.9055316699000635,1
-1.5485003349869826,0.955526228545644,0.0,2.297676826432473,1
1.378166435913162,0.5724624714600394,0.0,2.351025209036034,0
-1.1214248141389416,0.955526228545644,0.0,2.1871352705698595,1
-0.9578725141904859,1.0251255539625228,0.0,2.3761128650708034,1
1.378166435913162,1.4481512087337318,0.0,2.15312813635948,0
1.378166435913162,-0.9069748149647733,0.0,8.843000777872259,1
1.378166435913162,1.4481512087337318,0.0,2.0827590555585003,0
0.49333107363031126,-0.8897833994414489,0.0,3.044986165309171,0
0.639580171692575,1.0050318545785826,0.0,9.180324850518625,1
1.378166435913162,-1.4495045676037308,0.0,6.758745907000053,1
-1.5485003349869826,-1.0993323273573337,0.0,4.796254796036086,1
-1.5485003349869826,-1.4495045676037308,0.0,5.654636955357724,1
-1.0462089020296135,-1.1559598128387922,0.0,6.087836790205616,1
-1.1495623980963838,1.0050318545785826,0.0,1.8842655599573859,1
-1.1495623980963838,0.43386891187933424,0.0,2.1644515281472887,1
-1.1458991813774235,-0.8383489019766284,0.0,2.9049712767710023,1
0.787598712547306,0.42173437799289054,0.0,2.379865468015576,0
-1.0858721948025927,-0.9884953765624958,0.0,5.026933672103262,1
-1.1214248141389416,0.955526228545644,0.0,2.1453989812082357,0
-1.5485003349869826,-0.9880355100044224,0.0,2.4284466857799507,1
-1.1495623980963838,-1.4495045676037308,0.0,5.134672097146676,1
1.378166435913162,-1.1634084993085074,0.0,6.39746524675341,1
1.378166435913162,1.0195515707166167,0.0,2.6162276352307545,0
-1.0858721948025927,0.955526228545644,0.0,2.2966840732762304,1
-0.9448395840746106,-1.0868793630030773,0.0,4.278891063991088,1
0.7167608454825536,-0.6159927691185957,0.0,2.6848618216746987,0
-1.5485003349869826,-1.4495045676037308,0.0,4.48140490436412,1
-1.5485003349869826,-0.9851730539265872,0.0,4.462096095822663,1
0.710370033396719,0.5724624714600394,0.0,2.469261568205398,0
1.378166435913162,-0.00030178482155979994,0.0,9.073711417832355,1
-1.5485003349869826,-0.3843722299780383,0.0,2.354832891278586,1
1.378166435913162,-1.4495045676037308,0.0,8.308495506605835,1
-1.5485003349869826,-1.4495045676037308,0.0,5.907476164988038,1
0.7167608454825536,-1.4495045676037308,0.0,6.408327807842152,1
-1.0609486432407544,-1.1559598128387922,0.0,5.687432395879687,1
-1.1214248141389416,-1.4495045676037308,0.0,6.529148253493673,1
-1.1495623980963838,1.4481512087337318,0.0,2.499705470035159,1
0.7167608454825536,0.955526228545644,0.0,1.875828963490611,0
1.378166435913162,1.4481512087337318,0.0,8.242067476682415,1
-1.5485003349869826,-1.4495045676037308,0.0,4.799899303014415,1
0.7167608454825536,-1.4495045676037308,0.0,4.979248120111244,1
0.7167608454825536,-1.4495045676037308,0.0,5.84506373922639,1
1.378166435913162,0.3033022382844852,0.0,2.408630885893452,0
-1.5485003349869826,-1.0993323273573337,0.0,3.9116312425591593,1
0.787598712547306,1.4481512087337318,0.0,2.1436530106856297,0
-1.5485003349869826,1.4481512087337318,0.0,2.866343089056924,1
-1.0245251369844965,1.0223594674531358,0.0,2.3916833424611834,1
-1.5485003349869826,-1.4495045676037308,0.0,6.228710102542374,1
-1.5485003349869826,1.4481512087337318,0.0,2.619769435687166,1
-1.1214248141389416,0.5724624714600394,0.0,8.562041538786042,1
-1.5485003349869826,-0.9399386966979418,0.0,3.9904896231052005,1
-1.0609486432407544,0.35528630660048,0.0,2.776787500342204,0
0.710370033396719,0.5724624714600394,0.0,2.1792556719885345,0
-1.1495623980963838,-1.4495045676037308,0.0,4.985860602745367,1
0.6650892123420602,-1.446633885787977,0.0,4.652343296138101,1
0.639580171692575,0.9741350355957514,0.0,8.15691744521917,1
-1.5485003349869826,1.4481512087337318,0.0,2.445100363807227,1
-1.5485003349869826,0.9741350355957514,0.0,2.2027996636823053,1
-1.1495623980963838,1.4481512087337318,0.0,2.3380639265427923,1
1.378166435913162,0.955526228545644,0.0,2.015598419421213,0
-0.3257684423988635,0.0,0.0,5.0,1
-1.1458991813774235,-1.4495045676037308,0.0,5.377010568507323,1
-1.5485003349869826,1.4481512087337318,0.0,2.418040782199297,1
-0.9990116365219599,-1.4475948051420449,0.0,6.031748881677691,1
0.7167608454825536,-1.1072540633563843,0.0,8.338824483035697,1
-1.1495623980963838,1.4481512087337318,0.0,2.1416695416222695,1
-1.0858721948025927,1.4481512087337318,0.0,2.5414432134912186,1
1.378166435913162,-0.35635650603597857,0.0,2.670110806653528,0
-1.1495623980963838,-0.9054217075594011,0.0,5.263282937789829,1
-1.5485003349869826,1.0050318545785826,0.0,2.3903982933623853,1
0.710370033396719,0.529895899215817,0.0,2.5675627675903945,0
1.378166435913162,1.4481512087337318,0.0,2.8186900313623977,0
-0.8490586159900211,-1.4437267228516664,0.0,3.9338645710168167,1
-1.5485003349869826,-1.4495045676037308,0.0,5.647029416745095,1
-1.0858721948025927,-1.4495045676037308,0.0,6.479127062424148,1
-1.5485003349869826,0.5840189780278678,0.0,2.9291252870074698,1
-1.5485003349869826,-1.1634084993085074,0.0,5.135918963325288,1
1.378166435913162,0.7575476520511129,0.0,2.520316232847065,0
1.378166435913162,1.4481512087337318,0.0,2.519381158930447,0
-1.0858721948025927,0.7575476520511129,0.0,2.5432387364979805,1
-1.0365358038448755,1.0076156727753416,0.0,8.314763402383623,1
0.787598712547306,1.4481512087337318,0.0,2.0985073238000407,0
0.787598712547306,-1.4495045676037308,0.0,4.8977740258235265,1
0.6448273970616095,0.9602430705187611,0.0,2.2475584207175037,0
-1.1495623980963838,1.4481512087337318,0.0,2.4074415893949266,1
1.378166435913162,0.28881544879414284,0.0,8.563039146720557,1
1.378166435913162,0.955526228545644,0.0,2.6893587561791223,0
-1.1214248141389416,1.0050318545785826,0.0,2.5066839586095613,1
1.378166435913162,-1.0993323273573337,0.0,4.512227835705491,1
0.639580171692575,0.955526228545644,0.0,2.3968065704966257,0
1.378166435913162,0.955526228545644,0.0,8.47919085580591,1
0.639580171692575,-0.9108287659375035,0.0,2.1448892450869397,0
-1.5485003349869826,-1.0993323273573337,0.0,4.418973089262294,1
-0.6256843168671394,0.1315467240600456,0.0,8.451858742539887,1
-1.5485003349869826,-1.0993323273573337,0.0,2.940504904891507,1
-1.5485003349869826,0.5724624714600394,0.0,2.3324063069189025,1
-1.5485003349869826,-1.4495045676037308,0.0,4.755906236542117,1
1.378166435913162,-1.4495045676037308,0.0,5.677190083059912,1
0.710370033396719,-1.4495045676037308,0.0,5.101783958798006,1
-1.1495623980963838,0.9741350355957514,0.0,2.4206140428829626,1
1.378166435913162,-1.4495045676037308,0.0,6.137627761899029,1
-1.1214248141389416,-1.4495045676037308,0.0,2.4886190770235226,1
0.710370033396719,1.0195515707166167,0.0,2.006018283011487,0
0.639580171692575,0.9741350355957514,0.0,2.872865510690621,0
-0.9261768448151485,1.0126804418583242,0.0,2.6282426856516095,1
-0.9515808992827639,1.447960843819446,0.0,1.901216414080142,1
-1.5485003349869826,-1.4495045676037308,0.0,3.88510284511121,1
-0.9990116365219599,0.9775140375569451,0.0,2.4771934096884327,1
0.787598712547306,0.955526228545644,0.0,2.159208721358272,0
0.4388264724766153,1.0264931837214997,0.0,2.441715013411054,0
-1.5485003349869826,-0.9066595545561648,0.0,4.556061136527397,1
1.378166435913162,0.42173437799289054,0.0,8.285067213612306,1
1.378166435913162,0.955526228545644,0.0,1.94873335791033,0
-1.5485003349869826,-1.4495045676037308,0.0,4.371337883803566,1
0.639580171692575,-1.1072540633563843,0.0,6.156817386942341,1
0.639580171692575,0.9741350355957514,0.0,2.0833025090447066,0
-1.0858721948025927,0.8232191038966041,0.0,2.1079136727714256,0
0.710370033396719,0.9741350355957514,0.0,2.1534530648202876,0
1.378166435913162,-1.4495045676037308,0.0,4.012726577983939,1
1.378166435913162,0.9741350355957514,0.0,2.00379224587227,0
-1.1458991813774235,0.529895899215817,0.0,2.042210145953703,1
-1.0609486432407544,0.9586831535244584,0.0,8.171362244676825,1
1.378166435913162,0.9741350355957514,0.0,7.887928844995223,1
0.6592797762866381,0.5040194994130748,0.0,8.45417680969757,1
-1.1495623980963838,0.955526228545644,0.0,2.3378730128150456,1
-1.5485003349869826,1.4481512087337318,0.0,2.0000998168340436,1
-1.0858721948025927,-0.36528917683220663,0.0,2.705307491584527,1
0.4717016244952289,-1.103540188433729,0.0,8.131746068471411,1
-1.5485003349869826,1.4481512087337318,0.0,2.5592568626292334,1
-1.5485003349869826,-1.4495045676037308,0.0,4.999888185326963,1
1.378166435913162,0.43386891187933424,0.0,2.154825386108737,0
-1.1214248141389416,-1.4495045676037308,0.0,4.917070747864755,1
0.31255478961637806,-1.4427494637557696,0.0,4.742370482544421,1
-1.0858721948025927,-1.1634084993085074,0.0,6.068547057997707,1
-1.1214248141389416,-1.4495045676037308,0.0,4.610194808527888,1
-1.5485003349869826,1.0195515707166167,0.0,2.3494554056690506,1
-1.0858721948025927,-1.4495045676037308,0.0,3.6928784172253524,1
-1.1214248141389416,0.955526228545644,0.0,2.4395138958330667,1
-1.5485003349869826,-0.8660696406217036,0.0,3.864869585726401,1
-1.5485003349869826,-1.4495045676037308,0.0,6.124455887218614,1
-0.871805952885336,0.0873239087834022,0.0,2.41322723999077,1
0.710370033396719,1.4481512087337318,0.0,2.6030017585930634,0
-1.0245251369844965,-1.4475948051420449,0.0,3.8754678642590545,1
1.378166435913162,1.0050318545785826,0.0,8.424299643237521,1
-1.1458991813774235,1.0195515707166167,0.0,2.196350355224432,1
-0.9741862948889325,1.0101649957432535,0.0,2.778944402861324,1
1.378166435913162,1.0195515707166167,0.0,2.668671355474018,0
0.787598712547306,0.529895899215817,0.0,2.240736910660685,0
-1.5485003349869826,-1.1072540633563843,0.0,5.270210149587778,1
-1.5485003349869826,-1.4495045676037308,0.0,5.411829696644124,1
1.378166435913162,0.9741350355957514,0.0,1.871318531444329,0
1.378166435913162,0.42173437799289054,0.0,2.644600046258728,0
-1.5485003349869826,-1.159404528414128,0.0,4.515016770481983,1
-1.5485003349869826,-0.8392790577119408,0.0,4.2985162734902,1
-0.9629833838429949,0.6956544571022983,0.0,2.351248830925054,1
-1.1458991813774235,-0.3403217875646414,0.0,2.6703289046434437,1
0.710370033396719,1.4481512087337318,0.0,2.4673608576460904,0
1.378166435913162,-1.4495045676037308,0.0,6.389730861040025,1
-1.5485003349869826,1.4481512087337318,0.0,2.187800053157698,1
-1.5485003349869826,-1.159404528414128,0.0,5.041445255511562,1
-1.0609486432407544,-1.1559598128387922,0.0,4.598126560705301,1
-1.0858721948025927,0.955526228545644,0.0,2.0516900009286254,1
-1.1214248141389416,1.4481512087337318,0.0,1.8956923782652133,0
-1.1495623980963838,-1.4495045676037308,0.0,5.609746278635647,1
-1.5485003349869826,-1.4495045676037308,0.0,3.993032015641632,1
0.710370033396719,0.9741350355957514,0.0,2.0652859739262777,0
-1.1214248141389416,1.0050318545785826,0.0,2.5136117601841423,1
-1.1458991813774235,0.9741350355957514,0.0,2.287934927968858,1
-1.0858721948025927,-1.4495045676037308,0.0,5.93046311060815,1
-0.7618187676912253,0.967862481247658,0.0,2.291955894779534,1
-1.0858721948025927,0.529895899215817,0.0,2.17581646961255,1
0.710370033396719,1.0195515707166167,0.0,2.289699851487558,0
-1.1495623980963838,-1.1072540633563843,0.0,5.280468361082786,1
0.639580171692575,0.6829522445306385,0.0,2.6986683115622787,0
1.378166435913162,0.955526228545644,0.0,2.255153922409359,0
0.710370033396719,-0.9880355100044224,0.0,8.704861530637759,1
0.639580171692575,-0.9851730539265872,0.0,4.562436852944539,1
1.378166435913162,0.8064660309596711,0.0,2.389874566805996,0
-1.5485003349869826,-1.0993323273573337,0.0,4.984539693182848,1
-1.0609486432407544,-1.035304991352823,0.0,4.611320457978824,1
-1.1458991813774235,-1.1634084993085074,0.0,6.038997101703076,1
-1.5485003349869826,-1.4495045676037308,0.0,6.274570140997708,1
0.787598712547306,1.4481512087337318,0.0,2.374883433264531,0
-1.5485003349869826,1.4481512087337318,0.0,2.3695456000833657,1
-1.5485003349869826,0.955526228545644,0.0,1.972697730249432,1
0.6448273970616095,0.9602430705187611,0.0,7.872258158318486,1
-1.1495623980963838,1.4481512087337318,0.0,2.2023672778829284,1
1.378166435913162,-1.4495045676037308,0.0,5.994089298067165,1
0.710370033396719,1.4481512087337318,0.0,2.2916924021004665,0
-1.0858721948025927,-1.0993323273573337,0.0,4.235478534274614,1
-1.0365358038448755,-1.4475948051420449,0.0,5.990983862116949,1
-1.1495623980963838,-0.9936650520340982,0.0,4.828568018424357,1
1.378166435913162,1.4481512087337318,0.0,2.5717458309457983,0
0.787598712547306,1.0050318545785826,0.0,2.0612380427636485,0
-1.5485003349869826,-1.4495045676037308,0.0,2.3027336144184902,1
1.378166435913162,-1.0993323273573337,0.0,4.814455428213257,1
-1.5485003349869826,0.955526228545644,0.0,2.4988611738970956,1
1.378166435913162,1.4481512087337318,0.0,2.711990911691883,0
-1.1458991813774235,-1.0993323273573337,0.0,5.626593871935704,1
-1.1214248141389416,1.0195515707166167,0.0,2.542665822796252,1
-1.5485003349869826,-1.4495045676037308,0.0,5.551883498468857,1
-1.1214248141389416,1.0195515707166167,0.0,2.1902171655075553,1
-1.5485003349869826,1.4481512087337318,0.0,2.5389625508119282,1
-0.8505838850374251,-1.445668912944812,0.0,6.941292748928433,1
-1.5485003349869826,-1.0392061866553604,0.0,5.1369709971748705,1
0.7167608454825536,-1.4495045676037308,0.0,5.271229489887128,1
0.710370033396719,-0.8751006038980317,0.0,2.8492210654097287,0
1.378166435913162,1.0195515707166167,0.0,2.1522984944580097,0
-1.5485003349869826,1.4481512087337318,0.0,2.2802911425166372,1
1.378166435913162,1.0050318545785826,0.0,2.3258656466419936,0
0.7167608454825536,-1.4495045676037308,0.0,3.027293043539572,0
-1.5485003349869826,-1.4495045676037308,0.0,5.227052643367594,1
-1.5485003349869826,-0.9069748149647733,0.0,4.577603166984658,1
1.378166435913162,0.2013786653170141,0.0,2.8988987023890123,0
-1.5485003349869826,0.955526228545644,0.0,2.7548672393797387,1
-1.1214248141389416,-1.4495045676037308,0.0,5.754087942175315,1
0.710370033396719,0.44216136193174915,0.0,2.254524256968383,0
0.7167608454825536,-1.4495045676037308,0.0,4.627555051947674,1
-0.11997503855240849,0.0,0.0,5.0,0
-1.5485003349869826,-1.4495045676037308,0.0,5.450192445019974,1
-1.0858721948025927,0.955526228545644,0.0,2.372248043410825,1
-1.1214248141389416,-1.4495045676037308,0.0,5.723090704445612,1
0.787598712547306,1.4481512087337318,0.0,2.206715203630633,0
0.4316848229639746,1.0264931837214997,0.0,2.8225332440648554,1
-1.5485003349869826,-1.1072540633563843,0.0,6.163312485684702,1
1.378166435913162,1.0050318545785826,0.0,8.801517387798631,1
-1.1458991813774235,1.4481512087337318,0.0,2.5731655985589934,1
0.710370033396719,1.4481512087337318,0.0,2.8142195265717183,0
-1.1214248141389416,0.955526228545644,0.0,2.7597559793004933,1
-1.0609486432407544,0.4420079618187765,0.0,2.272766843524543,1
-1.1214248141389416,-1.4495045676037308,0.0,6.329430292521724,1
-1.0462089020296135,-1.4475948051420449,0.0,7.1742678498931935,1
-1.5485003349869826,-1.4495045676037308,0.0,6.218003323241726,1
-1.1214248141389416,-1.4495045676037308,0.0,4.544114483397217,1
1.378166435913162,-0.9471469153344222,0.0,8.300546199843506,1
0.639580171692575,-0.00861587221944782,0.0,2.876339332222236,1
-1.0462089020296135,1.0223594674531358,0.0,2.6312838654124393,1
0.7167608454825536,1.0050318545785826,0.0,8.366540443217806,1
1.378166435913162,1.0195515707166167,0.0,8.666243147777195,1
-1.1458991813774235,0.35726796640891245,0.0,2.777333996116551,0
0.6849473754636609,0.5544075631527774,0.0,2.0629989206910837,0
-1.5485003349869826,1.4481512087337318,0.0,1.9641568378585958,1
-1.5485003349869826,-1.0993323273573337,0.0,4.871197818796803,1
0.710370033396719,0.44216136193174915,0.0,3.156266906017984,0
-1.1214248141389416,0.5724624714600394,0.0,2.570821399032794,0
-1.1214248141389416,-1.1072540633563843,0.0,2.6192902145015724,1
-1.5485003349869826,-0.9069748149647733,0.0,2.520145462785552,1
-1.1214248141389416,-1.4495045676037308,0.0,4.692435166732286,1
-1.5485003349869826,0.6829522445306385,0.0,2.8505582507610523,1
-1.0858721948025927,-1.1634084993085074,0.0,6.132541243277315,1
-1.1458991813774235,0.9741350355957514,0.0,2.469087847597908,1
-1.5485003349869826,-1.1072540633563843,0.0,4.434296599242485,1
0.787598712547306,1.0050318545785826,0.0,2.5376108908669934,0
-1.1495623980963838,1.4481512087337318,0.0,2.1576766137437886,1
0.7167608454825536,0.9741350355957514,0.0,2.087372311387422,0
-1.1214248141389416,1.4481512087337318,0.0,2.3522341815592203,1
0.710370033396719,0.5724624714600394,0.0,7.720506235377596,1
0.4949802524694769,-1.4475948051420449,0.0,4.7322804916281935,1
-1.1495623980963838,-1.1072540633563843,0.0,5.810356562776913,1
0.710370033396719,-0.3547765223221563,0.0,8.274627183085272,1
1.378166435913162,1.4481512087337318,0.0,8.499669633827562,1
1.378166435913162,1.4481512087337318,0.0,2.270534876875109,0
1.378166435913162,-1.159404528414128,0.0,5.9415043780717,1
0.787598712547306,0.5797134191783557,0.0,2.4484823800853914,0
-1.1495623980963838,-1.1072540633563843,0.0,4.914864618237298,1
-0.8653270070509409,-1.4378006956626737,0.0,5.8941690577439445,1
0.6448273970616095,0.9602430705187611,0.0,2.41119699715371,0
1.378166435913162,1.4481512087337318,0.0,2.06287063780205,0
0.787598712547306,1.4481512087337318,0.0,2.7490019786791877,1
-1.1458991813774235,1.4481512087337318,0.0,2.5848656027037262,1
1.378166435913162,-1.4495045676037308,0.0,5.027201399042331,1
-0.9448395840746106,-1.445668912944812,0.0,5.9744389257130175,1
0.787598712547306,-1.4495045676037308,0.0,4.003941576299183,1
-0.9990116365219599,-1.103540188433729,0.0,2.558534382973206,1
-1.5485003349869826,-1.4495045676037308,0.0,5.854968604224701,1
-1.5485003349869826,1.0050318545785826,0.0,2.6086511282996154,1
-0.914690193349336,1.0151626140383598,0.0,8.524173208891392,1
-1.5485003349869826,-1.1072540633563843,0.0,2.380585691007584,1
0.7167608454825536,0.28752095582185305,0.0,2.6180066476989583,0
-1.1458991813774235,-1.1634084993085074,0.0,4.9995206403816095,1
0.6592797762866381,-1.0939546378979703,0.0,6.005849383547034,1
-0.9448395840746106,1.447960843819446,0.0,2.1233626324900183,0
0.4717016244952289,-0.915685553974899,0.0,2.7154356421021206,0
1.378166435913162,0.955526228545644,0.0,8.39679141134232,1
-1.5485003349869826,1.0195515707166167,0.0,3.0365961048549606,1
1.378166435913162,1.4481512087337318,0.0,2.3684747080102366,0
-1.0858721948025927,1.4481512087337318,0.0,2.5509726638730834,1
0.787598712547306,-1.4495045676037308,0.0,4.905690111005996,1
1.378166435913162,0.3646307552122818,0.0,2.637759294075341,0
-1.0462089020296135,-1.4475948051420449,0.0,4.656255623901504,1
1.378166435913162,-0.9069748149647733,0.0,8.361536135156893,1
1.378166435913162,0.955526228545644,0.0,8.602917496720151,1
1.378166435913162,0.955526228545644,0.0,2.32496116620488,0
-1.5485003349869826,-1.4495045676037308,0.0,5.636112508763003,1
-1.0462089020296135,-1.035304991352823,0.0,5.368252446416837,1
-1.5485003349869826,-1.0993323273573337,0.0,4.08722944067444,1
-1.0462089020296135,-1.4475948051420449,0.0,5.529243162945168,1
-1.5485003349869826,-1.1072540633563843,0.0,4.046624289638049,1
-0.4278531611630487,0.0,0.0,5.0,1
1.378166435913162,-1.4495045676037308,0.0,4.576853450818776,1
-1.5485003349869826,-1.4495045676037308,0.0,5.596981294695656,1
-1.1214248141389416,-1.1072540633563843,0.0,5.196238218374051,1
0.787598712547306,-1.4495045676037308,0.0,4.854385944910701,1
-0.9677212744122297,0.02131817235973717,0.0,2.442257741540664,1
1.378166435913162,1.0195515707166167,0.0,2.059373924052341,0
1.378166435913162,0.3050403182454916,0.0,8.936580203019009,1
-1.1458991813774235,0.529895899215817,0.0,2.271641606395952,1
-1.1495623980963838,-1.4495045676037308,0.0,5.724812702058124,1
0.787598712547306,0.529895899215817,0.0,8.17054177157512,1
0.710370033396719,0.34742399347928465,0.0,8.868800852319232,1
1.378166435913162,0.7575476520511129,0.0,8.277550374375975,1
-1.5485003349869826,-1.0993323273573337,0.0,4.705790873072905,1
-1.5485003349869826,-1.4495045676037308,0.0,4.270512777658894,1
-1.1214248141389416,-1.1072540633563843,0.0,7.179025859562576,1
0.639580171692575,-1.159404528414128,0.0,3.9578762842517747,1
0.476557318369301,-0.6154845777089962,0.0,3.4066759716128003,0
-1.1495623980963838,1.4481512087337318,0.0,2.5459581496695938,1
0.710370033396719,1.4481512087337318,0.0,1.8171485517378665,0
-1.5485003349869826,-1.4495045676037308,0.0,5.849101071846661,1
0.7167608454825536,1.0195515707166167,0.0,2.654963723483879,0
1.378166435913162,1.4481512087337318,0.0,1.9697204943033324,0
-1.0858721948025927,1.4481512087337318,0.0,2.5602172104372727,1
1.378166435913162,0.955526228545644,0.0,8.485506532198743,1
-1.1495623980963838,-1.1072540633563843,0.0,6.613876858277491,1
1.378166435913162,-1.4495045676037308,0.0,3.5649365573969454,1
1.378166435913162,0.9741350355957514,0.0,2.209008172363313,0
-1.1495623980963838,-0.8168295917714498,0.0,5.277720351884502,1
1.378166435913162,1.0195515707166167,0.0,2.3798995387667503,0
-1.1458991813774235,-1.4495045676037308,0.0,5.408192086838195,1
1.378166435913162,-1.159404528414128,0.0,8.623835263974854,1
-0.015032600700098481,0.0,0.0,5.0,1
-0.9234323381618424,-0.488514749581088,0.0,8.706040947039037,1
1.378166435913162,0.6867253393757818,0.0,2.1293731495174324,0
1.378166435913162,0.8385215690740073,0.0,2.1100796489466602,0
-0.6450320251972849,0.1315467240600456,0.0,8.309906607757588,1
-1.0858721948025927,0.23359095618923312,0.0,2.758989716264689,0
0.7167608454825536,-1.159404528414128,0.0,2.6141862439380334,0
-1.1495623980963838,-0.9054217075594011,0.0,4.659441753913915,1
0.710370033396719,1.4481512087337318,0.0,2.687102819316557,0
-1.5485003349869826,-1.4495045676037308,0.0,5.914131528799138,1
0.710370033396719,-1.4495045676037308,0.0,5.210975825443766,1
1.378166435913162,-1.4495045676037308,0.0,6.345034873412169,1
0.639580171692575,1.4481512087337318,0.0,3.0720447634080212,0
-1.5485003349869826,-0.8509202008428434,0.0,2.8740504180185287,1
0.710370033396719,1.4481512087337318,0.0,8.82695376860701,1
-1.1495623980963838,-1.4495045676037308,0.0,5.828676835737832,1
0.7167608454825536,-1.4495045676037308,0.0,5.808482848654859,1
-1.1495623980963838,0.9741350355957514,0.0,2.32521360385312,1
1.378166435913162,-1.4495045676037308,0.0,6.7282846823063345,1
0.639580171692575,-1.4495045676037308,0.0,4.346836104127684,1
1.378166435913162,-1.1634084993085074,0.0,5.2139640958108,1
-0.9990116365219599,-1.1559598128387922,0.0,4.89806045817762,1
-1.5485003349869826,1.4481512087337318,0.0,2.360032222957806,1
-1.1495623980963838,-1.4495045676037308,0.0,4.270884622732316,1
-1.1458991813774235,-1.4495045676037308,0.0,5.38801326735815,1
-1.1495623980963838,1.4481512087337318,0.0,2.3368736383761815,1
-1.5485003349869826,1.4481512087337318,0.0,2.7379717768256886,1
1.378166435913162,1.4481512087337318,0.0,9.027114706063792,1
-1.0858721948025927,-1.1072540633563843,0.0,4.980318447612628,1
-1.5485003349869826,0.5724624714600394,0.0,2.0788827529837457,1
0.639580171692575,0.9741350355957514,0.0,2.6983946068964446,0
-1.1495623980963838,-1.0993323273573337,0.0,9.013921565078132,1
-1.5485003349869826,-1.4495045676037308,0.0,4.695073640489296,1
-1.1214248141389416,-1.4495045676037308,0.0,5.046652080864697,1
0.787598712547306,0.5724624714600394,0.0,2.471211478138214,0
0.7167608454825536,1.0050318545785826,0.0,8.784220067683474,1
-1.5485003349869826,0.955526228545644,0.0,2.5265435757563663,1
0.19150811995469372,0.0,0.0,5.0,1
1.378166435913162,0.955526228545644,0.0,1.8668793300937083,0
0.710370033396719,0.5812790392691648,0.0,8.62629718663499,1
-1.1214248141389416,-1.4495045676037308,0.0,6.689996154487952,1
-1.5485003349869826,-1.4495045676037308,0.0,6.293368500779519,1
1.378166435913162,-1.4495045676037308,0.0,5.206455476734557,1
0.710370033396719,1.0195515707166167,0.0,7.972196612236081,1
-1.5485003349869826,-1.1072540633563843,0.0,4.473510226804482,1
1.378166435913162,0.529895899215817,0.0,2.0141234434395634,0
-1.5485003349869826,0.5724624714600394,0.0,2.4290768985319278,1
-1.5485003349869826,-1.4495045676037308,0.0,4.883732702621026,1
-1.5485003349869826,1.0195515707166167,0.0,2.385858761166189,1
0.710370033396719,-1.4495045676037308,0.0,3.798444990131164,1
-1.5485003349869826,-1.1072540633563843,0.0,4.21394726092611,1
-0.2987158337074922,0.0,0.0,5.0,0
0.787598712547306,-0.9936650520340982,0.0,5.153694302813302,1
-1.1458991813774235,0.308632288271951,0.0,2.393394398496147,1
0.32163879325296507,-1.4427494637557696,0.0,2.898667546966396,0
1.378166435913162,0.3731327895129038,0.0,8.444141080853756,1
-1.0365358038448755,-1.0957553480603646,0.0,4.214457880679341,1
-1.0462089020296135,1.4480563147787553,0.0,8.439570809576345,1
0.639580171692575,-1.4495045676037308,0.0,5.786228875564703,1
-1.0858721948025927,-1.159404528414128,0.0,4.405139487143993,1
-1.1214248141389416,-1.4495045676037308,0.0,6.261778642630129,1
-0.9677212744122297,0.9775140375569451,0.0,2.8258359643982383,0
1.378166435913162,-0.9884953765624958,0.0,4.170006754628772,1
-1.5485003349869826,0.26770699300371753,0.0,2.617524343383074,1
0.710370033396719,1.0050318545785826,0.0,8.423390426655164,1
-1.5485003349869826,-1.4495045676037308,0.0,6.503099751931463,1
1.378166435913162,0.9741350355957514,0.0,2.0668840836621687,0
-1.0365358038448755,-1.159797729275601,0.0,6.529974612234076,1
0.639580171692575,0.3907705922878432,0.0,2.8023055376509007,0
-1.1495623980963838,-0.9467466923987288,0.0,4.33735510717542,1
-1.0858721948025927,0.9741350355957514,0.0,2.341622572636372,1
0.639580171692575,1.0050318545785826,0.0,8.765035375691657,1
-1.5485003349869826,-1.1072540633563843,0.0,6.960949855369746,1
1.378166435913162,0.8232191038966041,0.0,1.9662324918873002,0
-0.9448395840746106,0.5579748310948552,0.0,7.654813378960303,1
-1.0858721948025927,-1.4495045676037308,0.0,5.716116977732906,1
-1.0858721948025927,-1.4495045676037308,0.0,6.414758063967599,1
-1.5485003349869826,1.4481512087337318,0.0,2.065302500683779,0
-1.5485003349869826,0.9741350355957514,0.0,1.9651190520511397,1
1.378166435913162,-1.4495045676037308,0.0,5.742814483189804,1
-1.0365358038448755,1.4480563147787553,0.0,2.414215509819278,1
1.378166435913162,-0.9114997419148064,0.0,8.140356239113373,1
0.7167608454825536,-1.4495045676037308,0.0,5.699999395495599,1
-1.0462089020296135,1.0223594674531358,0.0,2.5549640804903757,0
-1.5485003349869826,-1.0993323273573337,0.0,5.450916544050696,1
0.787598712547306,0.4551209749426044,0.0,2.542439667265847,0
1.378166435913162,0.19455946690714176,0.0,8.483722723768201,1
-1.1214248141389416,-0.9270283320671143,0.0,3.568066083317118,1
0.6650892123420602,1.0088946071464964,0.0,2.187400743292303,0
-0.8777481118796784,1.0251255539625228,0.0,2.2253764507712916,1
-0.9677212744122297,0.6756702500903482,0.0,2.3963704810293374,0
-1.5485003349869826,0.5812790392691648,0.0,2.3535842583090996,1
-1.5485003349869826,1.0050318545785826,0.0,5.242580243790766,1
-1.1495623980963838,-1.4495045676037308,0.0,3.780402141534931,1
0.4316848229639746,0.4142979498034766,0.0,4.308113953656477,1
-1.0858721948025927,1.4481512087337318,0.0,2.0484101888944375,1
-1.5485003349869826,1.0050318545785826,0.0,3.42733142586396,1
0.4440323797939889,-0.9751814540793371,0.0,4.426987832193385,1
-1.0858721948025927,-1.4495045676037308,0.0,5.081276370546448,1
1.378166435913162,-0.35391668380420405,0.0,8.61145541817478,1
0.44121145096210007,0.5855577899866259,0.0,3.000413119476081,1
-1.5485003349869826,1.0050318545785826,0.0,2.4480062668305695,1
0.46413006142910557,1.0264931837214997,0.0,8.616684897065955,1
-1.5485003349869826,-0.9524917944820775,0.0,4.754690534959868,1
-1.5485003349869826,-1.4495045676037308,0.0,5.317688531147068,1
-0.9741862948889325,-0.32008362619194924,0.0,4.063436467817085,1
1.378166435913162,-1.159404528414128,0.0,5.762145650711456,1
-1.1214248141389416,-1.4495045676037308,0.0,5.817789777517802,1
-1.5485003349869826,1.4481512087337318,0.0,1.9862778806723353,1
-1.0858721948025927,-1.4495045676037308,0.0,4.085019354227052,1
-1.1214248141389416,1.4481512087337318,0.0,2.672783708902351,1
-1.5485003349869826,-1.4495045676037308,0.0,4.5610228942411695,1
-1.1214248141389416,-1.4495045676037308,0.0,5.0867719338678405,1
-1.0858721948025927,1.4481512087337318,0.0,1.9521734877508927,1
1.378166435913162,1.4481512087337318,0.0,9.322833317171687,1
1.378166435913162,-1.4495045676037308,0.0,4.543098739817414,1
0.7167608454825536,1.4481512087337318,0.0,2.026858742426691,0
1.378166435913162,1.4481512087337318,0.0,1.8969089424271228,0
-1.0365358038448755,-1.4475948051420449,0.0,5.651989404791177,1
-1.0858721948025927,-1.4495045676037308,0.0,5.697501841654472,1
-1.5485003349869826,-0.9748261461241087,0.0,3.9255905537354514,1
0.7167608454825536,1.4481512087337318,0.0,2.501723649991285,0
-1.1214248141389416,-1.4495045676037308,0.0,5.388781809580548,1
-0.9990116365219599,-1.4475948051420449,0.0,6.05951152092148,1
-1.5485003349869826,1.0050318545785826,0.0,2.5151997944562043,1
1.378166435913162,0.529895899215817,0.0,2.4045337253447387,0
0.7167608454825536,-1.0993323273573337,0.0,4.489649018073115,1
0.639580171692575,-0.021066246024214457,0.0,2.4755400658578823,0
-1.0858721948025927,-1.159404528414128,0.0,3.9104740284743875,1
-1.1495623980963838,1.4481512087337318,0.0,1.957526357437989,1
0.710370033396719,-1.4495045676037308,0.0,7.1113721806081305,1
-1.0858721948025927,-1.4495045676037308,0.0,5.422102992156143,1
-1.5485003349869826,-1.4495045676037308,0.0,5.579970515590404,1
0.639580171692575,1.0195515707166167,0.0,8.51910383991987,1
1.378166435913162,-0.9880355100044224,0.0,4.2808791292255295,1
1.378166435913162,0.28752095582185305,0.0,2.7213617422815726,0
1.378166435913162,0.9741350355957514,0.0,2.6785227122134,0
-1.1458991813774235,-1.4495045676037308,0.0,5.48452387431258,1
0.710370033396719,0.5724624714600394,0.0,2.071964293963878,0
1.378166435913162,1.0195515707166167,0.0,2.5845622785469597,0
0.639580171692575,0.44216136193174915,0.0,8.754249226898002,1
0.0005869702489113603,0.0,0.0,5.0,1
-1.0365358038448755,0.9586831535244584,0.0,2.0967541711785165,1
-1.5485003349869826,-1.1072540633563843,0.0,6.260416633544608,1
-1.1214248141389416,1.0050318545785826,0.0,2.3222533394481073,1
1.378166435913162,-0.36250025236884326,0.0,2.4710711027609267,0
-1.0858721948025927,-1.4495045676037308,0.0,4.332460836131491,1
0.639580171692575,0.4551209749426044,0.0,2.385143572747581,0
-1.5485003349869826,-0.8383489019766284,0.0,3.9861027429588844,1
-0.8628164292008287,-1.4437267228516664,0.0,5.870524570335536,1
0.787598712547306,-1.1634084993085074,0.0,6.465206855582638,1
-0.9387136791295414,-1.445668912944812,0.0,6.758808070567335,1
-1.5485003349869826,-1.4495045676037308,0.0,4.437807907854678,1
-1.1214248141389416,1.4481512087337318,0.0,2.078264906296835,1
-1.5485003349869826,1.0050318545785826,0.0,2.255285155604997,1
-1.1214248141389416,1.4481512087337318,0.0,2.597592330711667,1
1.378166435913162,1.0050318545785826,0.0,2.6674938852648045,0
-1.0858721948025927,-1.1072540633563843,0.0,4.9385636874470915,1
1.378166435913162,1.4481512087337318,0.0,2.437622503806705,0
-1.5485003349869826,-1.4495045676037308,0.0,4.095586698060196,1
-1.5485003349869826,-1.4495045676037308,0.0,5.418732551905903,1
-1.5485003349869826,0.529895899215817,0.0,1.7420178742324688,1
-1.5485003349869826,0.955526228545644,0.0,2.1344697567540405,1
0.787598712547306,0.31970282016299567,0.0,2.8178518198193077,0
1.378166435913162,1.4481512087337318,0.0,8.526376290727448,1
-1.1458991813774235,-1.4495045676037308,0.0,5.818169261461754,1
-1.0858721948025927,1.4481512087337318,0.0,1.9193109855484645,1
-1.1495623980963838,0.3073674485516958,0.0,2.6945246261801445,1
1.378166435913162,-1.1072540633563843,0.0,4.491221645321879,1
-1.5485003349869826,1.4481512087337318,0.0,2.3830190651881704,1
-1.1458991813774235,0.5724624714600394,0.0,2.356379897098052,0
1.378166435913162,0.9741350355957514,0.0,2.2918968173920833,0
-1.5485003349869826,-0.28344886118134277,0.0,2.778856319690843,1
1.378166435913162,0.8064660309596711,0.0,1.9167394994707905,0
-1.1495623980963838,-1.159404528414128,0.0,3.9261100100246638,1
-1.1495623980963838,0.955526228545644,0.0,2.5643229597754003,1
-0.3305108682919125,0.0,0.0,5.0,1
1.378166435913162,-1.4495045676037308,0.0,8.079438955371982,1
-1.5485003349869826,0.529895899215817,0.0,2.397600704671401,1
0.710370033396719,-1.4495045676037308,0.0,6.544464426627032,1
0.639580171692575,-0.9884953765624958,0.0,4.667212034720058,1
-1.5485003349869826,0.9741350355957514,0.0,2.323938382115946,1
-1.5485003349869826,-1.4495045676037308,0.0,6.742328804111807,1
-0.9304323319006259,-1.0997909963751993,0.0,2.2143575597221563,1
-1.1458991813774235,-1.4495045676037308,0.0,4.229999266229001,1
-0.8777481118796784,0.8347774894678208,0.0,2.2815326793486617,1
-1.1214248141389416,0.955526228545644,0.0,1.9867548013821879,1
0.4717016244952289,-1.4475948051420449,0.0,4.482899068490248,1
-1.1458991813774235,1.4481512087337318,0.0,2.3392635262665653,1
-1.1214248141389416,-0.03532605766731251,0.0,3.843530906164204,1
-1.5485003349869826,-1.4495045676037308,0.0,5.508829604749519,1
-1.5485003349869826,-1.4495045676037308,0.0,4.421989890937908,1
0.639580171692575,-1.4495045676037308,0.0,6.979345224052505,1
1.378166435913162,0.34979386038936294,0.0,2.8853020628943256,0
1.378166435913162,-0.9851730539265872,0.0,8.888907871574073,1
-1.1458991813774235,0.955526228545644,0.0,2.6012295722739176,1
-0.317558535805291,0.0,0.0,5.0,0
-1.0858721948025927,1.0050318545785826,0.0,2.409877609416453,1
0.639580171692575,0.9741350355957514,0.0,8.029000080469727,1
0.639580171692575,-0.2222885595555196,0.0,9.086507452682405,1
-1.5485003349869826,-1.4495045676037308,0.0,4.953292105051629,1
1.378166435913162,-1.4495045676037308,0.0,4.222140571832477,1
1.378166435913162,-1.159404528414128,0.0,4.95782104127966,1
-1.5485003349869826,0.6689284619765181,0.0,2.564381063785891,1
1.378166435913162,1.0050318545785826,0.0,2.2454010238961724,0
-1.5485003349869826,0.8385215690740073,0.0,2.3782809523188306,1
0.787598712547306,-0.3765626797341019,0.0,2.7075568605751865,0
1.378166435913162,1.4481512087337318,0.0,3.006872805157317,0
1.378166435913162,-1.0993323273573337,0.0,5.348997965263015,1
-1.0858721948025927,-1.1634084993085074,0.0,3.967105666042316,1
0.7167608454825536,1.0050318545785826,0.0,2.3901289650180857,0
1.378166435913162,-1.0993323273573337,0.0,8.399984464365748,1
-1.0462089020296135,1.0223594674531358,0.0,2.266512728953279,1
-0.8291910944608343,-1.0885033686643413,0.0,2.7298863136209945,1
-1.0858721948025927,1.4481512087337318,0.0,2.410927224199903,1
0.639580171692575,-1.4495045676037308,0.0,5.798649558866761,1
-1.1458991813774235,0.9741350355957514,0.0,2.090199870118338,1
0.7167608454825536,-0.9007725365746757,0.0,8.305014402426838,1
-1.5485003349869826,1.4481512087337318,0.0,2.8559182846364948,1
0.787598712547306,1.0195515707166167,0.0,8.392394378822985,1
-1.5485003349869826,-1.4495045676037308,0.0,6.142937985490436,1
-1.5485003349869826,-1.4495045676037308,0.0,6.140641601869346,1
1.378166435913162,0.9741350355957514,0.0,2.453981835325069,0
1.378166435913162,-0.9936650520340982,0.0,5.486571243493321,1
-1.1214248141389416,1.4481512087337318,0.0,2.539558328608442,1
-1.1495623980963838,1.4481512087337318,0.0,3.3951078640015924,1
0.787598712547306,-1.4495045676037308,0.0,5.5895845103357855,1
0.6592797762866381,1.0088946071464964,0.0,8.93197769057211,1
0.787598712547306,1.4481512087337318,0.0,2.504075940595353,0
-1.5485003349869826,-1.4495045676037308,0.0,5.896767492962714,1
-1.1458991813774235,0.4551209749426044,0.0,2.2074732337777414,1
0.710370033396719,0.8232191038966041,0.0,1.8971058895456159,0
-1.5485003349869826,1.4481512087337318,0.0,2.792050888577723,1
0.710370033396719,1.0050318545785826,0.0,8.774147610197126,1
-1.0245251369844965,-1.0957553480603646,0.0,6.332742406264608,1
0.639580171692575,-0.8383489019766284,0.0,4.267871253381068,1
-1.1214248141389416,-1.4495045676037308,0.0,5.627497374892039,1
1.378166435913162,-1.4495045676037308,0.0,5.369421149046906,1
-1.5485003349869826,-1.159404528414128,0.0,5.446472366475644,1
-1.1458991813774235,0.695714165113867,0.0,2.617051901903749,0
-1.5485003349869826,0.955526228545644,0.0,2.8323336953540283,1
-1.5485003349869826,-1.1072540633563843,0.0,2.5709257623695296,1
-1.5485003349869826,-1.4495045676037308,0.0,6.474990781991453,1
-0.8149937050591721,-1.4417680674827236,0.0,5.417912775419731,1
1.378166435913162,0.5724624714600394,0.0,2.505333227249687,0
1.378166435913162,-0.35265865924088274,0.0,2.8337224969314785,0
1.378166435913162,1.4481512087337318,0.0,2.1176447068662427,0
1.378166435913162,0.9741350355957514,0.0,2.5995480934626665,0
-1.5485003349869826,0.5724624714600394,0.0,3.0794569338284528,1
0.7167608454825536,-1.4495045676037308,0.0,4.432896484443192,1
1.378166435913162,-0.9426263424917493,0.0,8.63509239222871,1
1.378166435913162,1.4481512087337318,0.0,2.8478462789647283,0
-1.0462089020296135,-1.4475948051420449,0.0,4.966116368350852,1
0.7167608454825536,0.955526228545644,0.0,1.8507482767203198,0
-1.5485003349869826,-1.159404528414128,0.0,4.185385131063671,1
1.378166435913162,-1.4495045676037308,0.0,6.359305138604749,1
0.710370033396719,-1.4495045676037308,0.0,4.670647655559083,1
-1.1214248141389416,1.4481512087337318,0.0,2.3682457784174096,1
-1.5485003349869826,0.7575476520511129,0.0,2.0292737506674827,1
1.378166435913162,1.4481512087337318,0.0,8.338542295143313,1
-1.0609486432407544,0.3668927796766654,0.0,8.942459690034413,1
0.710370033396719,0.8064660309596711,0.0,2.143608615470092,0
-1.1214248141389416,-1.1634084993085074,0.0,4.879867430128931,1
-1.1214248141389416,1.0195515707166167,0.0,2.2770902870859295,1
0.787598712547306,0.955526228545644,0.0,1.7144558861777957,0
1.378166435913162,0.955526228545644,0.0,8.42112701004185,1
0.710370033396719,-1.1072540633563843,0.0,8.405067350837111,1
0.787598712547306,0.5724624714600394,0.0,8.324513228656283,1
1.378166435913162,0.9741350355957514,0.0,2.280109144024514,0
0.4717016244952289,1.4480563147787553,0.0,2.588031814247901,0
-1.0858721948025927,-1.159404528414128,0.0,4.452988162181626,1
0.4717016244952289,0.9586831535244584,0.0,2.3036536119258386,0
0.710370033396719,-1.0993323273573337,0.0,2.0387131090147776,0
-1.1495623980963838,0.955526228545644,0.0,1.8976247812223326,1
0.7167608454825536,-0.7924789405865756,0.0,2.6696352159592416,0
0.6650892123420602,-1.1016700184758534,0.0,8.629563425925644,1
0.7167608454825536,0.6307810924898708,0.0,8.458008467288419,1
-0.9578725141904859,-1.445668912944812,0.0,6.254105505664344,1
-1.0858721948025927,-1.4495045676037308,0.0,5.583949485709417,1
-1.1495623980963838,-1.1072540633563843,0.0,3.9391645694647446,1
-1.5485003349869826,0.5840189780278678,0.0,2.6641544528221197,1
-1.5485003349869826,1.0195515707166167,0.0,2.3068604841085345,1
-1.1214248141389416,1.4481512087337318,0.0,2.4330509035130268,1
-1.5485003349869826,1.0195515707166167,0.0,2.9184828790922035,1
0.7167608454825536,0.9741350355957514,0.0,8.434425894365663,1
1.378166435913162,1.0050318545785826,0.0,2.5509840481669275,0
0.3019406518502853,-1.4427494637557696,0.0,5.043652940576814,1
0.7167608454825536,-1.4495045676037308,0.0,5.513905084467183,1
1.378166435913162,0.9741350355957514,0.0,1.8777869041510025,0
-1.0858721948025927,0.955526228545644,0.0,2.298177029513093,1
0.7167608454825536,0.955526228545644,0.0,3.3402309410893283,0
-1.1214248141389416,0.955526228545644,0.0,8.319064952980447,1
-1.0858721948025927,-1.4495045676037308,0.0,6.589352113391808,1
0.4949802524694769,0.31175333048925596,0.0,2.7677275223785567,0
-1.1495623980963838,-1.4495045676037308,0.0,4.177648897145765,1
1.378166435913162,-1.1634084993085074,0.0,4.1269625577889215,1
0.787598712547306,-1.4495045676037308,0.0,4.219057932096124,1
-1.0365358038448755,-1.1559598128387922,0.0,4.383110966149634,1
1.378166435913162,0.5724624714600394,0.0,2.3137661290335645,0
0.710370033396719,1.0050318545785826,0.0,3.428854052770247,0
-1.1495623980963838,1.4481512087337318,0.0,2.288832607901372,1
-0.9201040441601099,-1.445668912944812,0.0,4.32415286759683,1
-1.1495623980963838,-1.159404528414128,0.0,5.38166316891507,1
-1.5485003349869826,1.4481512087337318,0.0,2.255192106859786,1
-1.0245251369844965,1.0223594674531358,0.0,2.721899764177935,1
-1.5485003349869826,1.0050318545785826,0.0,2.5811106794480105,1
-1.5485003349869826,0.9741350355957514,0.0,2.3882111901056566,1
-1.5485003349869826,0.36572756144750335,0.0,2.210087270037431,1
-1.5485003349869826,1.4481512087337318,0.0,2.3221916571270906,1
-1.1458991813774235,1.4481512087337318,0.0,2.6018308945524633,1
0.639580171692575,-1.159404528414128,0.0,4.7391158530192055,1
-1.1458991813774235,-0.26646985353240915,0.0,2.9360559762846967,1
-1.5485003349869826,1.0050318545785826,0.0,2.0112782732247,1
-1.5485003349869826,-1.1072540633563843,0.0,5.332434885286482,1
-0.9201040441601099,0.5434973762222239,0.0,2.2254410614430995,1
-1.1458991813774235,1.4481512087337318,0.0,2.4918133027023277,1
0.710370033396719,-1.4495045676037308,0.0,2.587874975771103,0
-1.1214248141389416,-1.1072540633563843,0.0,4.470979337151201,1
-1.5485003349869826,-1.1072540633563843,0.0,4.810488022958393,1
-1.0245251369844965,1.4480563147787553,0.0,2.205635943590897,1
-1.5485003349869826,-1.4495045676037308,0.0,6.296586716762402,1
1.378166435913162,0.9741350355957514,0.0,8.091757527482335,1
-1.5485003349869826,-1.4495045676037308,0.0,6.613470812975663,1
0.639580171692575,1.4481512087337318,0.0,2.413658215378134,0
-1.0858721948025927,-1.4495045676037308,0.0,5.779119015461815,1
-1.5485003349869826,1.4481512087337318,0.0,2.442516763066992,1
1.378166435913162,-1.4495045676037308,0.0,5.149505980956412,1
-1.5485003349869826,1.4481512087337318,0.0,1.9719194547032397,1
-0.9677212744122297,0.02086904890290565,0.0,2.4741644199302257,1
-1.1458991813774235,-0.8383489019766284,0.0,4.783211578370101,1
-1.5485003349869826,-1.1072540633563843,0.0,4.936547307352115,1
1.378166435913162,1.0195515707166167,0.0,8.933012275303247,1
-1.5485003349869826,-0.9851730539265872,0.0,2.6616315246886164,1
1.378166435913162,0.7070651099767193,0.0,2.47220813345589,0
-1.5485003349869826,0.16159081864298627,0.0,2.7625096490467898,1
-0.13142797573707082,0.0,0.0,5.0,1
-1.5485003349869826,-1.4495045676037308,0.0,4.884127529348552,1
-1.0858721948025927,-1.1634084993085074,0.0,6.2054504143307625,1
0.639580171692575,1.4481512087337318,0.0,8.467327821967416,1
1.378166435913162,0.6829522445306385,0.0,2.5635324442321625,0
-1.1495623980963838,1.4481512087337318,0.0,2.607502281675856,1
-1.1214248141389416,-1.159404528414128,0.0,4.30208188555673,1
1.378166435913162,0.955526228545644,0.0,2.033222460459281,0
0.710370033396719,1.4481512087337318,0.0,1.9634203422023226,0
-1.5485003349869826,-1.4495045676037308,0.0,5.53475167597254,1
1.378166435913162,-1.0993323273573337,0.0,6.494486613934683,1
-0.9578725141904859,-1.0868793630030773,0.0,4.186772454056326,1
0.3005411708845253,-1.0866698313507301,0.0,2.770417750767048,0
-1.0858721948025927,0.8232191038966041,0.0,2.930615648297876,0
0.710370033396719,0.955526228545644,0.0,2.476260259264209,0
1.378166435913162,-1.4495045676037308,0.0,5.746380067242052,1
0.787598712547306,0.9741350355957514,0.0,7.477959775161233,1
0.787598712547306,-0.2685202284805449,0.0,2.222982528234265,0
0.639580171692575,0.955526228545644,0.0,2.147550166023336,0
-0.4378738306158988,0.0,0.0,5.0,0
0.4717016244952289,1.4480563147787553,0.0,1.93216958092666,0
-1.0365358038448755,-1.4475948051420449,0.0,4.000008064484938,1
0.787598712547306,1.0050318545785826,0.0,9.095326349930543,1
-1.5485003349869826,1.4481512087337318,0.0,2.427048582530437,1
-1.5485003349869826,-1.4495045676037308,0.0,5.323135932070564,1
0.639580171692575,0.8385215690740073,0.0,8.377136297190626,1
1.378166435913162,1.0050318545785826,0.0,7.839053092723667,1
-1.5485003349869826,1.4481512087337318,0.0,2.144111610273392,1
0.787598712547306,1.0050318545785826,0.0,8.504766500630154,1
0.4388264724766153,0.5855577899866259,0.0,8.194592579394476,1
1.378166435913162,0.32558524348264634,0.0,8.680561841296777,1
0.639580171692575,0.2588410212717586,0.0,2.8065305474097526,0
0.787598712547306,-1.4495045676037308,0.0,7.936362706072195,1
1.378166435913162,-1.1072540633563843,0.0,6.463897078710922,1
1.378166435913162,-1.4495045676037308,0.0,6.602206885861538,1
1.378166435913162,1.4481512087337318,0.0,2.4255146680966084,0
-1.1458991813774235,0.955526228545644,0.0,1.987933694642884,1
0.7167608454825536,-1.4495045676037308,0.0,5.587829659151426,1
-1.0858721948025927,0.9741350355957514,0.0,2.13902452051705,1
1.378166435913162,-1.4495045676037308,0.0,5.944920498153107,1
-1.5485003349869826,1.0195515707166167,0.0,2.307953525548145,1
1.378166435913162,1.4481512087337318,0.0,8.313220898003237,1
0.710370033396719,1.4481512087337318,0.0,2.5241238690471572,0
1.378166435913162,1.4481512087337318,0.0,1.7814806891221757,0
0.639580171692575,1.0195515707166167,0.0,2.488663348225483,0
0.639580171692575,1.4481512087337318,0.0,2.766978673582676,0
0.710370033396719,0.4551209749426044,0.0,8.304155758948193,1
-1.5485003349869826,-1.4495045676037308,0.0,5.015518580061062,1
0.6592797762866381,1.0237476835419264,0.0,2.7415133250313968,0
1.378166435913162,0.271695967366099,0.0,8.596908356459732,1
0.7167608454825536,0.5724624714600394,0.0,2.964910952205728,0
0.710370033396719,1.0050318545785826,0.0,2.5639256711593026,0
-1.5485003349869826,-1.0993323273573337,0.0,6.407006282999085,1
0.639580171692575,1.0195515707166167,0.0,2.481126344867574,0
0.787598712547306,1.4481512087337318,0.0,8.70812499148968,1
-1.1458991813774235,-1.4495045676037308,0.0,5.307432498587042,1
1.378166435913162,0.7575476520511129,0.0,2.30960576546093,0
1.378166435913162,1.4481512087337318,0.0,2.1113224766817797,0
-1.1495623980963838,1.4481512087337318,0.0,2.223236093207511,0
0.787598712547306,1.0195515707166167,0.0,8.382725968117445,1
1.378166435913162,0.5914624310734434,0.0,8.776385138775218,1
-1.1458991813774235,-1.4495045676037308,0.0,5.119507921784024,1
-1.1495623980963838,1.0195515707166167,0.0,2.7187763669369556,1
1.378166435913162,0.529895899215817,0.0,2.8638078354611016,0
-1.5485003349869826,1.4481512087337318,0.0,2.1486979396844967,1
-1.1214248141389416,0.3731327895129038,0.0,2.485220603758732,1
-1.5485003349869826,-1.1072540633563843,0.0,4.445911557523276,1
-1.1458991813774235,-1.4495045676037308,0.0,4.429780855758144,1
-1.1495623980963838,-1.4495045676037308,0.0,5.425138753819669,1
-1.1214248141389416,0.955526228545644,0.0,3.0820848405971693,0
-1.5485003349869826,-1.159404528414128,0.0,4.870227168421083,1
-1.1458991813774235,-1.4495045676037308,0.0,6.001989103315097,1
-1.0858721948025927,0.955526228545644,0.0,2.9761663839904107,1
-1.1495623980963838,1.4481512087337318,0.0,2.490200062021075,1
1.378166435913162,0.6689284619765181,0.0,3.039823424439989,0
-1.1495623980963838,1.4481512087337318,0.0,2.152565978688389,1
-1.5485003349869826,-1.4495045676037308,0.0,4.658853912060757,1
1.378166435913162,-1.159404528414128,0.0,6.550531625642284,1
-1.5485003349869826,-1.159404528414128,0.0,6.055523023753622,1
-1.0858721948025927,1.0050318545785826,0.0,2.5708693520215924,1
-1.5485003349869826,0.7575476520511129,0.0,2.516125348832604,1
-1.0858721948025927,-1.159404528414128,0.0,5.300113010100952,1
1.378166435913162,-1.1072540633563843,0.0,4.375913614626887,1
0.4388264724766153,-0.9534690921486646,0.0,5.851751795533203,1
-1.5485003349869826,1.4481512087337318,0.0,2.2537793228318286,1
-1.5485003349869826,-1.4495045676037308,0.0,5.324591048135079,1
-1.1458991813774235,0.5724624714600394,0.0,2.013037703386357,1
1.378166435913162,0.4551209749426044,0.0,2.7615603481890525,0
-1.0462089020296135,-1.4475948051420449,0.0,6.273219900078624,1
-1.5485003349869826,0.8064660309596711,0.0,2.173356293167713,1
1.378166435913162,0.955526228545644,0.0,2.284692107093917,0
-1.1495623980963838,1.0050318545785826,0.0,2.3968610157906958,1
-1.5485003349869826,-1.1072540633563843,0.0,4.180027567055727,1
1.378166435913162,-1.4495045676037308,0.0,5.068492120963633,1
0.787598712547306,1.4481512087337318,0.0,2.7010905773602225,0
1.378166435913162,-1.0993323273573337,0.0,5.807553914466928,1
0.639580171692575,0.955526228545644,0.0,7.97597683177995,1
-1.0462089020296135,0.4931409630188686,0.0,2.7443733183943126,1
-1.0365358038448755,-0.8908759313040558,0.0,6.220480577703586,1
-1.5485003349869826,0.955526228545644,0.0,2.443313689972139,1
0.639580171692575,-1.1634084993085074,0.0,2.8496567740213177,0
-1.1458991813774235,-1.159404528414128,0.0,4.534705711671836,1
0.787598712547306,-1.4495045676037308,0.0,4.322554276874507,1
0.7167608454825536,-1.4495045676037308,0.0,4.092545953964395,1
0.787598712547306,0.7070651099767193,0.0,2.2741453418630577,0
1.378166435913162,-1.4495045676037308,0.0,2.904683449488646,0
0.710370033396719,0.955526228545644,0.0,2.660231607840239,0
0.787598712547306,0.25404771935586384,0.0,8.762154360557572,1
0.3019406518502853,0.55351679675908,0.0,2.7392186007634804,0
0.710370033396719,1.0195515707166167,0.0,2.7882482638115107,0
-1.5485003349869826,-1.4495045676037308,0.0,4.877036071684269,1
1.378166435913162,-1.4495045676037308,0.0,3.9288682587877406,1
-1.1495623980963838,0.2168342371593721,0.0,3.0836384892883735,1
-1.1495623980963838,-1.1072540633563843,0.0,5.84535870949711,1
-1.1214248141389416,-1.4495045676037308,0.0,5.974639697500633,1
-1.5485003349869826,1.0050318545785826,0.0,2.4144457470483474,1
1.378166435913162,-1.0993323273573337,0.0,8.716362515239933,1
-1.0858721948025927,1.4481512087337318,0.0,2.5549416737846684,1
-1.1458991813774235,-1.1072540633563843,0.0,4.316180693291864,1
0.710370033396719,0.26770699300371753,0.0,8.783432126765781,1
-1.0858721948025927,1.0050318545785826,0.0,2.2122745070961507,0
0.7167608454825536,-1.4495045676037308,0.0,6.852038152569883,1
0.7167608454825536,1.4481512087337318,0.0,2.4502493606125144,0
-1.5485003349869826,0.7575476520511129,0.0,2.334797371785133,1
-1.5485003349869826,1.0050318545785826,0.0,2.0041717008360314,1
-1.0245251369844965,1.4480563147787553,0.0,2.5382259281538997,1
-1.5485003349869826,1.4481512087337318,0.0,2.796094284659654,1
0.639580171692575,0.519492814484581,0.0,2.564458602741676,0
-1.1495623980963838,1.4481512087337318,0.0,2.628004623183673,1
1.378166435913162,-0.9880355100044224,0.0,3.663409848911091,1
-0.9677212744122297,1.4480563147787553,0.0,2.5648813141175433,1
0.710370033396719,1.0050318545785826,0.0,8.519187561594887,1
-1.1458991813774235,1.4481512087337318,0.0,2.7814294148181538,0
-1.1495623980963838,0.7027526598328396,0.0,2.223522627921901,1
-1.1214248141389416,-1.4495045676037308,0.0,4.921145994671374,1
0.7167608454825536,-1.4495045676037308,0.0,5.4024817278468165,1
-1.1458991813774235,-1.159404528414128,0.0,5.8235868088826255,1
0.7167608454825536,0.955526228545644,0.0,8.050175030195065,1
1.378166435913162,-0.9108287659375035,0.0,8.807888279292044,1
1.378166435913162,-1.4495045676037308,0.0,6.792345431330272,1
-1.1214248141389416,1.4481512087337318,0.0,2.238001878413587,1
-1.5485003349869826,-1.4495045676037308,0.0,4.71521629382919,1
-1.5485003349869826,-0.9108287659375035,0.0,5.420279248154328,1
0.710370033396719,-1.159404528414128,0.0,5.619342649506689,1
1.378166435913162,0.955526228545644,0.0,2.1519047875474095,0
-1.5485003349869826,-1.4495045676037308,0.0,4.38125158153049,1
1.378166435913162,1.4481512087337318,0.0,2.475598369422141,0
0.7167608454825536,0.43386891187933424,0.0,2.516309262796209,0
-1.5485003349869826,1.0050318545785826,0.0,2.2547870182964145,1
1.378166435913162,0.5724624714600394,0.0,2.1669501321244318,0
-1.0462089020296135,-1.1559598128387922,0.0,4.277940606954841,1
-1.5485003349869826,-0.9523540237850618,0.0,5.729907085512817,1
1.378166435913162,-0.26899437813054444,0.0,8.868806621279434,1
-0.9990116365219599,-0.8964070662281469,0.0,2.7781244066230864,0
0.6650892123420602,-1.0886073801090244,0.0,5.164964814230782,1
-1.5485003349869826,-1.1634084993085074,0.0,4.875558890930196,1
-1.1495623980963838,1.4481512087337318,0.0,2.55865928129124,1
-1.5485003349869826,-1.159404528414128,0.0,5.170034659270879,1
0.787598712547306,1.0195515707166167,0.0,2.430243002903772,0
1.378166435913162,-0.22592696140231056,0.0,8.523552982603698,1
1.378166435913162,0.529895899215817,0.0,8.151639088820271,1
0.787598712547306,0.955526228545644,0.0,8.610732229985867,1
1.378166435913162,-1.4495045676037308,0.0,5.1704150991216755,1
0.787598712547306,1.0050318545785826,0.0,8.560715316809658,1
-1.1495623980963838,-1.1634084993085074,0.0,4.7902595025023516,1
-1.5485003349869826,1.4481512087337318,0.0,2.56832900423894,1
-1.0858721948025927,-1.0993323273573337,0.0,4.971681474835067,1
1.378166435913162,0.6689284619765181,0.0,2.3322378535242936,0
0.44121145096210007,1.4479128903145995,0.0,1.9951861082861915,0
-1.5485003349869826,0.955526228545644,0.0,2.704293413326159,1
0.787598712547306,1.0195515707166167,0.0,8.359210503209102,1
-0.9853759763832799,-1.445668912944812,0.0,4.962354599602766,1
1.378166435913162,-1.1634084993085074,0.0,4.875656530016227,1
0.43333657436964573,0.38589130607674493,0.0,8.86958249948003,1
-1.1458991813774235,-1.4495045676037308,0.0,4.334594636638228,1
1.378166435913162,-1.4495045676037308,0.0,4.342082186762763,1
1.378166435913162,-0.9659850312185888,0.0,5.693431243530064,1
1.378166435913162,-0.2580071490242517,0.0,8.573153934983269,1
1.378166435913162,1.0050318545785826,0.0,8.065871693067447,1
0.7167608454825536,-0.9108287659375035,0.0,8.309065281251778,1
-1.0858721948025927,-1.4495045676037308,0.0,5.020540695326825,1
0.787598712547306,-1.1072540633563843,0.0,5.1662429842283935,1
1.378166435913162,-1.159404528414128,0.0,5.32514948848314,1
-1.1495623980963838,-1.159404528414128,0.0,4.116164294619708,1
0.710370033396719,1.4481512087337318,0.0,2.5057303415939796,0
0.639580171692575,0.8232191038966041,0.0,2.225234238057633,0
-1.5485003349869826,-1.4495045676037308,0.0,6.10627412095655,1
1.378166435913162,1.4481512087337318,0.0,2.481217096751794,0
0.639580171692575,-1.1072540633563843,0.0,4.030287145012599,1
-1.5485003349869826,0.5724624714600394,0.0,2.2894271703488362,1
-1.1495623980963838,1.4481512087337318,0.0,2.112506531164035,1
0.710370033396719,-1.1072540633563843,0.0,6.006212609518666,1
0.787598712547306,1.4481512087337318,0.0,2.8224055225917057,0
-0.8376355831620009,0.8229280150046357,0.0,8.28352979778411,1
-0.9677212744122297,-1.4475948051420449,0.0,6.109567344322151,1
-1.0858721948025927,0.32508411513653107,0.0,2.400768171531397,1
0.710370033396719,-0.62500065118615,0.0,2.5397245773108392,0
-0.11908818436379462,0.0,0.0,5.0,1
0.7167608454825536,1.4481512087337318,0.0,2.0527883684881365,0
1.378166435913162,0.3565127893577844,0.0,2.3706025787340104,0
-1.1495623980963838,-0.9851730539265872,0.0,4.453199066382394,1
1.378166435913162,-1.4495045676037308,0.0,6.196549457819944,1
1.378166435913162,0.9741350355957514,0.0,2.130842413648513,0
-1.5485003349869826,-1.4495045676037308,0.0,2.225484790184275,1
0.710370033396719,0.5724624714600394,0.0,2.2136827168829085,0
0.639580171692575,1.0050318545785826,0.0,1.9987034447520893,0
-1.0245251369844965,0.5995699664759762,0.0,2.753307929148382,0
-1.1214248141389416,-1.1634084993085074,0.0,5.897252183062989,1
1.378166435913162,1.4481512087337318,0.0,2.8504542509563837,0
-0.9578725141904859,0.9808345047593721,0.0,2.378412311773813,1
-1.1495623980963838,-1.4495045676037308,0.0,6.456508878808713,1
0.6592797762866381,0.5803490267696828,0.0,1.924597033697919,0
1.378166435913162,1.0195515707166167,0.0,3.037917062491297,0
-1.1214248141389416,1.4481512087337318,0.0,2.4304256495538454,1
1.378166435913162,1.4481512087337318,0.0,2.485385166848695,0
-1.0858721948025927,-1.4495045676037308,0.0,6.143981563375234,1
-1.1495623980963838,0.9741350355957514,0.0,2.2732792600554257,0
0.639580171692575,-1.1072540633563843,0.0,4.603067789677803,1
0.710370033396719,1.4481512087337318,0.0,2.1515869626123534,0
0.7167608454825536,-1.1634084993085074,0.0,3.6313515351522767,1
1.378166435913162,0.529895899215817,0.0,1.9252747812965567,0
-1.5485003349869826,1.0195515707166167,0.0,2.62941293350935,1
1.378166435913162,-1.4495045676037308,0.0,6.1274196516901895,1
1.378166435913162,1.0195515707166167,0.0,2.826483415887248,0
-1.0462089020296135,-1.4475948051420449,0.0,5.684453604498367,1
-1.5485003349869826,-1.4495045676037308,0.0,5.327574398357202,1
-0.4380661045516687,0.0,0.0,5.0,1
-1.5485003349869826,-1.159404528414128,0.0,5.947783322742192,1
1.378166435913162,0.6198651387601088,0.0,8.177744172774068,1
-1.0858721948025927,-1.1072540633563843,0.0,2.367404042447537,1
0.7167608454825536,0.9741350355957514,0.0,2.0641435429537434,0
-1.5485003349869826,-1.159404528414128,0.0,2.497894478390685,1
-1.5485003349869826,-1.4495045676037308,0.0,5.368449305863047,1
-0.9677212744122297,-1.4475948051420449,0.0,6.200541800922675,1
-1.5485003349869826,1.0050318545785826,0.0,2.3931426940104177,1
-1.0609486432407544,-0.9024489240964543,0.0,5.78287216982712,1
0.6448273970616095,0.517729325641649,0.0,2.066256442344174,0
-1.5485003349869826,-1.159404528414128,0.0,5.127276604218684,1
-1.0858721948025927,0.8064660309596711,0.0,2.317201215566793,1
-1.5485003349869826,1.0050318545785826,0.0,2.7833077527854133,1
-1.5485003349869826,-1.1072540633563843,0.0,4.390808514877044,1
1.378166435913162,0.8064660309596711,0.0,7.6642130962200214,1
-1.1458991813774235,-1.4495045676037308,0.0,3.793360960290055,1
-1.0462089020296135,0.9586831535244584,0.0,2.292289362911985,1
-0.9201040441601099,0.5209481248667069,0.0,2.1977935329241864,1
-1.5485003349869826,-1.4495045676037308,0.0,4.256855983948495,1
-1.5485003349869826,0.8232191038966041,0.0,2.2735376964651604,1
-0.9990116365219599,0.42948257288192954,0.0,2.155679999603899,1
-1.0365358038448755,0.812015604530254,0.0,2.106764810543506,1
-1.0858721948025927,-1.4495045676037308,0.0,5.2905047234300735,1
0.639580171692575,1.4481512087337318,0.0,2.404183173203616,0
1.378166435913162,1.4481512087337318,0.0,2.1635634711425618,0
-1.5485003349869826,1.0050318545785826,0.0,2.433172162762033,1
0.710370033396719,-0.9054217075594011,0.0,3.807955454434937,1
-1.1214248141389416,-1.1072540633563843,0.0,4.866827979777023,1
1.378166435913162,-1.4495045676037308,0.0,5.85349663816985,1
1.378166435913162,-0.9069748149647733,0.0,4.617080705713098,1
0.2802727248633039,-1.4427494637557696,0.0,6.154639024121418,1
1.378166435913162,-0.9851730539265872,0.0,3.8778708014556735,1
1.378166435913162,1.0050318545785826,0.0,8.095675148944979,1
-1.1214248141389416,-1.4495045676037308,0.0,5.877816886524494,1
-1.1458991813774235,-1.0993323273573337,0.0,4.556503254209994,1
0.787598712547306,1.4481512087337318,0.0,2.152249405880234,0
-1.5485003349869826,-1.4495045676037308,0.0,5.2622284990222585,1
-1.5485003349869826,-1.4495045676037308,0.0,5.996669250120037,1
-1.0858721948025927,-1.4495045676037308,0.0,4.158287768064149,1
-1.5485003349869826,-1.1072540633563843,0.0,4.13045553569679,1
-1.0858721948025927,-1.4495045676037308,0.0,3.7287427592107414,1
-1.5485003349869826,0.7575476520511129,0.0,2.2919338781929697,1
0.6592797762866381,-1.446633885787977,0.0,4.654928077831011,1
-1.5485003349869826,1.4481512087337318,0.0,2.0212461908358517,1
-1.5485003349869826,0.3904922454873546,0.0,2.1382139902178654,1
-1.5485003349869826,1.4481512087337318,0.0,2.6112817952588157,1
-1.5485003349869826,-1.4495045676037308,0.0,4.577884414633794,1
1.378166435913162,0.7575476520511129,0.0,2.616875151028636,0
-1.5485003349869826,-1.4495045676037308,0.0,6.3745948101421295,1
-1.5485003349869826,0.26770699300371753,0.0,2.971352976332332,1
0.4949802524694769,0.5777299603435586,0.0,8.426052061029768,1
0.710370033396719,0.4838918902983728,0.0,2.338736361824595,0
-1.5485003349869826,-0.8449074200374723,0.0,4.229908119586162,1
-1.1214248141389416,-0.9363628870239665,0.0,4.023581162811105,1
-1.1495623980963838,0.7070651099767193,0.0,2.594299646806797,1
-1.1495623980963838,-1.4495045676037308,0.0,5.667800144173049,1
-1.5485003349869826,-1.4495045676037308,0.0,6.195293918747505,1
-1.5485003349869826,-0.9851730539265872,0.0,4.448784039929632,1
-1.1214248141389416,1.0195515707166167,0.0,1.984293123308143,1
1.378166435913162,-1.4495045676037308,0.0,5.977677350045642,1
0.7167608454825536,0.9741350355957514,0.0,7.90514514953537,1
-1.5485003349869826,1.0050318545785826,0.0,2.327755627800435,1
0.639580171692575,-1.4495045676037308,0.0,5.113859509840124,1
-1.5485003349869826,-1.4495045676037308,0.0,6.364823323231312,1
-1.5485003349869826,1.4481512087337318,0.0,2.27836580584642,1
1.378166435913162,-1.4495045676037308,0.0,4.750398123693283,1
-0.8599367685881425,0.5881474843107554,0.0,2.2005339229725385,1
1.378166435913162,0.6829522445306385,0.0,9.1500530773152,1
0.787598712547306,-1.4495045676037308,0.0,5.422133102334698,1
-1.5485003349869826,1.0050318545785826,0.0,2.2634039956240475,1
-0.8376355831620009,-1.0834005792161483,0.0,4.872880487137662,1
-1.1214248141389416,-0.9007725365746757,0.0,4.031521351159869,1
0.787598712547306,1.4481512087337318,0.0,2.698199342242038,0
-1.1495623980963838,1.4481512087337318,0.0,2.9672635705854957,1
-1.5485003349869826,-1.159404528414128,0.0,4.426852743573076,1
-1.5485003349869826,-1.1634084993085074,0.0,4.1534325474679985,1
-1.1214248141389416,-1.4495045676037308,0.0,5.360666818816873,1
-0.7456176270155758,-1.0811196073324865,0.0,5.427009057496633,1
-1.5485003349869826,0.9741350355957514,0.0,2.146349489032336,1
-1.5485003349869826,-0.8548708321058216,0.0,3.0567402832100403,1
1.378166435913162,-1.4495045676037308,0.0,5.447119962100133,1
-1.5485003349869826,-1.4495045676037308,0.0,4.727714959679701,1
1.378166435913162,1.0195515707166167,0.0,2.268873453773776,0
-1.0858721948025927,1.4481512087337318,0.0,2.4283075768420184,1
1.378166435913162,-1.1634084993085074,0.0,4.448112244167652,1
-1.1214248141389416,0.9741350355957514,0.0,2.048650297916964,1
1.378166435913162,-0.36709040720416763,0.0,9.060178765733344,1
0.4717016244952289,1.0076156727753416,0.0,8.163978446366066,1
-1.0858721948025927,0.415331695303889,0.0,8.121458829382188,1
0.7167608454825536,0.36519378914312134,0.0,2.510037137883318,0
0.787598712547306,-1.4495045676037308,0.0,6.2074514155262515,1
-1.5485003349869826,-1.0993323273573337,0.0,3.9309647036987903,1
-1.5485003349869826,-1.1634084993085074,0.0,4.502297391127949,1
-1.0462089020296135,0.9586831535244584,0.0,2.8167010424078844,1
1.378166435913162,-1.1634084993085074,0.0,5.582585188427542,1
-1.1495623980963838,0.4312064434504079,0.0,2.6596108237884724,1
0.710370033396719,-1.159404528414128,0.0,4.822238807345618,1
-1.5485003349869826,0.8232191038966041,0.0,2.0014164484237713,1
-0.9677212744122297,-1.103540188433729,0.0,4.89297862365697,1
-1.5485003349869826,-1.1634084993085074,0.0,4.640269304666926,1
-0.29486956640829876,0.0,0.0,5.0,1
1.378166435913162,0.44216136193174915,0.0,1.800749673271692,0
-0.9090596629376607,0.984097845293802,0.0,8.582688759772203,1
0.7167608454825536,-1.1634084993085074,0.0,4.9027515340271055,1
-1.0858721948025927,1.4481512087337318,0.0,2.950785670671663,1
0.42098407230085466,-0.20450982236929,0.0,8.762110432494914,1
-1.1458991813774235,0.955526228545644,0.0,6.58698193692199,1
-1.5485003349869826,0.9741350355957514,0.0,4.292978812257693,1
1.378166435913162,-1.4495045676037308,0.0,6.320276651963419,1
-1.5485003349869826,0.34742399347928465,0.0,2.194857790613761,1
-1.1214248141389416,0.9741350355957514,0.0,2.1643571706226137,1
0.6592797762866381,-1.446633885787977,0.0,5.546845183402656,1
-1.0858721948025927,1.0195515707166167,0.0,2.4125696524652342,1
0.7167608454825536,1.4481512087337318,0.0,1.9746546726514083,0
-1.5485003349869826,0.9741350355957514,0.0,2.1735777408330046,1
0.4949802524694769,-1.4475948051420449,0.0,2.6821244403798676,1
-0.9013123436701882,1.0126804418583242,0.0,2.0935835046567766,0
0.7167608454825536,0.9741350355957514,0.0,2.33488214892571,0
1.378166435913162,1.0050318545785826,0.0,2.0875008402366424,0
1.378166435913162,-0.25410761205568844,0.0,9.092312973389284,1
-1.1458991813774235,-0.9493349264333149,0.0,5.174138433284906,1
1.378166435913162,1.0195515707166167,0.0,2.689892498183738,0
-1.0858721948025927,0.9741350355957514,0.0,2.0640445056603105,1
0.787598712547306,0.955526228545644,0.0,8.268703214078094,1
-1.5485003349869826,-1.4495045676037308,0.0,4.069885538904623,1
0.787598712547306,1.0050318545785826,0.0,2.7933983506237086,0
1.378166435913162,1.4481512087337318,0.0,2.383859790241887,0
1.378166435913162,1.0195515707166167,0.0,2.229648430851575,0
-1.1495623980963838,1.0050318545785826,0.0,1.8494285312815713,1
0.639580171692575,1.0195515707166167,0.0,7.831670004921382,1
-1.0858721948025927,-0.8244423787249847,0.0,3.970010665658428,1
0.710370033396719,0.6106347386481292,0.0,2.2054986415915336,0
1.378166435913162,-1.4495045676037308,0.0,4.898333591000166,1
-1.0609486432407544,0.9775140375569451,0.0,2.704444560650731,1
-1.0858721948025927,0.529895899215817,0.0,2.1708138845864915,1
1.378166435913162,-0.8383489019766284,0.0,3.005049075061822,0
1.378166435913162,0.8232191038966041,0.0,7.8929229595974535,1
-1.0245251369844965,0.42948257288192954,0.0,2.31651979478224,1
1.378166435913162,-1.4495045676037308,0.0,5.384225075428108,1
-1.5485003349869826,1.4481512087337318,0.0,2.6169172334983966,1
1.378166435913162,0.9741350355957514,0.0,2.31030531879797,0
-1.5485003349869826,0.9741350355957514,0.0,1.95875486920393,1
1.378166435913162,1.0050318545785826,0.0,8.627077228670192,1
1.378166435913162,1.4481512087337318,0.0,2.571123559288778,0
-1.1458991813774235,1.4481512087337318,0.0,1.7694509075661087,1
0.787598712547306,-1.4495045676037308,0.0,3.757226353380579,1
-1.5485003349869826,-1.4495045676037308,0.0,4.868717844515313,1
-1.1458991813774235,1.4481512087337318,0.0,2.2272860903800957,1
0.710370033396719,-1.4495045676037308,0.0,5.471313728495361,1
1.378166435913162,-1.1072540633563843,0.0,4.31146567641882,1
0.6592797762866381,0.4678146772835886,0.0,2.45784475020494,0
-1.0858721948025927,-1.4495045676037308,0.0,5.640068074233958,1
-1.5485003349869826,1.0050318545785826,0.0,2.1402136582743063,1
-1.1214248141389416,-1.4495045676037308,0.0,6.443948454764251,1
0.787598712547306,1.4481512087337318,0.0,2.493985355958473,0
0.639580171692575,0.5724624714600394,0.0,3.681817389327653,0
-1.5485003349869826,1.4481512087337318,0.0,1.9353206187124437,1
-1.5485003349869826,0.955526228545644,0.0,1.8922649857287213,1
1.378166435913162,0.9741350355957514,0.0,2.139151040516941,0
1.378166435913162,1.0195515707166167,0.0,8.765939369857318,1
0.639580171692575,-1.4495045676037308,0.0,9.05181413429234,1
-1.1214248141389416,1.4481512087337318,0.0,2.4014350293175757,1
0.710370033396719,0.16973793114021046,0.0,8.433810949192484,1
-1.0245251369844965,1.0076156727753416,0.0,3.5263640185085006,1
-1.5485003349869826,-1.4495045676037308,0.0,5.396482149625516,1
0.639580171692575,0.019438056912420235,0.0,3.0646391224275664,0
1.378166435913162,1.4481512087337318,0.0,2.19880065656878,0
-0.8147950536241512,-0.6339741608278453,0.0,3.118214049918604,1
-1.1495623980963838,0.955526228545644,0.0,2.3101155035699223,1
-1.5485003349869826,1.4481512087337318,0.0,2.492690645564729,1
0.710370033396719,-1.0993323273573337,0.0,2.7296698916584936,0
0.710370033396719,0.955526228545644,0.0,8.459069896300573,1
-1.5485003349869826,-1.4495045676037308,0.0,6.363776817900611,1
1.378166435913162,-0.9007725365746757,0.0,2.6154793781715133,0
0.710370033396719,-1.159404528414128,0.0,3.126559235070495,0
0.2828274059089678,0.5159699419193355,0.0,8.32927983247666,1
-1.1458991813774235,0.7575476520511129,0.0,2.450120989645567,1
-1.5485003349869826,1.4481512087337318,0.0,2.6731933860140233,1
-0.8376355831620009,-1.1489730771937903,0.0,5.483099527931538,1
0.3051495707090812,-0.6339741608278453,0.0,5.040420435856006,1
0.787598712547306,-1.4495045676037308,0.0,3.9348872889078024,1
-0.13015713856570774,0.0,0.0,5.0,1
-1.5485003349869826,1.0195515707166167,0.0,2.718779552018385,1
-1.0858721948025927,-1.4495045676037308,0.0,6.088403480805868,1
-1.1495623980963838,0.8385215690740073,0.0,2.0742556695118908,1
-1.1458991813774235,1.4481512087337318,0.0,1.8091650020395706,1
1.378166435913162,-1.1634084993085074,0.0,6.2802677625089505,1
-1.0858721948025927,1.4481512087337318,0.0,2.2813722238231677,1
1.378166435913162,1.4481512087337318,0.0,2.05334416777416,0
-0.9990116365219599,-1.1559598128387922,0.0,2.620082077728938,1
-1.5485003349869826,-0.8049253540728559,0.0,4.159122053420454,1
0.6448273970616095,-1.0886073801090244,0.0,7.9019387744097145,1
-1.0858721948025927,1.4481512087337318,0.0,2.836034625077307,1
-1.5485003349869826,1.4481512087337318,0.0,2.283545398838923,1
-1.0858721948025927,-1.4495045676037308,0.0,3.5638811298385153,1
-0.1357046300250116,0.0,0.0,5.0,0
1.378166435913162,0.43386891187933424,0.0,1.9901996463283915,0
-1.5485003349869826,0.9741350355957514,0.0,2.608111591109118,1
1.378166435913162,0.955526228545644,0.0,7.644538839613554,1
0.32294337705372983,0.9857085204737547,0.0,8.209454971906354,1
-1.1214248141389416,0.529895899215817,0.0,2.0741266585130482,1
-1.0365358038448755,-1.1559598128387922,0.0,2.971789464093051,0
1.378166435913162,-1.4495045676037308,0.0,4.8392058412369074,1
-1.1214248141389416,-0.34979371636932327,0.0,3.252926842473025,1
1.378166435913162,1.4481512087337318,0.0,2.5823284643869875,0
-1.5485003349869826,-1.4495045676037308,0.0,5.568419395467023,1
1.378166435913162,0.3759661808692332,0.0,8.346819570882404,1
-1.5485003349869826,0.6307810924898708,0.0,2.460263763143074,1
1.378166435913162,1.4481512087337318,0.0,8.191116288756454,1
0.476557318369301,0.44104304317540877,0.0,2.175160264629413,0
-1.1458991813774235,0.955526228545644,0.0,2.274646600549832,0
-1.1495623980963838,0.34742399347928465,0.0,2.050424468347038,1
-1.1495623980963838,-1.4495045676037308,0.0,4.0418732955363845,1
-0.8795556382113356,1.4478647905723339,0.0,2.1208520241733613,1
-1.1458991813774235,-1.4495045676037308,0.0,3.650728852056344,1
1.378166435913162,1.4481512087337318,0.0,2.2207584338499444,0
-1.5485003349869826,1.4481512087337318,0.0,2.378911640839449,1
0.710370033396719,0.8385215690740073,0.0,2.2437770807480226,0
-1.1214248141389416,-1.4495045676037308,0.0,6.157045683411275,1
1.378166435913162,1.0195515707166167,0.0,8.534073142578373,1
-1.1458991813774235,-1.4495045676037308,0.0,6.166790729149803,1
-1.1214248141389416,-1.4495045676037308,0.0,3.9451620125620255,1
0.710370033396719,1.4481512087337318,0.0,2.3548755510767436,1
-1.1214248141389416,1.0050318545785826,0.0,2.597519017594565,1
-1.1458991813774235,-1.4495045676037308,0.0,6.484303321237314,1
-1.1458991813774235,0.8232191038966041,0.0,2.2339050502342093,1
-1.1495623980963838,1.4481512087337318,0.0,2.315922177999405,0
0.787598712547306,1.4481512087337318,0.0,2.2183676836917816,0
-1.5485003349869826,0.09108357460147079,0.0,3.063652721096288,1
0.787598712547306,-0.3573944014300323,0.0,8.4940215139785,1
-1.5485003349869826,-1.4495045676037308,0.0,6.020014925898286,1
-1.1214248141389416,-1.4495045676037308,0.0,5.679539385958533,1
0.710370033396719,0.43386891187933424,0.0,8.407465552467702,1
-1.1214248141389416,1.4481512087337318,0.0,2.5765349780390068,1
-1.0365358038448755,0.9775140375569451,0.0,2.4159203221651016,1
-1.5485003349869826,-1.4495045676037308,0.0,6.218111076643297,1
-1.5485003349869826,0.3218571579566807,0.0,2.6366018498784345,1
1.378166435913162,0.955526228545644,0.0,8.388696124816114,1
0.710370033396719,-1.4495045676037308,0.0,4.099332034899045,1
-1.5485003349869826,-0.9007725365746757,0.0,6.645706785133298,1
-1.5485003349869826,-1.4495045676037308,0.0,5.419051524662675,1
0.639580171692575,1.0195515707166167,0.0,8.326374083986074,1
-1.5485003349869826,1.0050318545785826,0.0,1.9034693140948726,1
-1.5485003349869826,-1.0993323273573337,0.0,4.920633745636961,1
0.4489069889098876,-1.141855277273186,0.0,5.911548496415154,1
0.7167608454825536,-1.159404528414128,0.0,4.617886363472862,1
1.378166435913162,1.4481512087337318,0.0,1.8178066216774278,0
0.28694467618150415,0.9935585095239877,0.0,2.2543772172772902,0
-1.1458991813774235,-1.4495045676037308,0.0,5.742026917982852,1
-1.0858721948025927,0.5724624714600394,0.0,5.1216582661071985,1
0.7167608454825536,1.4481512087337318,0.0,2.8240691687501425,1
-1.5485003349869826,-1.159404528414128,0.0,5.400255966684433,1
-1.0245251369844965,0.9586831535244584,0.0,8.214858879526027,1
-1.1495623980963838,0.5724624714600394,0.0,3.3725754402727643,0
1.378166435913162,0.529895899215817,0.0,1.7697799872590856,0
-1.5485003349869826,-0.9880355100044224,0.0,6.000126166263483,1
-1.5485003349869826,1.4481512087337318,0.0,2.1241517422955507,1
1.378166435913162,-1.1072540633563843,0.0,5.193939050159228,1
-1.5485003349869826,-1.4495045676037308,0.0,3.749124627026389,1
-1.0858721948025927,-0.2638037607878983,0.0,3.0497787958233022,1
-0.12221680876511692,0.0,0.0,5.0,0
-1.1495623980963838,0.5724624714600394,0.0,2.6392594322556935,1
0.787598712547306,-1.0993323273573337,0.0,3.8664283379767355,1
0.787598712547306,0.8232191038966041,0.0,2.1655806403890647,0
-1.5485003349869826,0.8385215690740073,0.0,2.3026767263630545,1
1.378166435913162,-1.4495045676037308,0.0,5.575077848908211,1
0.787598712547306,0.8232191038966041,0.0,8.444056209407153,1
-1.5485003349869826,0.44216136193174915,0.0,2.0913137263018093,1
0.7167608454825536,-0.9108287659375035,0.0,5.288413965334862,1
-0.4367972677278198,0.0,0.0,5.0,0
1.378166435913162,0.8064660309596711,0.0,2.3508457446018043,0
1.378166435913162,1.4481512087337318,0.0,8.264284114142642,1
-1.1214248141389416,-1.1634084993085074,0.0,3.599334818527429,1
0.639580171692575,1.0050318545785826,0.0,2.583560253735394,0
-1.5485003349869826,0.4838918902983728,0.0,2.5782946942140614,1
0.787598712547306,-1.1634084993085074,0.0,5.084815246445361,1
0.639580171692575,-0.9069748149647733,0.0,6.5887086431623905,1
-1.1495623980963838,-1.0993323273573337,0.0,5.189602443786207,1
0.4949802524694769,1.4480563147787553,0.0,8.587024261037772,1
-1.1214248141389416,-1.0993323273573337,0.0,4.8845115066039515,1
-1.0858721948025927,-1.4495045676037308,0.0,4.40479029233012,1
1.378166435913162,0.42173437799289054,0.0,8.812973099368007,1
1.378166435913162,-0.9880355100044224,0.0,4.922279810004945,1
0.4717016244952289,1.4480563147787553,0.0,2.7101721822719735,0
1.378166435913162,0.3792475579971822,0.0,2.45415982248082,0
1.378166435913162,1.4481512087337318,0.0,2.2516682957211667,0
-1.1214248141389416,0.955526228545644,0.0,2.167491605073675,1
-1.5485003349869826,-1.4495045676037308,0.0,6.102736605022935,1
-1.1458991813774235,-1.4495045676037308,0.0,5.114479495409933,1
-1.0858721948025927,0.5724624714600394,0.0,2.2503643041834813,1
0.7167608454825536,-1.4495045676037308,0.0,6.153199133625112,1
0.787598712547306,-1.4495045676037308,0.0,4.51781775026863,1
-1.5485003349869826,0.4838918902983728,0.0,1.898898414033546,1
-1.1495623980963838,-1.4495045676037308,0.0,5.605984872783546,1
0.710370033396719,0.9741350355957514,0.0,1.80014337205689,0
0.7167608454825536,0.6106347386481292,0.0,2.240827345133885,0
-1.5485003349869826,-1.4495045676037308,0.0,4.463708380465798,1
0.6849473754636609,0.9602430705187611,0.0,2.340798101410458,0
1.378166435913162,-0.21982997089966594,0.0,2.582229998394244,0
1.378166435913162,-1.1072540633563843,0.0,4.185459016902686,1
1.378166435913162,-0.9069748149647733,0.0,4.034623499011084,1
-1.5485003349869826,-1.4495045676037308,0.0,4.017106224052767,1
1.378166435913162,0.6689284619765181,0.0,8.144747311352933,1
-1.1214248141389416,-1.4495045676037308,0.0,5.2936598664975705,1
0.710370033396719,1.4481512087337318,0.0,2.35800766561027,0
-1.5485003349869826,1.4481512087337318,0.0,2.2397166301323295,1
-1.0462089020296135,1.4480563147787553,0.0,2.5204040563603085,0
-0.9677212744122297,1.4480563147787553,0.0,2.7518999669617727,1
1.378166435913162,0.018566098846203395,0.0,8.962174782740844,1
-0.8291910944608343,0.5881474843107554,0.0,2.6086315695954205,1
-1.0858721948025927,-0.9936650520340982,0.0,5.704153091074285,1
0.4717016244952289,-0.8908759313040558,0.0,2.882325629378248,0
-1.5485003349869826,1.0050318545785826,0.0,2.1420213110976247,1
1.378166435913162,0.5651851877623054,0.0,2.5400893867195773,0
1.378166435913162,-1.1634084993085074,0.0,4.557278049220008,1
-1.1214248141389416,1.4481512087337318,0.0,1.9367540780304424,1
1.378166435913162,-1.0392061866553604,0.0,3.084583917204053,0
0.710370033396719,0.8232191038966041,0.0,2.297967221048314,0
1.378166435913162,-0.39610002606689104,0.0,2.531427219569487,0
-1.1458991813774235,1.4481512087337318,0.0,2.4075619152703545,1
1.378166435913162,0.3443867717760363,0.0,8.657881412044592,1
1.378166435913162,-0.9205331774008391,0.0,5.238009832173306,1
-1.1495623980963838,0.6307810924898708,0.0,2.4020757429961797,1
-1.1458991813774235,-1.4495045676037308,0.0,5.49410017967444,1
-1.1458991813774235,0.44216136193174915,0.0,2.639228172602479,1
-1.0858721948025927,-1.4495045676037308,0.0,6.356681571517184,1
-1.5485003349869826,-1.4495045676037308,0.0,4.800726336816633,1
-1.1458991813774235,1.4481512087337318,0.0,1.9269887946263033,1
0.6650892123420602,1.4480086517533537,0.0,1.837464664324366,0
-1.5485003349869826,1.0050318545785826,0.0,2.7295315839264753,0
0.639580171692575,-1.1634084993085074,0.0,2.5535332915065476,0
-1.5485003349869826,-1.4495045676037308,0.0,5.8343549237953765,1
0.457916959072592,-1.085143769418682,0.0,3.96738872173716,1
-1.1214248141389416,0.44216136193174915,0.0,8.526993386240418,1
-1.5485003349869826,-0.9880355100044224,0.0,4.651216001966221,1
-1.5485003349869826,1.4481512087337318,0.0,2.43757497483802,1
-1.5485003349869826,-0.9069748149647733,0.0,2.456214918232947,1
0.46155140142209533,1.033181296014651,0.0,2.758930419148137,0
-0.3145429011451666,0.0,0.0,5.0,0
1.378166435913162,0.20087029400522916,0.0,2.3742178011045905,0
1.378166435913162,0.7070651099767193,0.0,8.516345313974389,1
-1.1458991813774235,-0.7088496223886367,0.0,3.055137125695246,1
0.787598712547306,0.955526228545644,0.0,1.7517248150873637,0
-1.5485003349869826,-1.4495045676037308,0.0,5.742587370135643,1
0.7167608454825536,-1.1634084993085074,0.0,4.2519409741678,1
-1.1495623980963838,1.4481512087337318,0.0,2.111093973542954,1
0.710370033396719,-0.01930165610325643,0.0,8.873757542380751,1
1.378166435913162,-1.1634084993085074,0.0,2.203038333723185,0
1.378166435913162,-1.4495045676037308,0.0,6.468646601656062,1
-0.9387136791295414,-1.445668912944812,0.0,6.281791677760577,1
1.378166435913162,-1.4495045676037308,0.0,6.093304375261313,1
-1.0365358038448755,-1.4475948051420449,0.0,2.9653203675071427,0
-1.5485003349869826,0.5724624714600394,0.0,2.3629761761292047,1
-0.012009857740179928,0.0,0.0,5.0,1
-1.5485003349869826,-1.4495045676037308,0.0,4.119533810916991,1
1.378166435913162,-1.4495045676037308,0.0,5.91224146774609,1
-1.5485003349869826,0.42471799262274007,0.0,2.587753376272819,1
-1.0462089020296135,-1.0957553480603646,0.0,6.367301798524248,1
-1.5485003349869826,-1.1634084993085074,0.0,6.113388700062411,1
-1.1458991813774235,-1.4495045676037308,0.0,6.414352298324935,1
0.787598712547306,0.9741350355957514,0.0,8.932320579902747,1
-1.5485003349869826,0.9741350355957514,0.0,2.453048337849621,1
0.710370033396719,1.4481512087337318,0.0,2.747675612428485,0
-1.5485003349869826,-1.4495045676037308,0.0,5.184613036178662,1
0.710370033396719,-1.4495045676037308,0.0,2.374328688357066,0
-1.1214248141389416,0.9741350355957514,0.0,2.6249280740651266,1
1.378166435913162,0.9741350355957514,0.0,8.707969459788693,1
0.639580171692575,0.955526228545644,0.0,2.1447275753753696,0
-1.5485003349869826,-1.4495045676037308,0.0,4.0087408183569435,1
1.378166435913162,0.09835954505320363,0.0,9.046705916508655,1
-1.5485003349869826,-0.9108287659375035,0.0,4.667417578595104,1
1.378166435913162,-1.4495045676037308,0.0,6.485402419859941,1
0.787598712547306,0.44216136193174915,0.0,3.0158151022574904,0
0.6448273970616095,1.4480086517533537,0.0,2.4647044157154836,0
-1.0858721948025927,0.6689284619765181,0.0,2.180847810418845,1
0.639580171692575,-1.159404528414128,0.0,6.621839159063993,1
-1.5485003349869826,1.0195515707166167,0.0,2.7546746426080344,1
-1.5485003349869826,-1.0392061866553604,0.0,5.952459176031544,1
-1.5485003349869826,-1.4495045676037308,0.0,6.277265256109276,1
-1.5485003349869826,-1.4495045676037308,0.0,4.08689359034433,1
1.378166435913162,1.0050318545785826,0.0,8.54695998004075,1
-1.1214248141389416,1.0050318545785826,0.0,1.932891977825016,1
0.710370033396719,0.5724624714600394,0.0,7.957969236397531,1
0.28566870885486445,1.4475730832925437,0.0,2.453232901580802,0
-1.5485003349869826,-0.3732796217339353,0.0,4.207489338558941,1
-1.5485003349869826,-1.4495045676037308,0.0,6.396746562502287,1
-0.8442888696648956,-1.0960063082800209,0.0,8.27531790524295,1
-1.1495623980963838,1.0195515707166167,0.0,2.6751004265736085,1
-1.5485003349869826,1.0195515707166167,0.0,2.713599016447723,1
-0.818545660535388,-1.4378006956626737,0.0,5.288354566176908,1
0.639580171692575,-1.4495045676037308,0.0,5.312676531885005,1
0.787598712547306,1.0050318545785826,0.0,8.42702068712159,1
-1.1214248141389416,0.955526228545644,0.0,2.344111646791681,1
-1.5485003349869826,-1.4495045676037308,0.0,5.325604246007137,1
0.639580171692575,-0.2514151732304193,0.0,9.04952363090906,1
-1.1214248141389416,-1.0993323273573337,0.0,5.911636897266286,1
-1.1458991813774235,-1.4495045676037308,0.0,6.656366945440761,1
0.787598712547306,0.7070651099767193,0.0,2.3472473240971334,0
1.378166435913162,1.4481512087337318,0.0,2.529301522995135,0
1.378166435913162,-1.0993323273573337,0.0,2.6777620544428755,0
-1.5485003349869826,-1.0993323273573337,0.0,4.129977387673118,1
0.42098407230085466,0.9633264809609988,0.0,2.227498938627134,0
-1.5485003349869826,1.0050318545785826,0.0,2.193338708761273,1
-1.0245251369844965,-1.0957553480603646,0.0,5.526844143992743,1
-1.5485003349869826,-1.4495045676037308,0.0,4.267047029965923,1
-1.1495623980963838,-1.4495045676037308,0.0,5.996566093191309,1
1.378166435913162,-0.9851730539265872,0.0,5.200106401467861,1
-1.5485003349869826,-1.1072540633563843,0.0,5.300971163211026,1
1.378166435913162,1.0195515707166167,0.0,2.5421593465645014,0
-1.5485003349869826,1.0050318545785826,0.0,2.655800607198247,1
-1.5485003349869826,0.4730449720058626,0.0,2.5182802612490534,1
0.787598712547306,1.4481512087337318,0.0,2.4567695429722636,0
-1.5485003349869826,-1.4495045676037308,0.0,6.1791448087038265,1
-1.5485003349869826,-1.0993323273573337,0.0,4.519626720580577,1
0.7167608454825536,1.0050318545785826,0.0,8.422639174890136,1
-1.1458991813774235,1.4481512087337318,0.0,2.1726513230298137,1
-1.1495623980963838,-1.4495045676037308,0.0,3.5875226985509387,1
-1.5485003349869826,-0.8320486018607838,0.0,5.450834669513722,1
-1.5485003349869826,0.43386891187933424,0.0,2.3959087166957067,1
-1.1458991813774235,0.16159081864298627,0.0,8.725025933786204,1
0.710370033396719,1.0050318545785826,0.0,8.440789560272679,1
-1.1214248141389416,0.3246918916767606,0.0,2.6647909674066472,1
-0.8230597951747936,0.8282918790258942,0.0,2.418898500804312,0
0.7167608454825536,0.5371296437708533,0.0,2.702449621999539,0
-1.5485003349869826,0.44216136193174915,0.0,2.5378249514554594,1
-1.5485003349869826,0.04671688657781406,0.0,2.9857410569741876,1
1.378166435913162,-1.1634084993085074,0.0,4.12237168139234,1
0.639580171692575,1.0050318545785826,0.0,8.550382887134681,1
-1.0245251369844965,-0.8192131146621942,0.0,4.292132673928031,1
0.639580171692575,-1.4495045676037308,0.0,4.441966264732814,1
-1.5485003349869826,-1.1634084993085074,0.0,5.33845336528124,1
-0.8599367685881425,0.39043606719905877,0.0,2.569577517616224,1
0.639580171692575,-1.159404528414128,0.0,5.619298106757763,1
0.787598712547306,0.955526228545644,0.0,8.205601178462302,1
0.6448273970616095,-1.446633885787977,0.0,4.290629474636265,1
1.378166435913162,-1.4495045676037308,0.0,4.233129783319969,1
1.378166435913162,-1.4495045676037308,0.0,6.582206499565348,1
-1.1458991813774235,-1.4495045676037308,0.0,5.2482327702913025,1
0.4949802524694769,0.3128311359318722,0.0,8.757608160746354,1
-1.5485003349869826,0.529895899215817,0.0,2.30201947273875,1
0.639580171692575,0.695714165113867,0.0,8.209544472656207,1
1.378166435913162,-1.4495045676037308,0.0,5.146614780799142,1
1.378166435913162,0.955526228545644,0.0,8.217726795066486,1
-1.1214248141389416,1.0050318545785826,0.0,2.5485878008253375,1
1.378166435913162,0.42173437799289054,0.0,2.2151166478168505,0
1.378166435913162,0.9741350355957514,0.0,2.228560466022387,0
-0.9578725141904859,1.447960843819446,0.0,2.2398807870594735,1
1.378166435913162,-1.4495045676037308,0.0,4.179228153216016,1
0.7167608454825536,0.6106347386481292,0.0,2.4964354440913596,0
-1.1495623980963838,1.4481512087337318,0.0,2.0007572441435215,1
-1.1495623980963838,-1.4495045676037308,0.0,6.2815889641202,1
0.639580171692575,1.0050318545785826,0.0,2.852603514264271,0
-1.1214248141389416,1.4481512087337318,0.0,2.564461671049711,1
-1.1458991813774235,0.9741350355957514,0.0,2.0858410789660473,0
-1.5485003349869826,-1.0993323273573337,0.0,2.4054044222875257,1
-1.1458991813774235,-1.4495045676037308,0.0,6.315131100612153,1
1.378166435913162,0.43386891187933424,0.0,2.8557928068121066,0
1.378166435913162,-0.8666627980964074,0.0,3.7629331300286397,1
0.7167608454825536,0.42173437799289054,0.0,8.745147681992,1
-1.5485003349869826,1.0195515707166167,0.0,2.655057657661151,1
1.378166435913162,1.0195515707166167,0.0,2.3615912282502878,0
1.378166435913162,-1.4495045676037308,0.0,6.7652168325383535,1
-1.5485003349869826,1.0195515707166167,0.0,2.143035308932237,1
1.378166435913162,1.4481512087337318,0.0,2.036225237823195,0
0.710370033396719,1.0050318545785826,0.0,3.449221328741711,0
0.3194149414757812,0.41075965988452956,0.0,2.48956249963587,0
0.46413006142910557,-1.4446998656154735,0.0,2.9747182322558205,0
-1.1458991813774235,0.3792475579971822,0.0,2.8488232048078945,0
1.378166435913162,-0.3756275597259156,0.0,8.331240695952761,1
0.710370033396719,-0.6109611177790797,0.0,2.833725050325704,0
-1.5485003349869826,-1.4495045676037308,0.0,6.661865369491346,1
0.639580171692575,-0.9884953765624958,0.0,2.336983095845201,0
1.378166435913162,0.5752176024507784,0.0,8.632804290243921,1
0.787598712547306,1.0050318545785826,0.0,1.9928832408290968,0
0.639580171692575,-0.9007725365746757,0.0,2.232632820437912,0
-1.5485003349869826,0.44216136193174915,0.0,2.564218129156155,1
-1.5485003349869826,-0.9884953765624958,0.0,2.7759254402308455,1
1.378166435913162,-1.4495045676037308,0.0,4.7554992621760706,1
-1.1495623980963838,0.8232191038966041,0.0,2.118472629176592,1
-0.7154721259580141,0.5984083617555853,0.0,2.0035320186495187,0
0.710370033396719,1.0050318545785826,0.0,2.3789339501409184,0
0.710370033396719,-1.1072540633563843,0.0,6.652059475820716,1
-0.9090596629376607,1.4478647905723339,0.0,2.0588564756590846,0
0.710370033396719,-1.1634084993085074,0.0,5.878026729530301,1
1.378166435913162,-1.0993323273573337,0.0,5.083674239476878,1
-1.1495623980963838,-1.4495045676037308,0.0,5.121052837135389,1
-1.5485003349869826,1.0195515707166167,0.0,2.5804279521387583,1
-1.1214248141389416,-1.1072540633563843,0.0,4.272354973298235,1
0.7167608454825536,0.9741350355957514,0.0,2.411976455009211,0
0.4717016244952289,1.4480563147787553,0.0,2.4961678900069835,0
-1.5485003349869826,1.0195515707166167,0.0,3.0219355994538137,1
0.639580171692575,1.4481512087337318,0.0,2.390841890540996,0
-1.5485003349869826,-0.9007725365746757,0.0,4.876009835904531,1
1.378166435913162,-0.9054217075594011,0.0,4.153179332703445,1
-1.5485003349869826,1.4481512087337318,0.0,2.0145059076738314,1
1.378166435913162,1.0195515707166167,0.0,2.264836578168434,0
-1.0462089020296135,-0.3586796451852546,0.0,4.054288791246647,1
1.378166435913162,0.5724624714600394,0.0,2.3583465258703606,0
1.378166435913162,0.7070651099767193,0.0,8.190854268677562,1
0.639580171692575,-0.24578403148231526,0.0,2.780916191137562,0
0.639580171692575,-1.0993323273573337,0.0,5.837528629319317,1
-1.1458991813774235,-1.4495045676037308,0.0,5.262790668824768,1
1.378166435913162,0.42173437799289054,0.0,1.8885236809382004,0
-0.3230944589100246,0.0,0.0,5.0,0
1.378166435913162,0.955526228545644,0.0,8.167855099511762,1
0.787598712547306,1.0050318545785826,0.0,2.258433771154933,0
-1.1495623980963838,-0.9287615108319933,0.0,4.8127839153119405,1
1.378166435913162,0.6867253393757818,0.0,2.7230583896615066,0
-0.9201040441601099,0.5579748310948552,0.0,6.095015029869917,1
0.710370033396719,-0.24364868265452083,0.0,8.85134593296262,1
-1.5485003349869826,0.6829522445306385,0.0,2.2893627977766187,1
1.378166435913162,-1.4495045676037308,0.0,4.926135567897046,1
-1.5485003349869826,0.5724624714600394,0.0,1.9770000509134433,1
1.378166435913162,1.4481512087337318,0.0,2.3126068140186247,0
-0.9677212744122297,-1.4475948051420449,0.0,5.324585406448781,1
-1.1214248141389416,-0.6227462756952845,0.0,3.900846268715676,1
-1.5485003349869826,1.0195515707166167,0.0,2.241202513001728,1
-1.5485003349869826,-1.159404528414128,0.0,4.664338119913859,1
-1.5485003349869826,1.4481512087337318,0.0,2.2757680650764525,1
-1.5485003349869826,-1.4495045676037308,0.0,5.772129066869221,1
-1.1458991813774235,-1.1072540633563843,0.0,5.352620735325415,1
0.7167608454825536,0.6198651387601088,0.0,2.438018546074799,0
1.378166435913162,0.529895899215817,0.0,8.405099715433115,1
-1.1495623980963838,-1.4495045676037308,0.0,4.522828783500948,1
1.378166435913162,-1.0993323273573337,0.0,2.440595468882762,0
-1.5485003349869826,-1.0993323273573337,0.0,6.071239067030147,1
-1.1214248141389416,1.4481512087337318,0.0,2.3952847432631406,1
-1.5485003349869826,-1.4495045676037308,0.0,5.981228128316964,1
-0.8628164292008287,1.4478647905723339,0.0,2.133991988749783,1
1.378166435913162,0.5724624714600394,0.0,8.498248197388227,1
1.378166435913162,0.9741350355957514,0.0,8.515086803147323,1
1.378166435913162,-1.4495045676037308,0.0,4.486177561585743,1
1.378166435913162,1.4481512087337318,0.0,2.702585224553259,0
1.378166435913162,0.8232191038966041,0.0,2.136310618988424,0
1.378166435913162,1.0195515707166167,0.0,2.6095579852618123,0
-1.1214248141389416,-1.4495045676037308,0.0,6.155972368849721,1
-1.5485003349869826,-1.4495045676037308,0.0,4.697132117429903,1
-1.5485003349869826,0.9741350355957514,0.0,1.9843388792960537,1
0.7167608454825536,-1.159404528414128,0.0,4.54929382388472,1
-1.1495623980963838,-1.0993323273573337,0.0,3.9191087731994054,1
1.378166435913162,-1.159404528414128,0.0,4.57403568072283,1
1.378166435913162,1.0050318545785826,0.0,2.6782068673839765,0
-1.1214248141389416,-1.159404528414128,0.0,4.379727586384736,1
-1.1495623980963838,1.4481512087337318,0.0,1.7196003072292902,1
-1.5485003349869826,-1.4495045676037308,0.0,6.075030357694004,1
1.378166435913162,0.5724624714600394,0.0,8.248510043727709,1
1.378166435913162,1.0195515707166167,0.0,8.359259576174962,1
1.378166435913162,-1.4495045676037308,0.0,6.069200355921498,1
0.710370033396719,-1.159404528414128,0.0,8.49223314341236,1
1.378166435913162,-1.4495045676037308,0.0,5.600665156559296,1
-1.5485003349869826,-1.0392061866553604,0.0,5.877724447389048,1
-1.1495623980963838,1.4481512087337318,0.0,2.576475634559261,1
-1.5485003349869826,-1.4495045676037308,0.0,5.850551854081186,1
-1.5485003349869826,-1.4495045676037308,0.0,6.661090020897988,1
-0.4326104618939332,0.0,0.0,5.0,1
-1.5485003349869826,0.8385215690740073,0.0,2.474225037747788,1
1.378166435913162,-1.1634084993085074,0.0,4.887562043093812,1
0.710370033396719,-1.159404528414128,0.0,4.5137118297685905,1
-1.1214248141389416,1.0050318545785826,0.0,2.4100478063630097,1
0.710370033396719,-1.4495045676037308,0.0,5.035200510493266,1
-1.5485003349869826,-0.3585180233311672,0.0,2.338382728979485,1
1.378166435913162,-1.1634084993085074,0.0,2.1947472915793322,0
0.787598712547306,-0.012111549700102819,0.0,8.585534451569433,1
1.378166435913162,0.695714165113867,0.0,2.3005100292599883,0
-1.5485003349869826,-0.02890027916658567,0.0,2.8242227434418137,1
0.710370033396719,-1.4495045676037308,0.0,5.807596526553665,1
0.639580171692575,1.0050318545785826,0.0,2.9129554674234788,0
1.378166435913162,-1.4495045676037308,0.0,4.802855055890757,1
0.710370033396719,1.4481512087337318,0.0,2.1426034284744664,0
-1.5485003349869826,-1.4495045676037308,0.0,2.2455111703018424,1
-1.1495623980963838,0.955526228545644,0.0,1.831497278164106,1
-1.5485003349869826,1.4481512087337318,0.0,2.5336981302993657,1
0.710370033396719,-0.26848451327531003,0.0,2.9281329047858904,0
0.639580171692575,-1.4495045676037308,0.0,4.7443209713187855,1
-1.1458991813774235,-1.159404528414128,0.0,3.8940776836469646,1
-1.1495623980963838,1.0195515707166167,0.0,2.8749819882908043,1
0.7167608454825536,1.0050318545785826,0.0,2.4474260595039574,0
0.7167608454825536,0.3823170976957364,0.0,8.634623552559656,1
0.710370033396719,1.0195515707166167,0.0,8.754120495224232,1
1.378166435913162,0.5724624714600394,0.0,8.509152350685369,1
-1.1495623980963838,-0.9069748149647733,0.0,5.6751874078727225,1
0.7167608454825536,0.955526228545644,0.0,2.187072938261464,0
0.38175134333975785,0.9708285386714064,0.0,1.6675363480194552,0
1.378166435913162,-1.159404528414128,0.0,2.6248711173828814,0
-1.5485003349869826,1.4481512087337318,0.0,2.320459630018112,1
-1.5485003349869826,1.4481512087337318,0.0,2.479337430773117,1
-1.5485003349869826,-1.1072540633563843,0.0,5.029194630713446,1
-1.5485003349869826,1.0050318545785826,0.0,2.7588152627746867,1
-1.5485003349869826,-1.4495045676037308,0.0,6.565335825666043,1
-1.1214248141389416,0.9741350355957514,0.0,1.7473123557857067,1
0.3007793496712519,-1.4427494637557696,0.0,5.51344215240726,1
0.787598712547306,-1.4495045676037308,0.0,5.467929838217875,1
-1.5485003349869826,1.0195515707166167,0.0,2.5257200159203865,1
-1.1214248141389416,0.9741350355957514,0.0,2.1578376129315804,1
0.7167608454825536,-1.4495045676037308,0.0,4.107900194408165,1
1.378166435913162,0.955526228545644,0.0,2.5093898951867235,0
-1.5485003349869826,1.0050318545785826,0.0,3.0463670744230074,1
-1.1495623980963838,-1.4495045676037308,0.0,4.929708871922473,1
-1.0858721948025927,1.4481512087337318,0.0,2.0350774564828717,1
-1.1458991813774235,-1.159404528414128,0.0,4.858269801766066,1
-1.1458991813774235,-1.4495045676037308,0.0,4.568072718347803,1
0.787598712547306,-0.9629917543576462,0.0,2.623879416257313,0
-1.0858721948025927,1.4481512087337318,0.0,2.1033113057722854,0
-1.1458991813774235,-1.4495045676037308,0.0,6.220349891274857,1
1.378166435913162,-1.159404528414128,0.0,5.432406490131577,1
-1.1495623980963838,1.4481512087337318,0.0,1.914402748062714,1
-1.5485003349869826,-0.26646985353240915,0.0,2.7731393942849945,1
-1.0858721948025927,-1.4495045676037308,0.0,5.625447066749593,1
0.639580171692575,1.4481512087337318,0.0,1.9894145172396496,0
-1.5485003349869826,-1.4495045676037308,0.0,4.6670648978044875,1
-0.9677212744122297,1.0223594674531358,0.0,2.451053936225099,1
1.378166435913162,-0.7924789405865756,0.0,2.553100284317146,0
0.787598712547306,-1.4495045676037308,0.0,2.546535173456014,0
-1.1214248141389416,-0.6018945903929868,0.0,2.391680260533449,1
1.378166435913162,-1.4495045676037308,0.0,4.804186050616874,1
-1.5485003349869826,1.4481512087337318,0.0,1.715896858099871,1
1.378166435913162,-0.26365855492928053,0.0,3.0270016171918077,0
-0.9990116365219599,0.9586831535244584,0.0,1.9979738962679578,0
-1.5485003349869826,-1.4495045676037308,0.0,4.441968919697249,1
-1.5485003349869826,-1.4495045676037308,0.0,6.297768469625946,1
-1.5485003349869826,1.4481512087337318,0.0,2.157294813821736,1
0.710370033396719,-0.8530508087755416,0.0,2.850548912737997,0
1.378166435913162,-0.9185058343509008,0.0,3.156094915689863,0
-0.9387136791295414,-1.0921457518280024,0.0,2.6075973432140533,0
1.378166435913162,-1.0993323273573337,0.0,6.667870907432875,1
0.787598712547306,-1.1072540633563843,0.0,2.4580902604229955,0
0.639580171692575,1.0195515707166167,0.0,2.0042014866598614,0
-1.1495623980963838,-1.4495045676037308,0.0,3.8306283154042937,1
0.6448273970616095,1.4480086517533537,0.0,2.0483563230521264,0
-1.0858721948025927,0.955526228545644,0.0,2.6761917503085337,1
-0.29052027759146454,0.0,0.0,5.0,0
-0.9677212744122297,-1.4475948051420449,0.0,5.208379296228477,1
-0.8291910944608343,-1.4437267228516664,0.0,4.960314512656865,1
0.639580171692575,-1.4495045676037308,0.0,6.6928445702103385,1
-1.5485003349869826,0.955526228545644,0.0,2.1340782511717746,1
-1.5485003349869826,0.9741350355957514,0.0,1.8766044389203251,1
-1.1214248141389416,-1.159404528414128,0.0,4.053786313954684,1
0.6448273970616095,1.4480086517533537,0.0,2.300529988384904,0
-1.0858721948025927,-1.4495045676037308,0.0,6.761775608817621,1
-1.5485003349869826,-0.3742606931872465,0.0,2.578203558403259,1
0.4717016244952289,0.8290342862611149,0.0,2.2729490676562185,0
-1.5485003349869826,0.529895899215817,0.0,4.710936300545422,1
-1.5485003349869826,-0.23338957737370544,0.0,2.9581276414473026,1
0.4717016244952289,-1.1559598128387922,0.0,4.720054876953288,1
-0.9990116365219599,-1.1559598128387922,0.0,4.637297702511441,1
-1.5485003349869826,-1.4495045676037308,0.0,4.185689075115014,1
-1.1458991813774235,-0.8383489019766284,0.0,2.7511381683816922,1
1.378166435913162,0.6829522445306385,0.0,2.3286645824650196,0
-1.5485003349869826,-1.4495045676037308,0.0,4.030882503434893,1
1.378166435913162,0.4807014267588455,0.0,2.4775971101764385,0
-1.5485003349869826,0.5724624714600394,0.0,2.5048104501101505,0
0.33642588007241375,-1.4427494637557696,0.0,3.6564126338392846,1
-0.28799288674527945,0.0,0.0,5.0,1
-1.5485003349869826,0.9741350355957514,0.0,1.9432423728274708,1
0.787598712547306,0.017730083988715357,0.0,2.944147774667275,0
1.378166435913162,-1.4495045676037308,0.0,2.4288430707035586,0
-1.5485003349869826,-1.4495045676037308,0.0,5.66407236473317,1
0.639580171692575,0.955526228545644,0.0,2.4220852788063163,1
1.378166435913162,1.0050318545785826,0.0,2.292407610257157,0
-1.5485003349869826,0.5724624714600394,0.0,1.9099811802100306,1
-1.5485003349869826,0.955526228545644,0.0,1.961278655862562,1
-1.5485003349869826,-1.4495045676037308,0.0,5.714890215608251,1
-1.1214248141389416,-1.1072540633563843,0.0,8.499876510315257,1
-1.5485003349869826,-0.9936650520340982,0.0,4.377301683331361,1
-1.1458991813774235,-1.159404528414128,0.0,8.672408516990066,1
0.7167608454825536,0.6689284619765181,0.0,2.436336024513112,0
-0.9414720642624755,1.0126804418583242,0.0,2.6145743065491427,1
-1.5485003349869826,-1.4495045676037308,0.0,6.271760925293382,1
-1.0858721948025927,0.9741350355957514,0.0,2.948333556896967,0
1.378166435913162,0.42173437799289054,0.0,2.9040743244494913,0
0.22377637490522528,0.07722126060945177,0.0,5.545775116792036,1
-1.1214248141389416,-1.4495045676037308,0.0,4.042101140138864,1
0.7167608454825536,0.9741350355957514,0.0,7.757619622119388,1
0.4717016244952289,0.41155305846919155,0.0,8.272322990736487,1
0.710370033396719,-1.4495045676037308,0.0,5.23207314692352,1
1.378166435913162,1.4481512087337318,0.0,2.621715402707184,0
-1.5485003349869826,-1.159404528414128,0.0,6.3831714984707135,1
0.787598712547306,-1.4495045676037308,0.0,4.543448285780412,1
-1.5485003349869826,-1.4495045676037308,0.0,5.229737788529599,1
0.6849473754636609,-0.08337175457733044,0.0,8.713496535725087,1
1.378166435913162,0.5724624714600394,0.0,2.5716960078191407,0
0.710370033396719,1.0050318545785826,0.0,8.037845310367452,1
0.710370033396719,1.4481512087337318,0.0,2.263087011242237,0
-0.4325780004599806,0.0,0.0,5.0,1
1.378166435913162,1.4481512087337318,0.0,2.6365833363328424,0
0.16432707612865596,0.0,0.0,5.0,0
-1.1458991813774235,1.4481512087337318,0.0,2.7237779925339303,1
1.378166435913162,-0.9205331774008391,0.0,5.15466192490711,1
-0.9448395840746106,1.0251255539625228,0.0,8.839918087743355,1
-1.1214248141389416,-1.4495045676037308,0.0,4.711242980875248,1
-1.5485003349869826,0.346207988039995,0.0,2.8361914183691845,1
1.378166435913162,1.0195515707166167,0.0,2.2673825044519296,0
-0.9304323319006259,-0.8137419257265527,0.0,8.04098204050158,1
-0.8691220083821364,1.0278506763509785,0.0,2.265452613539881,1
0.7167608454825536,0.955526228545644,0.0,2.1919019458451103,0
-1.5485003349869826,-1.1634084993085074,0.0,5.990367233601903,1
-1.5485003349869826,-1.1072540633563843,0.0,5.255133579773142,1
1.378166435913162,-1.1634084993085074,0.0,8.24738955495543,1
0.4949802524694769,0.9586831535244584,0.0,8.430082175283115,1
1.378166435913162,1.0050318545785826,0.0,2.052753213904208,0
-1.1458991813774235,-1.4495045676037308,0.0,5.026819403541083,1
0.787598712547306,-1.159404528414128,0.0,5.849994332585473,1
-1.1495623980963838,0.8064660309596711,0.0,2.2525007679096203,0
-1.5485003349869826,1.0050318545785826,0.0,2.631625895184734,1
1.378166435913162,-1.1634084993085074,0.0,5.553567035841958,1
-1.1214248141389416,1.4481512087337318,0.0,2.4794416492358384,1
-1.1214248141389416,-1.159404528414128,0.0,5.604624920571295,1
-0.46711410004820236,0.0,0.0,5.0,0
0.639580171692575,-1.4495045676037308,0.0,4.495885335937102,1
-1.5485003349869826,1.4481512087337318,0.0,2.195078121681557,1
0.639580171692575,-1.159404528414128,0.0,5.3666997008408535,1
1.378166435913162,1.4481512087337318,0.0,2.5644355955026956,0
-1.5485003349869826,-1.4495045676037308,0.0,4.122258151651198,1
1.378166435913162,-1.4495045676037308,0.0,4.840481822288168,1
-1.0858721948025927,-1.4495045676037308,0.0,4.3760252386432485,1
-1.5485003349869826,1.4481512087337318,0.0,2.0340977486245246,1
0.7167608454825536,1.4481512087337318,0.0,2.948318935856653,0
-1.5485003349869826,1.0050318545785826,0.0,2.098581362722647,1
-0.9677212744122297,0.9586831535244584,0.0,2.092765587195208,1
-1.5485003349869826,-1.4495045676037308,0.0,6.691780856386163,1
-1.0858721948025927,1.4481512087337318,0.0,2.7374624884910674,1
0.639580171692575,0.5724624714600394,0.0,1.8181186206613038,0
-1.1458991813774235,-1.4495045676037308,0.0,6.141994125885529,1
1.378166435913162,1.4481512087337318,0.0,2.1938023593579787,0
1.378166435913162,0.42173437799289054,0.0,7.926683377174887,1
1.378166435913162,0.2025365809718129,0.0,8.325385328611635,1
1.378166435913162,1.4481512087337318,0.0,2.7140750736413266,0
1.378166435913162,0.3187457443253267,0.0,2.6306162287938473,0
-1.5485003349869826,1.4481512087337318,0.0,2.6829971519191647,1
-1.5485003349869826,-1.4495045676037308,0.0,6.056053522510998,1
0.710370033396719,-1.4495045676037308,0.0,7.883404585886648,1
1.378166435913162,-1.4495045676037308,0.0,4.378317449182812,1
-1.1495623980963838,-1.4495045676037308,0.0,5.035559952035726,1
-1.0858721948025927,-1.4495045676037308,0.0,5.201369313186603,1
1.378166435913162,-0.6188305354097543,0.0,8.592722695899273,1
-0.8777481118796784,-1.0997909963751993,0.0,4.824084416445663,1
0.787598712547306,-1.0392061866553604,0.0,8.517120627819585,1
1.378166435913162,-0.9936650520340982,0.0,8.443456645024742,1
-1.0858721948025927,-1.4495045676037308,0.0,5.286492925699097,1
1.378166435913162,0.24417371361684334,0.0,8.552126305255909,1
-1.5485003349869826,-0.019034103811399184,0.0,2.83532602207986,1
0.639580171692575,0.5724624714600394,0.0,2.165199822604666,0
-1.0462089020296135,1.4480563147787553,0.0,2.686416511360425,1
1.378166435913162,1.4481512087337318,0.0,8.087264091854243,1
-1.1214248141389416,-1.4495045676037308,0.0,5.763355688222275,1
-1.1458991813774235,-1.0993323273573337,0.0,6.028684959015893,1
-1.1458991813774235,1.0050318545785826,0.0,2.530296508003966,1
1.378166435913162,1.4481512087337318,0.0,2.9603204420490905,0
0.639580171692575,1.4481512087337318,0.0,8.752569772371274,1
0.2910106228792789,1.4478165439220947,0.0,2.489447793610032,0
-1.1495623980963838,-1.4495045676037308,0.0,5.594917908280178,1
-1.5485003349869826,0.6689284619765181,0.0,2.3543195489345696,1
1.378166435913162,-1.1072540633563843,0.0,4.382430522184753,1
-1.0858721948025927,1.4481512087337318,0.0,2.380694564878378,1
0.710370033396719,-0.9064241954096569,0.0,8.816805443591894,1
0.710370033396719,0.007189422711727517,0.0,2.8237357688044273,0
-1.5485003349869826,1.0195515707166167,0.0,2.5797527533976234,1
-1.5485003349869826,1.0195515707166167,0.0,2.3575638593761186,1
0.787598712547306,1.0050318545785826,0.0,2.30272002993245,0
0.787598712547306,0.9741350355957514,0.0,2.2892476359526284,0
-1.5485003349869826,1.4481512087337318,0.0,2.1001329966571536,1
-1.0858721948025927,-1.1634084993085074,0.0,5.524458745272666,1
1.378166435913162,-1.4495045676037308,0.0,4.797679047269963,1
0.004304252133400592,0.0,0.0,5.0,1
0.7167608454825536,-0.35371397330396254,0.0,2.495940927842239,1
-1.5485003349869826,-1.1072540633563843,0.0,6.574597393989374,1
0.639580171692575,-1.4495045676037308,0.0,5.42681166910999,1
1.378166435913162,0.022549448036632013,0.0,8.538877918630114,1
-1.5485003349869826,-1.1072540633563843,0.0,4.358172718019494,1
0.710370033396719,-0.22553836110771164,0.0,8.705784134723121,1
-1.0245251369844965,1.4480563147787553,0.0,2.6551715655800927,1
-1.5485003349869826,-1.1072540633563843,0.0,4.153046860396502,1
-1.5485003349869826,-1.4495045676037308,0.0,4.018633774243913,1
-1.0858721948025927,0.9741350355957514,0.0,2.005497091213236,1
-1.1458991813774235,-1.4495045676037308,0.0,2.5664074594161006,1
-1.5485003349869826,-1.4495045676037308,0.0,6.62847258089052,1
1.378166435913162,1.4481512087337318,0.0,8.08349203338012,1
-1.5485003349869826,-0.6257947570766921,0.0,4.361391876044027,1
-1.5485003349869826,-1.0993323273573337,0.0,5.2826730021690835,1
1.378166435913162,-1.1634084993085074,0.0,8.50920218677076,1
1.378166435913162,-1.4495045676037308,0.0,4.186941077200722,1
-1.5485003349869826,-0.23957452103209104,0.0,3.0474788003902042,1
-1.1495623980963838,-1.4495045676037308,0.0,6.647862301344592,1
1.378166435913162,-1.4495045676037308,0.0,4.806283459157903,1
1.378166435913162,1.4481512087337318,0.0,2.085945700832146,0
0.710370033396719,-1.4495045676037308,0.0,5.987797038945495,1
-0.8291910944608343,-1.4437267228516664,0.0,4.8922959024074775,1
-1.0365358038448755,-1.0957553480603646,0.0,2.1762043369930395,1
0.012279734157704654,0.0,0.0,5.0,1
1.378166435913162,-0.9936650520340982,0.0,2.4809900177268642,0
0.710370033396719,1.4481512087337318,0.0,2.021651029502715,1
0.710370033396719,1.0195515707166167,0.0,2.3555942871857796,0
-0.9304323319006259,-0.3217416582000618,0.0,2.660940353520124,0
-1.5485003349869826,1.4481512087337318,0.0,2.0041138050697036,1
-1.5485003349869826,-1.4495045676037308,0.0,5.453352084555545,1
-1.5485003349869826,-1.4495045676037308,0.0,6.27641742974175,1
-0.4035025476504255,0.0,0.0,5.0,0
1.378166435913162,1.4481512087337318,0.0,2.4480518595550547,0
0.6448273970616095,-1.0886073801090244,0.0,6.135788101897159,1
0.787598712547306,0.4838918902983728,0.0,8.536805269946768,1
-1.1458991813774235,0.4838918902983728,0.0,2.2567469466998458,1
-1.5485003349869826,1.4481512087337318,0.0,2.276126762295882,1
-0.11245072897452717,0.0,0.0,5.0,1
-1.0365358038448755,-1.4475948051420449,0.0,3.821922166360415,1
1.378166435913162,1.4481512087337318,0.0,2.553251210578682,0
0.787598712547306,0.3956431603655419,0.0,8.756813735468668,1
1.378166435913162,-1.4495045676037308,0.0,4.819224808199838,1
1.378166435913162,-1.0392061866553604,0.0,4.261883840586113,1
1.378166435913162,1.4481512087337318,0.0,1.975219590293643,0
-1.5485003349869826,-1.4495045676037308,0.0,5.9442888345118385,1
1.378166435913162,1.4481512087337318,0.0,2.029104710494031,0
-0.14055705498988436,0.0,0.0,5.0,0
-1.5485003349869826,1.4481512087337318,0.0,2.763828981037639,1
0.710370033396719,1.0195515707166167,0.0,2.463037182516928,0
0.639580171692575,-1.0993323273573337,0.0,2.8161709916088773,0
-1.5485003349869826,1.0195515707166167,0.0,2.0582013141810083,1
-1.1214248141389416,1.4481512087337318,0.0,2.3287817058669864,0
0.787598712547306,-1.1634084993085074,0.0,4.179185046434895,1
-1.1495623980963838,-1.4495045676037308,0.0,6.0885074724536175,1
0.710370033396719,0.9741350355957514,0.0,8.563567155560566,1
0.639580171692575,-1.4495045676037308,0.0,5.16782653958674,1
0.710370033396719,-1.4495045676037308,0.0,5.391575452649673,1
0.46413006142910557,-1.0903286688826128,0.0,5.698500341272158,1
1.378166435913162,-0.26899437813054444,0.0,2.46723825998831,0
0.639580171692575,0.5724624714600394,0.0,2.5047530055566796,0
-1.5485003349869826,1.0195515707166167,0.0,1.7026124555690503,1
-1.5485003349869826,0.2376389123085929,0.0,2.7133402819728016,1
0.7167608454825536,1.4481512087337318,0.0,8.054831574337147,1
-1.1458991813774235,1.0195515707166167,0.0,2.2741032589032466,1
1.378166435913162,-1.159404528414128,0.0,8.797443577011986,1
-1.5485003349869826,-1.4495045676037308,0.0,4.604396774119597,1
-1.0858721948025927,-0.9054217075594011,0.0,5.942973868752174,1
1.378166435913162,-0.3859264813704192,0.0,2.936203041215266,0
0.6448273970616095,1.4480086517533537,0.0,2.421435301612896,0
-1.5485003349869826,-1.1072540633563843,0.0,5.869848672696157,1
-1.5485003349869826,-1.1634084993085074,0.0,2.802596294333234,1
-1.5485003349869826,-1.1072540633563843,0.0,2.692538150795946,1
1.378166435913162,1.4481512087337318,0.0,2.179223067393651,0
1.378166435913162,1.4481512087337318,0.0,2.4298507742847137,0
-1.1214248141389416,-1.1072540633563843,0.0,5.12713664616584,1
-1.0858721948025927,1.0195515707166167,0.0,2.206613366804725,0
-1.0858721948025927,-1.4495045676037308,0.0,5.208918643705715,1
0.787598712547306,0.9741350355957514,0.0,2.1438131739964046,0
0.7167608454825536,-1.4495045676037308,0.0,5.260893497419636,1
0.4949802524694769,0.4734710530892205,0.0,2.5718051284888612,0
-1.0858721948025927,-0.9371103454836831,0.0,3.8419091678864774,1
-1.1458991813774235,-1.0993323273573337,0.0,4.502095525724741,1
-1.5485003349869826,-1.159404528414128,0.0,4.095090083585626,1
1.378166435913162,0.8385215690740073,0.0,2.586767501582756,0
1.378166435913162,0.6829522445306385,0.0,2.418796694480075,0
-1.5485003349869826,1.0050318545785826,0.0,2.2983729779155193,1
-1.5485003349869826,-0.9007725365746757,0.0,4.689441133953555,1
-1.5485003349869826,-1.1634084993085074,0.0,4.831080418150546,1
-0.9201040441601099,1.447960843819446,0.0,2.024331892676211,1
1.378166435913162,-1.4495045676037308,0.0,5.895777943350795,1
1.378166435913162,1.4481512087337318,0.0,8.314752739359884,1
-1.5485003349869826,-1.4495045676037308,0.0,5.252195075686966,1
-1.1458991813774235,1.0195515707166167,0.0,2.4519654908703234,1
1.378166435913162,0.3378171502787712,0.0,8.28746626818783,1
1.378166435913162,-0.3418313740771831,0.0,8.570914757079724,1
1.378166435913162,-1.159404528414128,0.0,4.71181700704165,1
1.378166435913162,-1.1072540633563843,0.0,6.335342309781671,1
-1.5485003349869826,-1.4495045676037308,0.0,4.650453907738596,1
1.378166435913162,1.4481512087337318,0.0,3.2005817943700823,0
0.710370033396719,-0.003502935050747946,0.0,8.768056874896123,1
0.639580171692575,1.0195515707166167,0.0,8.536274670568073,1
-1.0858721948025927,-1.4495045676037308,0.0,6.52676675555412,1
-0.9689732326353205,-1.0921457518280024,0.0,4.363897016488407,1
-1.5485003349869826,-1.4495045676037308,0.0,5.737079108131937,1
0.787598712547306,-1.4495045676037308,0.0,4.831790772494945,1
-1.5485003349869826,-1.1072540633563843,0.0,6.413960857367428,1
0.7167608454825536,0.8064660309596711,0.0,2.149202296572734,0
0.7167608454825536,-1.4495045676037308,0.0,6.159281601002131,1
1.378166435913162,-0.9851730539265872,0.0,8.59742504945545,1
-1.5485003349869826,0.955526228545644,0.0,2.3759838730234693,1
-0.8777481118796784,-0.8967505922189745,0.0,5.184501344513838,1
0.639580171692575,0.4551209749426044,0.0,1.986785189556323,0
0.787598712547306,0.39686471666212475,0.0,8.648116219671683,1
1.378166435913162,-0.9884953765624958,0.0,8.22220663102705,1
-1.0365358038448755,-1.103540188433729,0.0,5.464422746865337,1
1.378166435913162,0.34742399347928465,0.0,8.461872681481726,1
-1.1495623980963838,0.9741350355957514,0.0,1.9395852154476456,1
0.4717016244952289,1.4480563147787553,0.0,2.5426377955230546,0
-1.0858721948025927,1.4481512087337318,0.0,2.3422037887786384,1
1.378166435913162,-0.26646985353240915,0.0,9.020216579105806,1
-1.5485003349869826,-1.1072540633563843,0.0,4.8027495628824415,1
1.378166435913162,0.07594737489162834,0.0,2.257948263802484,0
0.7167608454825536,1.4481512087337318,0.0,8.34674024540877,1
1.378166435913162,0.9741350355957514,0.0,2.324191978863116,0
-1.5485003349869826,-1.4495045676037308,0.0,6.537718916875522,1
-1.5485003349869826,1.0195515707166167,0.0,2.7561718641834045,1
-1.1495623980963838,0.955526228545644,0.0,2.281082899400868,1
1.378166435913162,-1.4495045676037308,0.0,4.4821741282239875,1
-1.5485003349869826,1.4481512087337318,0.0,2.8730650887221874,1
-1.5485003349869826,1.4481512087337318,0.0,2.2453100068494534,1
0.6849473754636609,1.4480086517533537,0.0,2.1993357059262024,0
-0.26124095723744023,0.0,0.0,5.0,1
0.4717016244952289,0.5777299603435586,0.0,2.736146392342155,0
-1.1495623980963838,-1.4495045676037308,0.0,5.979191906131243,1
1.378166435913162,0.43386891187933424,0.0,8.319302528828336,1
-1.5485003349869826,-1.4495045676037308,0.0,3.981041986942767,1
-1.5485003349869826,-1.4495045676037308,0.0,5.353104129198018,1
0.787598712547306,-1.4495045676037308,0.0,5.69960413366587,1
0.787598712547306,-1.159404528414128,0.0,5.937418500060643,1
-1.1214248141389416,0.41812759764599894,0.0,2.545258498723956,1
-1.1214248141389416,1.0050318545785826,0.0,2.109462843156077,1
0.7167608454825536,0.9741350355957514,0.0,2.5940320017883565,0
-1.1495623980963838,-1.1634084993085074,0.0,4.963589014402296,1
0.7167608454825536,-1.1072540633563843,0.0,7.0299292590728495,1
1.378166435913162,-1.4495045676037308,0.0,5.813909802788957,1
-1.0858721948025927,-1.1634084993085074,0.0,4.146651472741327,1
1.378166435913162,1.4481512087337318,0.0,2.3739806237873573,0
1.378166435913162,0.7575476520511129,0.0,2.6008131145336457,0
1.378166435913162,-1.0993323273573337,0.0,4.395750741534852,1
-1.1214248141389416,-1.159404528414128,0.0,6.177832620320596,1
-1.5485003349869826,-1.159404528414128,0.0,6.5841042425843,1
-1.5485003349869826,0.955526228545644,0.0,2.201479457518695,1
-1.5485003349869826,-1.4495045676037308,0.0,4.652181791224664,1
-1.1214248141389416,1.0195515707166167,0.0,2.294133010537397,1
-0.29612711586474705,0.0,0.0,5.0,0
0.787598712547306,-1.0993323273573337,0.0,2.466074524475015,0
1.378166435913162,0.5724624714600394,0.0,8.102817698089764,1
-1.5485003349869826,-1.4495045676037308,0.0,5.850990360711637,1
-1.5485003349869826,-1.4495045676037308,0.0,5.881479471359155,1
-1.1495623980963838,1.0195515707166167,0.0,1.7673256268156223,1
-1.0365358038448755,1.4480563147787553,0.0,2.3741593956407363,1
-1.1458991813774235,-1.4495045676037308,0.0,4.52682560695429,1
-1.0858721948025927,-1.1634084993085074,0.0,4.471501216305937,1
-1.5485003349869826,-1.4495045676037308,0.0,5.39323096028534,1
1.378166435913162,-1.4495045676037308,0.0,4.659340376213157,1
0.787598712547306,1.0195515707166167,0.0,8.112645303833505,1
-1.0365358038448755,-0.8950688389717857,0.0,2.1157724639909365,1
1.378166435913162,0.4838918902983728,0.0,8.23884389489294,1
-1.5485003349869826,-0.640552555758093,0.0,2.88679861218087,1
0.6448273970616095,1.0088946071464964,0.0,2.3865066656956073,0
1.378166435913162,-1.4495045676037308,0.0,6.495476250097488,1
1.378166435913162,1.0050318545785826,0.0,8.258402001615938,1
1.378166435913162,-1.4495045676037308,0.0,5.229665596889256,1
-1.5485003349869826,1.4481512087337318,0.0,2.236887875326833,1
0.787598712547306,1.0050318545785826,0.0,8.405864055561398,1
1.378166435913162,0.955526228545644,0.0,2.8351939789301106,0
-0.9677212744122297,1.4480563147787553,0.0,2.548531914966266,1
0.787598712547306,1.4481512087337318,0.0,2.2764291197535167,0
0.710370033396719,1.4481512087337318,0.0,2.681105886869634,0
-1.5485003349869826,1.4481512087337318,0.0,1.976741751691538,1
-1.1495623980963838,-1.4495045676037308,0.0,6.199523889903515,1
-1.5485003349869826,-0.9054217075594011,0.0,2.4278156752930973,1
1.378166435913162,0.8232191038966041,0.0,2.089545463626026,0
-0.9304323319006259,1.447960843819446,0.0,1.9531458734400717,1
0.639580171692575,1.0050318545785826,0.0,2.483765914910949,0
-1.0609486432407544,-1.4475948051420449,0.0,6.287667853217657,1
1.378166435913162,0.8064660309596711,0.0,2.298439892693892,0
-0.6820896835885164,-1.0440825495228987,0.0,5.902504477975808,1
-1.5485003349869826,0.9741350355957514,0.0,2.13689481786835,1
-1.5485003349869826,1.0195515707166167,0.0,1.802421579493609,1
-1.1458991813774235,0.5724624714600394,0.0,2.085827010422011,1
-1.1495623980963838,0.9741350355957514,0.0,1.6287998526556562,1
-1.5485003349869826,1.0050318545785826,0.0,2.2128294651389258,1
-1.5485003349869826,-1.4495045676037308,0.0,6.625847477977228,1
-1.5485003349869826,-1.4495045676037308,0.0,3.9258205714932233,1
-1.5485003349869826,1.0050318545785826,0.0,2.4812114483690983,1
-1.5485003349869826,1.4481512087337318,0.0,1.9488589602338582,1
-1.1458991813774235,-1.4495045676037308,0.0,4.1317190556759344,1
1.378166435913162,0.9741350355957514,0.0,2.7608731578982844,0
-1.5485003349869826,-1.159404528414128,0.0,6.603028568623539,1
1.378166435913162,-0.9371103454836831,0.0,5.069519269381263,1
0.4020054067890294,1.0176121002110257,0.0,2.396990436628461,0
1.378166435913162,0.529895899215817,0.0,8.089637640909215,1
0.7167608454825536,1.4481512087337318,0.0,2.6305691322364435,0
1.378166435913162,0.4551209749426044,0.0,8.277000306199017,1
0.7167608454825536,1.4481512087337318,0.0,8.411577192707808,1
0.7167608454825536,1.4481512087337318,0.0,8.266856402332353,1
1.378166435913162,0.42173437799289054,0.0,8.42583025195694,1
1.378166435913162,0.8385215690740073,0.0,2.1458093670630127,0
-1.5485003349869826,0.9741350355957514,0.0,1.7784184747965788,1
1.378166435913162,-1.4495045676037308,0.0,4.316077443086487,1
1.378166435913162,-1.0993323273573337,0.0,6.470615393347542,1
1.378166435913162,-1.4495045676037308,0.0,5.812550460297765,1
-1.5485003349869826,1.0050318545785826,0.0,2.1093831905054703,1
-0.29438448220011965,0.0,0.0,5.0,0
-1.5485003349869826,-1.4495045676037308,0.0,5.267197813154931,1
-1.0245251369844965,0.33845912856877175,0.0,8.262661971519268,1
-1.1495623980963838,-1.4495045676037308,0.0,2.5754551685894453,1
0.6448273970616095,1.4480086517533537,0.0,2.4060864421548844,0
0.7167608454825536,-1.159404528414128,0.0,3.134625693450399,0
-1.1214248141389416,1.4481512087337318,0.0,3.0629797030271777,1
-1.5485003349869826,1.4481512087337318,0.0,2.6400488684415047,1
-0.9689732326353205,0.9617908024981108,0.0,2.0585853316109315,1
-1.1495623980963838,1.0050318545785826,0.0,1.8950371262462409,1
-1.5485003349869826,-1.4495045676037308,0.0,4.959813819691057,1
-1.1495623980963838,0.529895899215817,0.0,6.3045620369551205,1
1.378166435913162,-1.4495045676037308,0.0,5.682441466139942,1
1.378166435913162,1.0050318545785826,0.0,7.911337310367111,1
0.7167608454825536,-1.4495045676037308,0.0,4.996069583369774,1
-1.0245251369844965,-1.4475948051420449,0.0,5.726473433832327,1
-0.1091481472578823,0.0,0.0,5.0,0
-1.5485003349869826,1.4481512087337318,0.0,2.758806961580391,1
-1.0858721948025927,-1.4495045676037308,0.0,3.9832222988638057,1
-1.5485003349869826,1.0195515707166167,0.0,2.6103178264573352,1
1.378166435913162,1.4481512087337318,0.0,2.1080942411260226,0
1.378166435913162,-1.4495045676037308,0.0,2.9066264177722303,0
1.378166435913162,-0.6232348958334365,0.0,9.017349147547687,1
0.710370033396719,0.8064660309596711,0.0,2.5053973307825577,0
0.710370033396719,0.4312064434504079,0.0,9.056038926772908,1
-1.0858721948025927,0.004292783156234827,0.0,8.26904124595974,1
-1.1495623980963838,-1.4495045676037308,0.0,5.940096294963519,1
0.710370033396719,1.4481512087337318,0.0,2.529978459696141,0
-1.1495623980963838,1.4481512087337318,0.0,2.1995214398634424,1
1.378166435913162,1.4481512087337318,0.0,2.769574677081901,0
0.4949802524694769,0.26445882364601203,0.0,2.759056912830303,0
1.378166435913162,0.4551209749426044,0.0,8.085513702896137,1
0.4949802524694769,-0.39438501708779883,0.0,8.471439876513319,1
-1.1495623980963838,-1.4495045676037308,0.0,6.3504034048448315,1
-1.5485003349869826,-1.159404528414128,0.0,2.080649244113196,1
0.787598712547306,-1.4495045676037308,0.0,5.9854545527171155,1
1.378166435913162,-1.4495045676037308,0.0,6.8443387281739,1
-1.1495623980963838,0.8232191038966041,0.0,2.2237233655826585,1
-0.13110354309338176,0.0,0.0,5.0,0
-1.1214248141389416,-1.4495045676037308,0.0,4.8479517146308755,1
-1.1214248141389416,-1.4495045676037308,0.0,6.283357506104165,1
-1.0858721948025927,-1.4495045676037308,0.0,6.492357277447878,1
0.639580171692575,-0.9880355100044224,0.0,4.257049085933106,1
-1.0245251369844965,0.4931409630188686,0.0,2.2971724930808235,1
-1.1495623980963838,-1.4495045676037308,0.0,4.9368583773630235,1
-1.5485003349869826,0.9741350355957514,0.0,2.0171545506087907,1
-1.0858721948025927,-0.9936650520340982,0.0,5.8471837779278575,1
-1.5485003349869826,-1.4495045676037308,0.0,6.2524219204341,1
-1.0245251369844965,-0.9011063212061569,0.0,4.027954539895711,1
-1.5485003349869826,0.529895899215817,0.0,2.0797003876408757,1
-1.5485003349869826,-1.4495045676037308,0.0,4.467410884557424,1
0.4717016244952289,-1.4475948051420449,0.0,6.2971456773119625,1
-1.0245251369844965,1.4480563147787553,0.0,2.08020660898731,0
-0.9990116365219599,1.0076156727753416,0.0,2.2073352340348285,1
0.639580171692575,-1.4495045676037308,0.0,6.608134976999537,1
-0.8787744675821968,1.4476709157561762,0.0,1.8949413988893855,0
0.7167608454825536,-0.9880355100044224,0.0,3.123839712047677,0
-1.5485003349869826,-1.159404528414128,0.0,4.757732699297671,1
-1.1214248141389416,-1.4495045676037308,0.0,4.698724136275782,1
-1.1458991813774235,-1.0993323273573337,0.0,6.355893220568398,1
-1.0609486432407544,1.4480563147787553,0.0,2.458201625440932,1
-1.0858721948025927,1.4481512087337318,0.0,2.3600231424413303,0
1.378166435913162,0.955526228545644,0.0,2.174367873683122,0
-1.5485003349869826,-0.8651963853729371,0.0,4.388672152631579,1
1.378166435913162,1.4481512087337318,0.0,2.4565667502733683,0
1.378166435913162,1.4481512087337318,0.0,2.5671241293316274,0
-1.1495623980963838,1.4481512087337318,0.0,1.7191892171842797,1
-1.5485003349869826,1.0050318545785826,0.0,2.6544587114908023,1
1.378166435913162,0.34979386038936294,0.0,8.370188043951694,1
1.378166435913162,1.0195515707166167,0.0,2.7543735769929576,0
-1.5485003349869826,1.0195515707166167,0.0,2.6250332411334885,1
-0.9448395840746106,-1.445668912944812,0.0,6.298937943034567,1
1.378166435913162,1.4481512087337318,0.0,2.6991521294343164,0
-1.5485003349869826,-1.1072540633563843,0.0,2.2023676793148446,1
1.378166435913162,1.4481512087337318,0.0,2.904960214202334,1
1.378166435913162,-1.4495045676037308,0.0,6.0765311202949475,1
-1.1214248141389416,1.4481512087337318,0.0,2.4939884778228576,1
0.639580171692575,0.3553717103876801,0.0,2.216788230743438,0
-1.0858721948025927,0.955526228545644,0.0,1.8499119052079482,1
0.710370033396719,1.4481512087337318,0.0,2.2388186806639236,0
-1.0609486432407544,1.4480563147787553,0.0,2.900228063065837,0
0.639580171692575,-1.1072540633563843,0.0,5.791899229904841,1
-1.5485003349869826,0.8064660309596711,0.0,2.3795701931556086,1
1.378166435913162,-0.9069748149647733,0.0,2.3952543898715533,0
-1.5485003349869826,1.4481512087337318,0.0,2.553420901164254,1
-1.1214248141389416,-0.628801875900012,0.0,2.575731548846365,1
-1.1214248141389416,-1.4495045676037308,0.0,5.910930295246004,1
-0.2833209434766906,0.0,0.0,5.0,0
-1.1214248141389416,1.4481512087337318,0.0,2.1965123745861583,1
1.378166435913162,-1.0392061866553604,0.0,5.858616811959653,1
0.23049256818808314,-1.0440825495228987,0.0,2.7532137404485253,0
-1.1214248141389416,1.0050318545785826,0.0,2.335587574236471,1
-1.5485003349869826,1.4481512087337318,0.0,2.542085902870684,1
1.378166435913162,1.0050318545785826,0.0,2.35154198415275,0
-1.5485003349869826,-1.4495045676037308,0.0,5.445061987440924,1
-1.0245251369844965,0.4054274890351226,0.0,2.127604965237502,1
-1.1458991813774235,-1.0993323273573337,0.0,4.971572047688602,1
-0.9990116365219599,-0.9024489240964543,0.0,2.3335338403011034,1
-1.5485003349869826,-1.4495045676037308,0.0,5.5130198348490405,1
1.378166435913162,0.3565127893577844,0.0,8.29186555724133,1
0.787598712547306,1.4481512087337318,0.0,2.4918996228464394,0
-1.0609486432407544,-1.159797729275601,0.0,4.403038586897602,1
0.787598712547306,1.4481512087337318,0.0,2.3508768142357703,0
-1.5485003349869826,1.4481512087337318,0.0,2.136925251767393,1
0.639580171692575,1.0195515707166167,0.0,8.783662345886356,1
-1.5485003349869826,-1.4495045676037308,0.0,4.402157881490027,1
-1.1495623980963838,-1.4495045676037308,0.0,5.950837164458157,1
1.378166435913162,-1.4495045676037308,0.0,4.569557280953068,1
0.02880067772817466,0.0,0.0,5.0,1
-1.0858721948025927,0.955526228545644,0.0,1.772128726441928,1
-1.1458991813774235,1.0050318545785826,0.0,2.470156957120536,1
-1.5485003349869826,-0.9936650520340982,0.0,3.9342585544746607,1
-1.5485003349869826,-1.4495045676037308,0.0,6.316620934073745,1
-1.1214248141389416,0.9741350355957514,0.0,2.542099799025536,1
-1.1458991813774235,0.6829522445306385,0.0,2.6830044326227944,1
1.378166435913162,1.4481512087337318,0.0,2.3261303401949585,0
-1.0858721948025927,-0.8630719151086244,0.0,4.959348008185228,1
1.378166435913162,1.0195515707166167,0.0,2.4589092033421056,0
1.378166435913162,1.0050318545785826,0.0,8.162411134728625,1
-1.0609486432407544,1.4480563147787553,0.0,2.873848316177463,1
1.378166435913162,0.8385215690740073,0.0,8.139920601620743,1
0.710370033396719,-1.0993323273573337,0.0,2.1156253824849713,0
-0.9990116365219599,1.4480563147787553,0.0,2.570436157815995,0
-0.9578725141904859,0.9808345047593721,0.0,2.7400474528977266,1
-1.1495623980963838,0.9741350355957514,0.0,2.8322952965112727,1
0.639580171692575,0.8064660309596711,0.0,2.1867889532558884,0
-1.1495623980963838,-1.4495045676037308,0.0,5.654492341777782,1
-1.5485003349869826,-1.1072540633563843,0.0,5.6894901176676616,1
1.378166435913162,0.020844287695339393,0.0,8.445294687098354,1
-1.1214248141389416,0.9741350355957514,0.0,2.5702803742377007,1
1.378166435913162,1.0195515707166167,0.0,2.163576691623063,0
0.710370033396719,-0.9880355100044224,0.0,3.1090159051867943,0
-1.1214248141389416,-0.9471469153344222,0.0,5.881993704433193,1
-1.1458991813774235,-1.4495045676037308,0.0,5.034401030762155,1
-1.1214248141389416,-1.4495045676037308,0.0,4.434063387562861,1
-1.0609486432407544,1.0076156727753416,0.0,2.5555502988354903,1
-1.5485003349869826,-1.4495045676037308,0.0,3.846267508201665,1
-1.1214248141389416,-1.4495045676037308,0.0,4.526464959926118,1
-1.5485003349869826,-1.0993323273573337,0.0,3.578443009976408,1
-0.7618187676912253,0.5720460459505844,0.0,2.3432544222091365,0
-1.5485003349869826,0.529895899215817,0.0,2.444393325719493,1
0.710370033396719,1.0195515707166167,0.0,2.62724515768895,0
1.378166435913162,1.4481512087337318,0.0,2.353422684919968,0
1.378166435913162,1.4481512087337318,0.0,2.496074563251066,0
0.7167608454825536,-0.2292567043609536,0.0,3.316710176718499,0
-1.5485003349869826,-1.159404528414128,0.0,5.885002665792018,1
0.6592797762866381,-0.8893107508161961,0.0,5.44595121869158,1
0.4717016244952289,-1.159797729275601,0.0,5.548131588629249,1
1.378166435913162,1.0050318545785826,0.0,2.2583598199561177,0
-1.5485003349869826,-1.4495045676037308,0.0,6.428931221970705,1
-1.5485003349869826,1.0050318545785826,0.0,1.7675439116897806,1
-1.1495623980963838,-1.4495045676037308,0.0,5.22276868667395,1
-1.5485003349869826,-1.4495045676037308,0.0,4.962738202381333,1
-1.1458991813774235,1.0195515707166167,0.0,2.0398527660867343,1
-1.1495623980963838,1.4481512087337318,0.0,2.131457262796481,1
0.639580171692575,-1.159404528414128,0.0,4.3562111992234644,1
-1.5485003349869826,-1.4495045676037308,0.0,5.756193604274545,1
0.7167608454825536,-0.9936650520340982,0.0,3.1792868934291336,0
1.378166435913162,1.4481512087337318,0.0,2.8327148331783283,0
1.378166435913162,1.0050318545785826,0.0,8.662714599128426,1
1.378166435913162,1.4481512087337318,0.0,2.543870022159286,0
-0.9689732326353205,-1.0921457518280024,0.0,4.861682098399419,1
-1.5485003349869826,1.0050318545785826,0.0,2.1048600442597905,1
-1.5485003349869826,-1.1072540633563843,0.0,6.172849927652692,1
-1.5485003349869826,1.0050318545785826,0.0,2.613254293251604,1
-1.0858721948025927,-1.4495045676037308,0.0,5.178259942860825,1
-0.7219901441288094,1.0176121002110257,0.0,2.1601621585923776,1
1.378166435913162,0.9741350355957514,0.0,7.916611979020928,1
-1.1458991813774235,0.09634954775265346,0.0,2.877564567871819,0
-1.0858721948025927,-0.9108287659375035,0.0,4.070212539363308,1
-1.5485003349869826,0.955526228545644,0.0,2.70099302749352,1
0.44974821666265885,-1.4446998656154735,0.0,6.205157168538097,1
0.7167608454825536,-1.4495045676037308,0.0,6.053643308598758,1
1.378166435913162,-1.4495045676037308,0.0,5.107129140028804,1
-1.5485003349869826,-0.9851730539265872,0.0,3.9189863528483366,1
-1.5485003349869826,-1.4495045676037308,0.0,4.273855583650956,1
1.378166435913162,1.0050318545785826,0.0,2.526943933562107,0
-1.5485003349869826,-1.1072540633563843,0.0,6.8246015251374725,1
0.7167608454825536,-0.8014421261780997,0.0,2.622194003292663,0
0.639580171692575,1.4481512087337318,0.0,2.069324755580033,0
1.378166435913162,-0.9851730539265872,0.0,8.56365500463126,1
0.4717016244952289,1.0076156727753416,0.0,2.618474167955111,0
-1.1495623980963838,1.4481512087337318,0.0,2.4127749671149905,1
-1.1495623980963838,-1.4495045676037308,0.0,6.151914221331041,1
0.7167608454825536,-1.4495045676037308,0.0,5.425434009120163,1
-1.0245251369844965,-1.4475948051420449,0.0,6.533970359886576,1
-1.5485003349869826,-0.9114997419148064,0.0,2.3568782141839635,1
-1.5485003349869826,1.4481512087337318,0.0,1.9003978197578903,1
-1.1214248141389416,0.9741350355957514,0.0,2.629421330035222,1
1.378166435913162,0.955526228545644,0.0,7.937005458612794,1
-0.7550913011052263,1.4477681496892185,0.0,2.6149574049281887,0
-0.9990116365219599,0.9775140375569451,0.0,2.1843645859699716,1
-1.1458991813774235,1.4481512087337318,0.0,2.216432237133794,1
-1.0365358038448755,-0.834153670283086,0.0,3.514096239522446,1
0.7167608454825536,1.0050318545785826,0.0,8.171701346375603,1
-1.5485003349869826,-1.1634084993085074,0.0,5.608683109209004,1
0.33642588007241375,0.8256175874801828,0.0,2.1975317824464855,0
-1.5485003349869826,-1.4495045676037308,0.0,6.350010682945097,1
-1.1458991813774235,0.9741350355957514,0.0,2.015312227447786,1
-1.0858721948025927,-1.0993323273573337,0.0,5.677743367782641,1
-1.1495623980963838,-0.2605784537181145,0.0,2.5681010940125852,1
-1.5485003349869826,1.0195515707166167,0.0,2.516315421004527,1
0.639580171692575,-1.4495045676037308,0.0,4.310470019511957,1
-1.1495623980963838,-1.4495045676037308,0.0,3.9795891720169347,1
-1.0858721948025927,-1.1634084993085074,0.0,5.693692204383675,1
0.710370033396719,-0.9880355100044224,0.0,8.711006519549313,1
-0.8291910944608343,0.04872239512292574,0.0,2.648070004941478,0
0.787598712547306,0.955526228545644,0.0,8.536877641277403,1
1.378166435913162,0.3560226147826421,0.0,8.7128956385692,1
-1.0245251369844965,1.4480563147787553,0.0,2.29707634152677,1
1.378166435913162,0.955526228545644,0.0,2.2562703974918823,0
1.378166435913162,-1.4495045676037308,0.0,5.73457421253586,1
0.639580171692575,1.0050318545785826,0.0,1.706074525539598,0
-1.1214248141389416,1.4481512087337318,0.0,2.330432488824628,1
0.639580171692575,1.4481512087337318,0.0,2.6711280241094837,0
1.378166435913162,1.0050318545785826,0.0,2.137771022590931,0
-1.5485003349869826,-1.4495045676037308,0.0,4.339181883143916,1
-0.8505838850374251,0.28890698261510234,0.0,2.532190821398197,1
-1.1214248141389416,-1.1634084993085074,0.0,4.137312132410565,1
-1.0462089020296135,1.4480563147787553,0.0,2.3740969932814426,0
-1.5485003349869826,-1.1634084993085074,0.0,4.844232476367594,1
0.4949802524694769,-1.4475948051420449,0.0,6.128056816807636,1
-1.1495623980963838,0.955526228545644,0.0,2.7019489687308216,1
-1.5485003349869826,-1.1072540633563843,0.0,5.284921724138516,1
-1.1495623980963838,-1.4495045676037308,0.0,6.778830695605961,1
-1.1214248141389416,1.0050318545785826,0.0,2.044389015360945,1
-1.5485003349869826,0.4551209749426044,0.0,2.3339038822161506,1
-1.5485003349869826,1.0050318545785826,0.0,2.7250411845054137,1
-1.5485003349869826,0.8232191038966041,0.0,2.0980009406069513,1
1.378166435913162,-0.8398857770572493,0.0,8.30899041675051,1
-1.1495623980963838,-1.159404528414128,0.0,4.440741829999371,1
-1.1495623980963838,-0.6984521671400326,0.0,2.8050437119809937,1
-1.5485003349869826,1.0195515707166167,0.0,2.7525860409536955,1
1.378166435913162,1.0050318545785826,0.0,2.353885329304759,0
1.378166435913162,1.4481512087337318,0.0,2.244742776999978,0
-1.5485003349869826,0.43386891187933424,0.0,2.3999176539750877,1
0.639580171692575,1.4481512087337318,0.0,2.3441136534562834,0
1.378166435913162,0.955526228545644,0.0,2.2655152439302153,0
-1.5485003349869826,0.9741350355957514,0.0,2.1878250459050377,1
-0.31525932501112663,0.0,0.0,5.0,1
-1.5485003349869826,-1.4495045676037308,0.0,6.124947183630125,1
-1.0858721948025927,-0.6505371605434235,0.0,2.4167789701839912,1
-1.1495623980963838,1.4481512087337318,0.0,2.756942619274369,1
-1.1495623980963838,1.4481512087337318,0.0,2.1146931566759934,1
-1.5485003349869826,-1.159404528414128,0.0,6.176598961671198,1
-1.1214248141389416,-1.1634084993085074,0.0,2.3648777437922206,1
-1.0858721948025927,0.7070651099767193,0.0,3.082453810328948,1
0.710370033396719,1.4481512087337318,0.0,1.9108729051001754,0
-1.1495623980963838,-1.4495045676037308,0.0,5.819883931453845,1
-1.5485003349869826,-1.4495045676037308,0.0,6.879750715040879,1
0.639580171692575,-1.4495045676037308,0.0,6.750219432058303,1
0.639580171692575,-1.159404528414128,0.0,3.9995544052305676,1
0.639580171692575,0.9741350355957514,0.0,2.0153935184977687,0
-1.5485003349869826,-1.4495045676037308,0.0,5.2187425403595125,1
0.639580171692575,1.0050318545785826,0.0,2.374565064499456,0
-0.29285349671944644,0.0,0.0,5.0,1
-1.1495623980963838,0.9741350355957514,0.0,1.9517942273177742,0
-1.0245251369844965,-1.159797729275601,0.0,5.6320241150369394,1
-1.0462089020296135,-1.0957553480603646,0.0,7.078276476691768,1
0.639580171692575,0.8385215690740073,0.0,8.13023302391372,1
-1.5485003349869826,0.9741350355957514,0.0,1.5067302702247947,1
-1.5485003349869826,1.4481512087337318,0.0,1.7679536409494068,1
0.7167608454825536,0.955526228545644,0.0,2.5495573220921743,0
-1.5485003349869826,-1.4495045676037308,0.0,4.106974433549,1
1.378166435913162,0.2448559186848834,0.0,2.5159942942246114,0
0.7167608454825536,1.0195515707166167,0.0,2.8097989748744094,0
0.7167608454825536,-1.0993323273573337,0.0,5.146944406283135,1
-1.0245251369844965,1.0076156727753416,0.0,2.6610245575909124,1
1.378166435913162,-1.4495045676037308,0.0,3.999065095259422,1
-1.5485003349869826,1.4481512087337318,0.0,1.9467904894100796,1
1.378166435913162,1.0050318545785826,0.0,8.685403231713806,1
-1.5485003349869826,1.4481512087337318,0.0,1.8583238055816205,1
-1.1214248141389416,-1.4495045676037308,0.0,6.244446753819198,1
-1.0365358038448755,-1.159797729275601,0.0,2.8098277443953874,0
0.639580171692575,-0.9936650520340982,0.0,8.461317773940296,1
1.378166435913162,-1.4495045676037308,0.0,3.8785586062518673,1
-1.5485003349869826,-0.8383489019766284,0.0,4.487532321285255,1
-1.5485003349869826,-1.4495045676037308,0.0,5.06295901076076,1
-1.5485003349869826,-1.4495045676037308,0.0,5.376278575429552,1
-0.9741862948889325,1.0101649957432535,0.0,2.414395364810705,1
-1.1214248141389416,-1.4495045676037308,0.0,6.699513676703238,1
-1.0462089020296135,1.4480563147787553,0.0,2.2457211325852766,1
1.378166435913162,1.0050318545785826,0.0,3.0262355420162064,0
-1.1495623980963838,0.8385215690740073,0.0,1.9043238236965785,1
-1.0858721948025927,-1.4495045676037308,0.0,5.985523786401685,1
-1.0858721948025927,-1.159404528414128,0.0,3.743472462601164,1
-1.5485003349869826,1.4481512087337318,0.0,2.5844664624638094,1
1.378166435913162,-0.9205331774008391,0.0,4.484776880206896,1
-1.1495623980963838,-0.9880355100044224,0.0,4.583504773309984,1
-1.0365358038448755,-1.4475948051420449,0.0,5.00156538888689,1
0.7167608454825536,-0.2480996174031183,0.0,2.597769371901456,1
-1.5485003349869826,0.529895899215817,0.0,2.70257660621762,1
-1.5485003349869826,-1.4495045676037308,0.0,3.947296292657403,1
-1.5485003349869826,0.8064660309596711,0.0,2.1533530625141246,1
1.378166435913162,0.2588410212717586,0.0,8.94636165854475,1
-1.1495623980963838,0.955526228545644,0.0,1.8114967805094153,1
1.378166435913162,-1.1634084993085074,0.0,2.3895757618646156,0
1.378166435913162,1.0195515707166167,0.0,2.0455145251037483,0
0.16841379809407536,0.0,0.0,5.0,0
-1.5485003349869826,-0.36129912432921435,0.0,2.6211790681414606,1
-0.9741862948889325,-1.445668912944812,0.0,6.215037507294449,1
-1.5485003349869826,-1.159404528414128,0.0,2.8214404585829436,1
0.3019406518502853,-1.4427494637557696,0.0,4.014467868214181,1
-0.7409452466696685,1.4476709157561762,0.0,2.4787179445223044,0
-0.9677212744122297,0.9586831535244584,0.0,2.823121854362374,1
-1.5485003349869826,1.4481512087337318,0.0,2.529819647476377,1
-1.5485003349869826,-1.4495045676037308,0.0,5.2923204374163255,1
-0.9689732326353205,1.447960843819446,0.0,2.718837618442031,1
-1.5485003349869826,-1.4495045676037308,0.0,2.1130616578325307,1
-1.1495623980963838,-1.0993323273573337,0.0,6.589472573529719,1
-1.1495623980963838,0.8385215690740073,0.0,2.167984642569604,1
1.378166435913162,0.9741350355957514,0.0,7.9466431166085165,1
0.639580171692575,-0.625502090191806,0.0,2.952710173317905,0
-1.0462089020296135,-1.4475948051420449,0.0,4.414863288895785,1
-1.1458991813774235,-1.4495045676037308,0.0,4.580369043797448,1
1.378166435913162,-1.159404528414128,0.0,5.075387822576093,1
0.787598712547306,1.0050318545785826,0.0,8.347113100091464,1
-1.0462089020296135,1.4480563147787553,0.0,2.1589137144746378,0
1.378166435913162,0.3722347980567973,0.0,2.706908891868343,0
1.378166435913162,0.44216136193174915,0.0,8.84238002060824,1
-1.1214248141389416,-1.0993323273573337,0.0,4.42891114428875,1
-1.1214248141389416,-1.159404528414128,0.0,4.674377297355621,1
1.378166435913162,-1.1634084993085074,0.0,4.738601560394555,1
-1.1495623980963838,-1.4495045676037308,0.0,8.72012754513494,1
-1.1458991813774235,-1.0993323273573337,0.0,3.0137580545927167,1
-1.1214248141389416,0.955526228545644,0.0,2.3288646793532206,0
-1.1458991813774235,-1.4495045676037308,0.0,4.546966549009751,1
-1.1495623980963838,1.4481512087337318,0.0,2.0180002995552417,1
0.710370033396719,1.4481512087337318,0.0,2.366076390839442,0
-1.5485003349869826,-0.9399386966979418,0.0,4.014568590169228,1
-1.1458991813774235,0.955526228545644,0.0,2.5337118498647637,1
1.378166435913162,0.9741350355957514,0.0,1.8557603620234147,0
-1.5485003349869826,1.0050318545785826,0.0,2.2006734832353363,1
-1.1495623980963838,-0.22116149189203785,0.0,3.0460876299272845,1
-1.1495623980963838,0.955526228545644,0.0,2.854204569194418,1
-1.5485003349869826,-1.1634084993085074,0.0,2.308728691046295,1
0.787598712547306,1.0195515707166167,0.0,8.138470916290688,1
1.378166435913162,-1.1634084993085074,0.0,6.223246809832524,1
0.787598712547306,-1.4495045676037308,0.0,4.628965202558495,1
0.787598712547306,1.4481512087337318,0.0,1.7959411491230206,0
-1.1214248141389416,1.4481512087337318,0.0,2.3770168945227956,1
-1.0245251369844965,-1.4475948051420449,0.0,6.084926720667893,1
1.378166435913162,-1.1072540633563843,0.0,2.9124559203279765,0
-1.0858721948025927,0.1809117814648726,0.0,2.7866420974453208,1
0.639580171692575,1.0195515707166167,0.0,1.9981645773091141,0
1.378166435913162,1.4481512087337318,0.0,2.4649849090215046,0
1.378166435913162,0.529895899215817,0.0,8.216957130987971,1
-1.1458991813774235,1.4481512087337318,0.0,2.605000821492263,1
-1.0609486432407544,-1.4475948051420449,0.0,2.436554056211969,1
-1.1458991813774235,0.2418870160652962,0.0,2.7259474307718015,1
-1.1495623980963838,1.0050318545785826,0.0,2.069946381245845,1
0.2910106228792789,-1.4427494637557696,0.0,4.290975449163003,1
0.787598712547306,1.0195515707166167,0.0,2.254975045880711,0
0.7167608454825536,0.5651851877623054,0.0,2.2570442127523633,0
-1.5485003349869826,-1.4495045676037308,0.0,5.2192110827773925,1
-1.5485003349869826,0.9741350355957514,0.0,1.9783338902764807,1
1.378166435913162,-1.4495045676037308,0.0,5.381017460794476,1
0.787598712547306,1.0050318545785826,0.0,2.6857281563451965,0
-1.5485003349869826,-1.4495045676037308,0.0,3.5323731399313454,1
1.378166435913162,-1.4495045676037308,0.0,6.3715593644687,1
0.7167608454825536,0.26770699300371753,0.0,2.6842524375632726,0
-1.1495623980963838,-1.4495045676037308,0.0,4.962003431241724,1
-1.1458991813774235,-1.4495045676037308,0.0,3.715166030292139,1
1.378166435913162,-0.21936401236376854,0.0,2.4044874927144897,0
0.710370033396719,0.9741350355957514,0.0,8.175970835164996,1
0.787598712547306,0.955526228545644,0.0,1.8245492888222103,0
-1.5485003349869826,1.0050318545785826,0.0,2.77180533460916,1
-1.1495623980963838,1.0050318545785826,0.0,2.6747468799376075,1
0.49333107363031126,-1.4446998656154735,0.0,5.509653681612963,1
-1.0858721948025927,1.4481512087337318,0.0,2.437025349236425,1
-1.5485003349869826,-1.4495045676037308,0.0,2.8976799491250365,1
-1.5485003349869826,1.4481512087337318,0.0,1.8440167178852709,1
-1.5485003349869826,-1.0993323273573337,0.0,4.519483926407266,1
1.378166435913162,1.0050318545785826,0.0,8.369452907119499,1
0.6592797762866381,0.9791814988981976,0.0,2.2300801746080006,0
0.639580171692575,1.4481512087337318,0.0,2.194770581689376,0
0.787598712547306,1.4481512087337318,0.0,2.3329524874603687,0
-1.5485003349869826,1.4481512087337318,0.0,2.3184498895939702,1
0.43333657436964573,1.4479128903145995,0.0,2.2858046302563393,0
1.378166435913162,-1.4495045676037308,0.0,4.136206644575575,1
-1.1458991813774235,-1.4495045676037308,0.0,5.850347758619297,1
0.7167608454825536,1.4481512087337318,0.0,1.9540060642876884,0
0.7167608454825536,-1.159404528414128,0.0,6.067534720280006,1
-1.5485003349869826,1.4481512087337318,0.0,1.9369009613704502,1
-1.1458991813774235,-1.1634084993085074,0.0,3.773098224025378,1
-0.8442888696648956,-1.4437267228516664,0.0,4.009240596678209,1
-1.5485003349869826,-1.4495045676037308,0.0,6.028338714341156,1
0.7167608454825536,-0.24093309807973268,0.0,8.729364179086055,1
-1.1214248141389416,-1.4495045676037308,0.0,4.356922417748457,1
0.2894432870592563,1.4478165439220947,0.0,2.2032883497239335,0
-1.5485003349869826,-1.159404528414128,0.0,4.739179088317472,1
1.378166435913162,1.0050318545785826,0.0,2.3340937599442872,0
-1.5485003349869826,0.955526228545644,0.0,2.0044567173744907,1
0.7167608454825536,0.5724624714600394,0.0,8.361538472186371,1
1.378166435913162,0.9741350355957514,0.0,8.703884397705213,1
-0.8510118420392518,0.9904585508186636,0.0,7.798411542052375,1
1.378166435913162,0.9741350355957514,0.0,8.464875663468973,1
0.710370033396719,-1.4495045676037308,0.0,5.501501242538479,1
1.378166435913162,1.4481512087337318,0.0,2.419223153117421,0
-1.1495623980963838,-1.4495045676037308,0.0,6.314944623325212,1
-0.12909260974934708,0.0,0.0,5.0,0
0.787598712547306,1.4481512087337318,0.0,2.1101425772404157,0
1.378166435913162,0.955526228545644,0.0,2.070444422364362,0
0.4430186959777836,-1.085143769418682,0.0,5.402564050930264,1
-1.5485003349869826,-1.1072540633563843,0.0,5.82729425090834,1
-1.5485003349869826,0.5724624714600394,0.0,2.7972803746848043,1
-1.5485003349869826,-0.9936650520340982,0.0,3.940066220455767,1
0.29079221659864096,1.013925650098777,0.0,2.1894721230416985,0
-1.1495623980963838,-1.4495045676037308,0.0,6.580123581968623,1
-1.5485003349869826,-1.4495045676037308,0.0,3.9927127599176107,1
1.378166435913162,0.8385215690740073,0.0,2.1327638672083045,0
-1.1495623980963838,-1.4495045676037308,0.0,5.508251689179836,1
0.639580171692575,-1.4495045676037308,0.0,5.054847739036834,1
1.378166435913162,0.6307810924898708,0.0,2.405415795032612,0
-1.5485003349869826,0.955526228545644,0.0,2.540430871917639,1
-1.1214248141389416,-1.4495045676037308,0.0,3.027422226581984,1
-1.5485003349869826,-0.24959387155870727,0.0,2.339307746432949,1
-1.1214248141389416,-1.1072540633563843,0.0,5.3262717532268145,1
1.378166435913162,-0.9851730539265872,0.0,3.755325717204731,1
-1.5485003349869826,1.4481512087337318,0.0,2.1711083504442685,1
0.7167608454825536,1.0195515707166167,0.0,8.674240760750259,1
-0.39044267547698663,0.0,0.0,5.0,1
-1.1458991813774235,-1.4495045676037308,0.0,4.824804502358099,1
-1.1214248141389416,-1.4495045676037308,0.0,5.547337500331835,1
-1.0858721948025927,1.4481512087337318,0.0,2.404574672115561,1
-1.5485003349869826,1.4481512087337318,0.0,2.3442333615046413,1
0.639580171692575,0.955526228545644,0.0,2.44328749381922,0
0.4717016244952289,0.844606181183836,0.0,2.2042987805970915,0
0.6650892123420602,1.0237476835419264,0.0,2.849858849141134,0
-1.1495623980963838,-1.4495045676037308,0.0,2.297129987849738,1
0.7167608454825536,0.955526228545644,0.0,2.2885290389970177,0
-1.1214248141389416,1.0050318545785826,0.0,2.031300350027053,1
1.378166435913162,-1.4495045676037308,0.0,4.109817348784475,1
-0.9578725141904859,-1.445668912944812,0.0,5.513116451874037,1
-1.1214248141389416,-1.4495045676037308,0.0,3.973654503327843,1
-1.5485003349869826,-1.159404528414128,0.0,5.688031511608278,1
-1.1495623980963838,1.4481512087337318,0.0,2.003919982266763,1
-1.0462089020296135,0.028589571433918434,0.0,2.438447318405672,0
1.378166435913162,0.955526228545644,0.0,8.213053013164316,1
-1.0858721948025927,-1.4495045676037308,0.0,4.704863198241044,1
-1.1458991813774235,-1.4495045676037308,0.0,6.45569100945123,1
0.710370033396719,1.0195515707166167,0.0,8.582216695606508,1
-1.1495623980963838,-1.0993323273573337,0.0,4.122767220001266,1
1.378166435913162,1.0195515707166167,0.0,3.1011130762375503,0
0.787598712547306,-1.159404528414128,0.0,4.637111247382246,1
-1.5485003349869826,1.0050318545785826,0.0,1.9682459582320262,1
-1.5485003349869826,0.3907705922878432,0.0,2.4771868605992786,1
0.6592797762866381,-1.446633885787977,0.0,5.90006120036016,1
-1.1214248141389416,-1.1634084993085074,0.0,5.190059268113389,1
-0.9677212744122297,1.4480563147787553,0.0,2.5298719301000707,1
0.710370033396719,-0.02731631074590505,0.0,2.7585699403515695,0
-0.13653484377089561,0.0,0.0,5.0,0
-1.0365358038448755,1.0076156727753416,0.0,2.702942295106225,1
-0.9387136791295414,-0.9078930849742304,0.0,4.415920365821117,1
-1.5485003349869826,-1.4495045676037308,0.0,6.131982228182019,1
-1.5485003349869826,0.43654367464761135,0.0,8.823141194339513,1
1.378166435913162,0.9741350355957514,0.0,8.50178879096595,1
-0.2877221495757459,0.0,0.0,5.0,1
-1.5485003349869826,1.0195515707166167,0.0,2.5538600089213013,1
-1.1214248141389416,0.8064660309596711,0.0,2.42351493189933,1
-1.1458991813774235,1.4481512087337318,0.0,2.197500157806126,1
-1.1214248141389416,-1.4495045676037308,0.0,5.461723582833995,1
1.378166435913162,1.4481512087337318,0.0,1.7481230505816219,0
-1.5485003349869826,1.4481512087337318,0.0,2.3047225194155208,1
-1.5485003349869826,1.4481512087337318,0.0,2.3946576340717156,1
-1.1458991813774235,-1.159404528414128,0.0,4.004029529849612,1
-1.5485003349869826,-1.1634084993085074,0.0,4.831190976229788,1
1.378166435913162,-1.4495045676037308,0.0,5.9204729057972925,1
0.4717016244952289,-1.4475948051420449,0.0,5.417432760752783,1
1.378166435913162,-1.4495045676037308,0.0,5.61325011764803,1
-1.0858721948025927,-1.0392061866553604,0.0,5.472582933518257,1
0.710370033396719,1.4481512087337318,0.0,8.499577800457596,1
0.787598712547306,1.4481512087337318,0.0,2.5367714423259278,1
0.4430186959777836,0.9824732296713169,0.0,2.536033307877812,0
0.710370033396719,-1.4495045676037308,0.0,5.173784197024374,1
-1.5485003349869826,-1.159404528414128,0.0,5.93901045102228,1
1.378166435913162,-1.4495045676037308,0.0,4.215484682578382,1
-1.5485003349869826,-1.4495045676037308,0.0,4.67156370580709,1
-1.5485003349869826,-0.9884953765624958,0.0,2.6023631937293494,1
0.639580171692575,0.955526228545644,0.0,2.59126565767912,0
-1.5485003349869826,1.4481512087337318,0.0,2.2069723112332573,1
-1.1458991813774235,0.4838918902983728,0.0,1.8063420637922725,1
-1.0858721948025927,0.9741350355957514,0.0,2.6259726902985214,1
-1.5485003349869826,0.5724624714600394,0.0,2.1858965569686077,1
0.787598712547306,1.4481512087337318,0.0,2.430685262810176,0
-1.0245251369844965,1.4480563147787553,0.0,2.3157730089716533,1
0.639580171692575,0.9741350355957514,0.0,1.7950924061052422,0
0.6592797762866381,0.9791814988981976,0.0,8.58583202760822,1
-1.5485003349869826,0.955526228545644,0.0,2.5358569727930282,1
-1.0365358038448755,-1.4475948051420449,0.0,5.253973402224862,1
0.710370033396719,1.4481512087337318,0.0,2.3554237930988142,0
1.378166435913162,0.7027526598328396,0.0,2.506728013570258,0
-1.0609486432407544,-0.9327115146207179,0.0,4.45857216705718,1
-1.1458991813774235,0.7575476520511129,0.0,2.237731931200566,1
1.378166435913162,0.8064660309596711,0.0,8.448426091902121,1
0.787598712547306,-1.4495045676037308,0.0,4.814427083379842,1
-1.1495623980963838,-0.9205331774008391,0.0,3.2461350687758284,0
1.378166435913162,0.955526228545644,0.0,2.5709331346122335,0
0.787598712547306,-0.8383489019766284,0.0,2.1881611979390416,0
0.787598712547306,-0.23357912098014388,0.0,2.4388806625207002,0
-1.1495623980963838,0.43386891187933424,0.0,8.089243315666756,1
-1.5485003349869826,-0.9108287659375035,0.0,5.664720400054954,1
-1.1458991813774235,1.4481512087337318,0.0,2.1843591520342867,1
-1.5485003349869826,-1.4495045676037308,0.0,2.750967991307934,1
-1.5485003349869826,1.4481512087337318,0.0,2.839966087087326,1
0.787598712547306,-1.1634084993085074,0.0,4.4353821129698945,1
-1.1458991813774235,-1.4495045676037308,0.0,5.182655061741299,1
-1.5485003349869826,1.0050318545785826,0.0,1.8121406251576877,1
-0.9853759763832799,-0.4217348065710972,0.0,3.1565678211923838,0
1.378166435913162,-1.4495045676037308,0.0,2.4668145648020845,0
1.378166435913162,1.4481512087337318,0.0,8.277276201747544,1
-0.14737353210733536,0.0,0.0,5.0,1
-1.1214248141389416,0.3647617715036884,0.0,2.507843239027115,1
-1.1495623980963838,-1.4495045676037308,0.0,4.504916758981237,1
-1.5485003349869826,1.0195515707166167,0.0,2.4336909743569226,1
-1.0365358038448755,1.4480563147787553,0.0,2.121254045582127,1
-1.0365358038448755,-1.4475948051420449,0.0,5.624348898139136,1
-1.0245251369844965,-1.4475948051420449,0.0,4.9023715510044585,1
-1.5485003349869826,-0.9748261461241087,0.0,4.6353604882102015,1
-1.1458991813774235,1.4481512087337318,0.0,2.704789967093932,1
1.378166435913162,1.4481512087337318,0.0,2.3157213623411543,0
1.378166435913162,1.4481512087337318,0.0,8.154134270110234,1
-1.0858721948025927,0.9741350355957514,0.0,2.2476425000517555,1
1.378166435913162,-1.4495045676037308,0.0,5.700204170288682,1
1.378166435913162,-0.9524917944820775,0.0,1.890983242327227,0
0.6592797762866381,-1.0939546378979703,0.0,2.7631459861624075,0
0.30193366352499473,0.973749377579849,0.0,8.186088295619992,1
-1.0858721948025927,0.3722347980567973,0.0,2.1229574340221404,1
-1.5485003349869826,-1.0993323273573337,0.0,5.268204866113709,1
0.7167608454825536,1.0195515707166167,0.0,8.854635605924363,1
-1.1214248141389416,0.0025594749172946595,0.0,2.8637184994383253,1
-1.5485003349869826,-0.3417114570217067,0.0,2.8106623459189812,1
-1.1214248141389416,-1.4495045676037308,0.0,5.21627229580074,1
-1.5485003349869826,1.4481512087337318,0.0,1.83588988965276,1
1.378166435913162,0.955526228545644,0.0,2.3929594105281944,0
0.7167608454825536,0.529895899215817,0.0,2.938803126687669,0
-1.5485003349869826,1.0050318545785826,0.0,2.93315795600071,1
-1.5485003349869826,-1.4495045676037308,0.0,5.3978262523215506,1
-1.1458991813774235,0.44216136193174915,0.0,2.44720952013376,1
1.378166435913162,-1.159404528414128,0.0,3.3683945139040623,0
0.710370033396719,1.4481512087337318,0.0,2.539055420633299,0
1.378166435913162,0.3731327895129038,0.0,8.0500738881206,1
0.787598712547306,1.0050318545785826,0.0,2.804220873241686,0
-1.1495623980963838,-0.8150777390701343,0.0,2.4035689649765053,1
1.378166435913162,-1.1634084993085074,0.0,6.273395751552992,1
1.378166435913162,1.4481512087337318,0.0,8.300173922973174,1
-1.5485003349869826,0.38477278320910535,0.0,2.374920048315998,1
-1.5485003349869826,-1.4495045676037308,0.0,5.162738186948758,1
-1.1214248141389416,-0.2621767730892601,0.0,2.6413204742512097,1
-0.9272467326165411,-0.9008382204271195,0.0,4.347111109430824,1
1.378166435913162,0.955526228545644,0.0,8.007556452436209,1
-1.5485003349869826,1.0050318545785826,0.0,2.232564946083223,1
0.44974821666265885,1.0114269153682998,0.0,2.571373535271916,0
-1.1458991813774235,0.9741350355957514,0.0,2.0643088965383942,1
1.378166435913162,-1.4495045676037308,0.0,4.661346174688001,1
-1.5485003349869826,1.4481512087337318,0.0,2.511434945623054,1
-1.5485003349869826,0.695714165113867,0.0,2.314694627634176,1
-1.5485003349869826,-1.4495045676037308,0.0,5.575387127028517,1
1.378166435913162,1.0195515707166167,0.0,2.6016825199585223,0
1.378166435913162,1.0195515707166167,0.0,2.197428683294795,0
-1.0858721948025927,-1.159404528414128,0.0,3.0624433683938275,1
0.6849473754636609,-1.446633885787977,0.0,5.836169769812205,1
-1.1495623980963838,-1.4495045676037308,0.0,4.679824197867247,1
0.7167608454825536,-0.8428762035051582,0.0,8.301514372389791,1
-1.1495623980963838,-0.8392790577119408,0.0,4.939853452165526,1
1.378166435913162,-0.36369265336631607,0.0,2.5662746737821904,0
0.639580171692575,-1.4495045676037308,0.0,5.487024478392504,1
0.639580171692575,0.014026434846876238,0.0,8.506477015415456,1
1.378166435913162,1.0050318545785826,0.0,2.317662884487182,0
1.378166435913162,-1.159404528414128,0.0,5.886390947471435,1
0.2852437880134179,-0.25067845646124143,0.0,8.221823529979579,1
1.378166435913162,0.7575476520511129,0.0,2.188463574569477,0
0.4316848229639746,-1.4446998656154735,0.0,5.33671430227254,1
0.787598712547306,-1.4495045676037308,0.0,4.691520275686072,1
-1.5485003349869826,-1.4495045676037308,0.0,5.250143795073527,1
1.378166435913162,-1.4495045676037308,0.0,2.748492152309306,0
0.6592797762866381,0.9602430705187611,0.0,7.9616455539020405,1
0.7167608454825536,-0.6118756494990402,0.0,8.600173144889316,1
1.378166435913162,1.0050318545785826,0.0,2.3301857224972062,0
-1.5485003349869826,1.4481512087337318,0.0,2.3865721438831513,1
0.7167608454825536,0.955526228545644,0.0,1.9379486840990985,0
-1.5485003349869826,-0.9884953765624958,0.0,2.812553194825641,1
-0.6334187450797985,0.07722126060945177,0.0,2.340284920868092,0
-1.5485003349869826,0.9741350355957514,0.0,2.2155789560548333,1
0.7167608454825536,1.4481512087337318,0.0,2.1169749310479533,0
-0.9578725141904859,0.9808345047593721,0.0,2.1382820081419456,1
0.787598712547306,-1.4495045676037308,0.0,4.546378272194303,1
0.43333657436964573,0.8202230954798668,0.0,8.389299517852475,1
-1.5485003349869826,-1.4495045676037308,0.0,5.757709188600314,1
1.378166435913162,-0.37270663224786527,0.0,8.56404915134391,1
0.639580171692575,1.4481512087337318,0.0,3.2078033945577893,0
-1.5485003349869826,-1.4495045676037308,0.0,6.539052483806781,1
1.378166435913162,-1.4495045676037308,0.0,4.098554506261209,1
-1.5485003349869826,-1.4495045676037308,0.0,5.603425180048123,1
1.378166435913162,-1.4495045676037308,0.0,6.234589840660133,1
0.787598712547306,-0.7002897029164492,0.0,8.734229631483554,1
-1.5485003349869826,0.3904922454873546,0.0,2.7202896390735876,1
-0.8505838850374251,1.0101649957432535,0.0,8.304507427020283,1
-1.0858721948025927,0.7575476520511129,0.0,2.258396214196528,0
-0.47140074071152027,0.0,0.0,5.0,0
-1.1495623980963838,0.8385215690740073,0.0,2.2897583828639743,1
-1.0858721948025927,0.955526228545644,0.0,8.356933473674594,1
-1.1214248141389416,0.6689284619765181,0.0,2.3026303297153943,1
0.43333657436964573,0.9633264809609988,0.0,2.1456336542449215,0
1.378166435913162,0.955526228545644,0.0,7.844343763848602,1
-0.09740834551981421,0.0,0.0,5.0,0
0.29137871082636063,0.966362193633482,0.0,2.217401134398753,0
-0.9677212744122297,0.5367313535858427,0.0,2.2207980825203903,1
-1.5485003349869826,-1.4495045676037308,0.0,4.744419112476416,1
0.3019406518502853,-1.4427494637557696,0.0,6.943969820650337,1
0.787598712547306,1.4481512087337318,0.0,2.1857926565594337,0
-1.1495623980963838,-1.1634084993085074,0.0,5.5699948732522975,1
-1.1214248141389416,-1.0993323273573337,0.0,4.910506407416841,1
0.710370033396719,1.4481512087337318,0.0,2.3112156032216893,0
-1.1495623980963838,-1.4495045676037308,0.0,5.792738469894454,1
-1.5485003349869826,-1.4495045676037308,0.0,6.240702251889628,1
1.378166435913162,1.0050318545785826,0.0,1.6890087835814314,0
-1.1495623980963838,0.9741350355957514,0.0,2.0998440459923615,1
0.7167608454825536,1.4481512087337318,0.0,1.922089965257699,0
0.7167608454825536,0.9741350355957514,0.0,3.3369439083149097,0
0.787598712547306,1.4481512087337318,0.0,2.4432405602841016,0
0.639580171692575,-1.4495045676037308,0.0,5.478660895048213,1
-1.5485003349869826,0.0021402468140772502,0.0,2.6495870312293346,1
-0.9387136791295414,-1.445668912944812,0.0,3.9567449234293397,1
-1.0365358038448755,-1.4475948051420449,0.0,4.8652473214924274,1
-1.5485003349869826,1.0195515707166167,0.0,1.9620519376155185,1
1.378166435913162,-1.4495045676037308,0.0,4.739492496624654,1
-1.1495623980963838,0.9741350355957514,0.0,1.6509655357670119,1
-0.9304323319006259,-1.445668912944812,0.0,5.817935727981684,1
0.639580171692575,0.5724624714600394,0.0,1.9851363315588888,0
0.639580171692575,-0.9884953765624958,0.0,3.962423063537064,1
-1.1214248141389416,-1.159404528414128,0.0,4.0390806427931905,1
-1.0858721948025927,-1.1634084993085074,0.0,4.5821237075331975,1
-1.5485003349869826,1.0195515707166167,0.0,2.368240772575665,1
-0.43209084721032437,0.0,0.0,5.0,1
1.378166435913162,0.3226530000363551,0.0,8.6968008345314,1
0.787598712547306,-0.018476794121989933,0.0,8.671290176260072,1
1.378166435913162,0.8232191038966041,0.0,3.202058073221851,0
-1.5485003349869826,1.4481512087337318,0.0,2.416978450457273,1
-1.5485003349869826,1.4481512087337318,0.0,2.3792903951439417,1
-1.5485003349869826,-1.4495045676037308,0.0,4.761601148919103,1
-0.9515808992827639,-1.445668912944812,0.0,7.062709565115613,1
-1.5485003349869826,-1.4495045676037308,0.0,5.039990264023791,1
-1.5485003349869826,1.0050318545785826,0.0,2.2286428291556932,1
-0.872121786676559,1.4478647905723339,0.0,2.872396761215127,1
0.639580171692575,-1.0993323273573337,0.0,4.7253342614442895,1
1.378166435913162,1.0050318545785826,0.0,9.02458836456364,1
0.29064252736985835,1.013925650098777,0.0,2.069070998990294,0
1.378166435913162,-0.2457887809140649,0.0,3.219814875481778,0
-1.5485003349869826,-0.9287615108319933,0.0,3.1949736616441524,1
-1.1214248141389416,-1.0993323273573337,0.0,6.439479546221557,1
-1.5485003349869826,1.4481512087337318,0.0,2.3281745253216264,1
1.378166435913162,0.9741350355957514,0.0,2.594202417473293,0
1.378166435913162,-1.159404528414128,0.0,8.50314653518653,1
-1.5485003349869826,1.4481512087337318,0.0,2.400775975653047,1
-1.5485003349869826,-1.4495045676037308,0.0,5.432681630565367,1
1.378166435913162,1.4481512087337318,0.0,2.2354513087189263,0
-1.5485003349869826,0.9741350355957514,0.0,2.3708002520570983,1
-1.1458991813774235,0.9741350355957514,0.0,2.107272402218552,1
1.378166435913162,0.5840189780278678,0.0,8.572699221848477,1
-1.5485003349869826,1.4481512087337318,0.0,2.4943181329167072,1
-1.1214248141389416,-1.4495045676037308,0.0,6.025526066463187,1
-1.1458991813774235,-1.4495045676037308,0.0,6.41749129744286,1
-1.1495623980963838,1.4481512087337318,0.0,2.6054457318250615,1
0.710370033396719,1.4481512087337318,0.0,1.7712273427112235,0
-0.7094889074954261,1.0200294737647817,0.0,2.7436401963445514,0
-1.5485003349869826,1.0195515707166167,0.0,2.5225849250672234,1
1.378166435913162,0.955526228545644,0.0,2.498446805431932,0
-1.5485003349869826,-1.1634084993085074,0.0,5.573173843065219,1
1.378166435913162,-1.4495045676037308,0.0,6.132381722518412,1
1.378166435913162,-0.9884953765624958,0.0,8.877348217256127,1
-1.0858721948025927,0.955526228545644,0.0,1.5748068690291328,0
1.378166435913162,1.0050318545785826,0.0,8.316639264334352,1
1.378166435913162,-1.4495045676037308,0.0,5.039911506539425,1
-1.5485003349869826,-1.159404528414128,0.0,5.476354084654129,1
-1.5485003349869826,1.0195515707166167,0.0,2.403372936523186,1
-1.5485003349869826,-1.1634084993085074,0.0,6.331830122770983,1
-1.5485003349869826,0.8232191038966041,0.0,2.269549321625876,1
1.378166435913162,1.0195515707166167,0.0,3.4578762578412325,0
0.639580171692575,-1.4495045676037308,0.0,6.77401257968231,1
-1.5485003349869826,-1.4495045676037308,0.0,2.8657864479074115,1
-1.5485003349869826,-1.4495045676037308,0.0,4.829343603272775,1
-1.5485003349869826,-1.1634084993085074,0.0,3.5286835597016677,1
1.378166435913162,-1.4495045676037308,0.0,6.425405962277045,1
1.378166435913162,-1.159404528414128,0.0,8.324039386639372,1
0.710370033396719,-1.4495045676037308,0.0,2.6414740176317855,0
-1.5485003349869826,0.529895899215817,0.0,2.1805222078627273,1
-1.5485003349869826,-0.9880355100044224,0.0,4.8761118959687195,1
1.378166435913162,0.955526228545644,0.0,2.5871561123834486,0
0.7167608454825536,0.9741350355957514,0.0,2.400241161191307,0
-1.5485003349869826,0.5724624714600394,0.0,4.102252706933075,1
1.378166435913162,0.9741350355957514,0.0,8.486009782159144,1
1.378166435913162,-1.4495045676037308,0.0,5.85199674910664,1
1.378166435913162,0.9741350355957514,0.0,2.508336483435261,0
0.639580171692575,0.8064660309596711,0.0,2.7053430703064305,0
0.639580171692575,0.9741350355957514,0.0,2.3915469666986353,0
1.378166435913162,-1.4495045676037308,0.0,5.669677269663685,1
1.378166435913162,0.9741350355957514,0.0,2.386451582244132,0
-1.1458991813774235,1.4481512087337318,0.0,2.2748441422687975,1
0.7167608454825536,0.8385215690740073,0.0,9.022894545250242,1
1.378166435913162,-1.4495045676037308,0.0,5.8113623437639506,1
1.378166435913162,0.8232191038966041,0.0,2.2766825486081266,0
-1.0858721948025927,1.4481512087337318,0.0,2.775135572970201,1
-1.1495623980963838,0.5724624714600394,0.0,2.2302480378899805,1
-1.5485003349869826,0.955526228545644,0.0,1.9723873262785054,1
1.378166435913162,0.9741350355957514,0.0,1.8081118410396586,0
0.787598712547306,1.0050318545785826,0.0,2.336681255960632,0
-1.5485003349869826,1.0050318545785826,0.0,1.9072747750601102,1
-1.5485003349869826,-0.9426263424917493,0.0,4.3590419966688625,1
-1.5485003349869826,0.7575476520511129,0.0,2.120826711813726,1
0.639580171692575,1.0050318545785826,0.0,2.3028537972358785,1
-1.1458991813774235,-1.4495045676037308,0.0,5.74382650076573,1
0.639580171692575,1.4481512087337318,0.0,2.836521865392651,0
-0.31655259883941494,0.0,0.0,5.0,1
-1.0858721948025927,-1.4495045676037308,0.0,5.570109401630533,1
0.6650892123420602,-0.09071876593448622,0.0,2.953257096862583,0
1.378166435913162,1.4481512087337318,0.0,3.0023824147967666,0
-1.1458991813774235,-0.2639889492955228,0.0,2.763507969524948,0
-1.5485003349869826,-1.159404528414128,0.0,5.827000944078724,1
-1.1458991813774235,1.4481512087337318,0.0,2.1571525877772153,1
-1.1458991813774235,-0.9007725365746757,0.0,4.5128732839977,1
1.378166435913162,-1.4495045676037308,0.0,4.812691935511676,1
-1.1214248141389416,-1.159404528414128,0.0,5.621574757753473,1
1.378166435913162,0.6106347386481292,0.0,2.521763800034424,0
0.639580171692575,-1.4495045676037308,0.0,4.846253755581086,1
0.4458790393655114,0.5855577899866259,0.0,8.05986952146073,1
1.378166435913162,0.5724624714600394,0.0,2.2223756445790537,0
-1.0462089020296135,-1.4475948051420449,0.0,3.95499885334839,1
-1.1458991813774235,0.9741350355957514,0.0,1.8374365023431467,1
0.018426235012111766,0.0,0.0,5.0,0
-1.5485003349869826,-1.4495045676037308,0.0,4.881981785119971,1
-1.0462089020296135,1.0223594674531358,0.0,2.2794746002630357,1
1.378166435913162,-1.4495045676037308,0.0,4.249500354801,1
-1.1495623980963838,1.4481512087337318,0.0,2.766994052003335,1
1.378166435913162,0.9741350355957514,0.0,2.365732045943956,0
-1.5485003349869826,-0.9334706846748718,0.0,4.043466095729854,1
-0.9741862948889325,-1.445668912944812,0.0,5.5075545115328834,1
-1.5485003349869826,-1.4495045676037308,0.0,5.821336309920948,1
0.710370033396719,-1.4495045676037308,0.0,4.153128025057095,1
-1.0858721948025927,-1.4495045676037308,0.0,4.836250649289122,1
1.378166435913162,0.695714165113867,0.0,2.447326613673914,0
-0.9677212744122297,-1.4475948051420449,0.0,6.171655332746154,1
-1.1458991813774235,-0.9054217075594011,0.0,5.291357285816305,1
-1.1458991813774235,-0.9851730539265872,0.0,4.501592324283936,1
-1.5485003349869826,-0.21713363826328533,0.0,2.8741646004854693,1
-1.0858721948025927,1.4481512087337318,0.0,2.301166246061234,0
0.7167608454825536,0.8064660309596711,0.0,8.334563585630244,1
1.378166435913162,-1.4495045676037308,0.0,5.6201860965294665,1
-1.1495623980963838,-1.1634084993085074,0.0,4.50553422460794,1
-1.1495623980963838,-1.4495045676037308,0.0,5.727389546291487,1
-1.0858721948025927,0.9741350355957514,0.0,1.8848945054458406,0
-1.1214248141389416,0.26770699300371753,0.0,2.783701187838864,1
-1.1214248141389416,-0.9851730539265872,0.0,3.6155029178480516,1
-1.5485003349869826,-0.029338857828620352,0.0,2.2518428565880555,0
-0.9448395840746106,-1.0921457518280024,0.0,5.623114160249485,1
-1.0858721948025927,-1.4495045676037308,0.0,3.7465103799319026,1
-1.5485003349869826,-1.1634084993085074,0.0,2.54052103427572,1
-1.5485003349869826,-1.159404528414128,0.0,4.1887709449895585,1
0.639580171692575,1.4481512087337318,0.0,2.329700299793204,1
-1.1495623980963838,-1.159404528414128,0.0,5.605358675118184,1
-0.8505838850374251,0.9617908024981108,0.0,2.360489003046764,0
-1.5485003349869826,-1.1634084993085074,0.0,4.874213714858998,1
-1.5485003349869826,1.0195515707166167,0.0,2.2697572712182534,1
-1.0858721948025927,1.4481512087337318,0.0,2.560838203105928,0
-1.5485003349869826,-1.4495045676037308,0.0,6.018531940638088,1
0.639580171692575,1.0050318545785826,0.0,2.1502731859221846,1
-1.1495623980963838,-1.4495045676037308,0.0,6.230354096540511,1
0.6448273970616095,1.4480086517533537,0.0,2.2901134366625744,0
-0.9677212744122297,0.8290342862611149,0.0,8.488164021017356,1
-1.0858721948025927,1.4481512087337318,0.0,2.2447481043789446,0
1.378166435913162,0.3650412592625203,0.0,2.6703848545185744,0
-1.5485003349869826,0.8232191038966041,0.0,2.6236035039163,1
0.7167608454825536,-0.9108287659375035,0.0,5.990329960386647,1
0.28221912154100454,0.1152417255849116,0.0,8.204848124883847,1
-1.5485003349869826,-1.4495045676037308,0.0,5.109239296020808,1
-1.0365358038448755,-1.4475948051420449,0.0,5.768640089739545,1
-1.0858721948025927,1.0050318545785826,0.0,2.590783974029277,1
0.710370033396719,-0.8392790577119408,0.0,4.149615343200199,1
-1.1495623980963838,-1.0993323273573337,0.0,4.55308271189727,1
1.378166435913162,1.4481512087337318,0.0,2.665885473161029,0
1.378166435913162,-1.1634084993085074,0.0,3.0090827481719105,0
-1.5485003349869826,1.4481512087337318,0.0,2.601887797376099,1
-1.1495623980963838,1.4481512087337318,0.0,2.047448399899721,1
0.7167608454825536,0.9741350355957514,0.0,1.7283521639348032,0
1.378166435913162,-1.1072540633563843,0.0,5.119573574934337,1
-0.6445466139418713,0.0,0.0,5.0,1
-1.5485003349869826,-1.159404528414128,0.0,4.4953094825314235,1
-1.5485003349869826,0.529895899215817,0.0,2.300713853596141,1
-0.7264836527120666,1.4476709157561762,0.0,2.3701612613181973,0
0.787598712547306,1.0050318545785826,0.0,2.679091671328798,0
-1.5485003349869826,0.9741350355957514,0.0,2.0620948184502437,0
0.787598712547306,0.955526228545644,0.0,7.693368980558227,1
0.639580171692575,0.7575476520511129,0.0,2.44928442121564,0
1.378166435913162,-0.9064241954096569,0.0,2.3350596956619643,0
0.710370033396719,0.5540466573460562,0.0,2.3726138281326272,1
-1.5485003349869826,-0.9205331774008391,0.0,2.4998841143469943,1
-1.0858721948025927,1.0050318545785826,0.0,2.2541112208279506,1
-1.1458991813774235,-1.1634084993085074,0.0,4.209882272719365,1
1.378166435913162,-1.4495045676037308,0.0,5.827067461830513,1
-1.1495623980963838,-1.4495045676037308,0.0,4.1237742504542165,1
0.710370033396719,-1.159404528414128,0.0,2.5788100237118377,0
0.6650892123420602,-1.446633885787977,0.0,5.535005544887037,1
-0.3174708847723312,0.0,0.0,5.0,1
-1.1214248141389416,1.4481512087337318,0.0,2.6538251745890378,1
-1.1214248141389416,1.4481512087337318,0.0,2.8535214261315778,1
1.378166435913162,-0.0018599000699248862,0.0,8.427322737259008,1
-1.5485003349869826,0.955526228545644,0.0,1.5084864030202105,1
-1.0858721948025927,1.0195515707166167,0.0,1.9326239398920755,1
-1.1495623980963838,-1.0993323273573337,0.0,2.520651123377379,1
0.787598712547306,-1.4495045676037308,0.0,6.421787806507458,1
1.378166435913162,-1.159404528414128,0.0,5.308243855502721,1
1.378166435913162,1.0050318545785826,0.0,2.512619457236969,0
1.378166435913162,-0.9851730539265872,0.0,2.4134960699733434,0
-0.8505838850374251,-1.0868793630030773,0.0,4.8471749196064176,1
-1.5485003349869826,-1.4495045676037308,0.0,6.263419822013438,1
-1.1495623980963838,1.4481512087337318,0.0,2.5792027597721647,1
-1.1214248141389416,0.8064660309596711,0.0,2.375152649674509,1
0.639580171692575,1.4481512087337318,0.0,1.983783302891248,0
0.7167608454825536,1.0050318545785826,0.0,2.2082893508517887,0
-1.5485003349869826,-1.4495045676037308,0.0,5.407379877997327,1
-0.6901864420479623,0.973749377579849,0.0,2.0283254785998746,0
-1.5485003349869826,-1.159404528414128,0.0,2.2812065544117113,1
1.378166435913162,0.4551209749426044,0.0,8.530297658772126,1
-1.5485003349869826,0.023536048940765473,0.0,2.802689281377288,1
-1.1214248141389416,-1.4495045676037308,0.0,4.041288929418071,1
0.787598712547306,-0.25332503457188477,0.0,2.490790565094264,0
-1.0609486432407544,-1.0957553480603646,0.0,4.4038855222739475,1
0.639580171692575,0.5724624714600394,0.0,2.350890941946131,0
0.639580171692575,0.5724624714600394,0.0,8.201178300917288,1
-0.6411284813766567,0.07722126060945177,0.0,6.6007926898526135,1
-1.5485003349869826,0.695714165113867,0.0,2.259039417011451,1
-1.5485003349869826,-1.1072540633563843,0.0,4.338485070683663,1
-1.1214248141389416,1.0195515707166167,0.0,2.138414341728475,0
1.378166435913162,-1.4495045676037308,0.0,5.951454612255175,1
0.787598712547306,1.4481512087337318,0.0,2.2174531203124017,0
0.7167608454825536,1.4481512087337318,0.0,2.3987897272461307,0
-1.1214248141389416,0.955526228545644,0.0,2.083597457601235,0
-1.1458991813774235,0.955526228545644,0.0,2.3103473919390543,1
-1.0858721948025927,-1.159404528414128,0.0,5.071395998543156,1
-0.8291910944608343,0.48039561183200413,0.0,2.4690947027643873,1
-1.5485003349869826,-1.4495045676037308,0.0,4.984121807541623,1
-1.5485003349869826,-1.4495045676037308,0.0,4.48434771502869,1
0.7167608454825536,-1.4495045676037308,0.0,3.9176564438525925,1
-1.1495623980963838,-0.8083936523714375,0.0,2.941672174402214,1
-1.1458991813774235,-1.4495045676037308,0.0,4.495862182549717,1
0.7167608454825536,1.0050318545785826,0.0,2.337292265158254,0
0.710370033396719,0.43386891187933424,0.0,8.578910123531967,1
1.378166435913162,1.0050318545785826,0.0,2.170124633724704,0
0.639580171692575,1.0050318545785826,0.0,2.010473591757545,1
1.378166435913162,-0.632720136433612,0.0,2.8164539020564603,0
1.378166435913162,0.42173437799289054,0.0,8.147841649864924,1
-1.1458991813774235,1.4481512087337318,0.0,2.294289563677666,1
-1.5485003349869826,0.9741350355957514,0.0,1.9356647855609748,1
0.710370033396719,1.0050318545785826,0.0,7.83984592382124,1
0.787598712547306,1.0050318545785826,0.0,8.802917771266616,1
1.378166435913162,1.4481512087337318,0.0,2.1236170282080757,0
-1.0858721948025927,1.4481512087337318,0.0,2.3073823747409534,1
-0.9990116365219599,-1.4475948051420449,0.0,4.966000292356634,1
1.378166435913162,0.955526228545644,0.0,2.273306309550631,0
-1.1495623980963838,-1.4495045676037308,0.0,5.812838102567189,1
-1.0858721948025927,-1.4495045676037308,0.0,5.319141347793163,1
-1.0858721948025927,0.2982176798816978,0.0,2.640372274692361,1
0.787598712547306,1.0050318545785826,0.0,2.235848075530889,0
-1.5485003349869826,0.529895899215817,0.0,1.6783804270802576,1
0.787598712547306,-1.4495045676037308,0.0,8.541416498026368,1
-0.9741862948889325,0.9617908024981108,0.0,2.6508149690869574,1
-1.0858721948025927,0.07261160137924508,0.0,2.924568796383757,0
-1.5485003349869826,-0.2604897490038585,0.0,2.6814222271619386,1
1.378166435913162,0.9741350355957514,0.0,1.8788974767174444,0
1.378166435913162,1.0050318545785826,0.0,2.5991293046758686,0
-1.1214248141389416,1.4481512087337318,0.0,2.3827955176984967,1
0.710370033396719,-1.4495045676037308,0.0,3.4797221234569493,0
1.378166435913162,1.4481512087337318,0.0,2.264020738686869,0
0.7167608454825536,-1.4495045676037308,0.0,5.982706671695134,1
1.378166435913162,1.4481512087337318,0.0,2.10607995425544,0
0.787598712547306,1.4481512087337318,0.0,8.273941269751328,1
-1.1495623980963838,1.4481512087337318,0.0,2.397623335002098,1
-0.9741862948889325,-1.445668912944812,0.0,6.316216775501923,1
-1.0245251369844965,1.4480563147787553,0.0,2.190090179745183,1
0.710370033396719,-1.159404528414128,0.0,2.916139605380312,0
-1.0365358038448755,-1.4475948051420449,0.0,4.731842599151447,1
-1.0858721948025927,-1.4495045676037308,0.0,4.7974946625343975,1
0.43333657436964573,0.9633264809609988,0.0,1.9186130342660057,0
0.639580171692575,0.43386891187933424,0.0,8.22144710677765,1
1.378166435913162,-1.4495045676037308,0.0,5.321097172424123,1
-0.9578725141904859,-0.8908702167755416,0.0,3.7428652657953867,1
1.378166435913162,-1.159404528414128,0.0,3.3740474698873113,0
0.710370033396719,-1.1634084993085074,0.0,4.076695887170643,1
-1.1458991813774235,-1.1072540633563843,0.0,5.681892175401509,1
-1.5485003349869826,-1.4495045676037308,0.0,6.073388423504254,1
-1.1495623980963838,1.4481512087337318,0.0,1.90845970811836,1
1.378166435913162,0.5724624714600394,0.0,8.333223191111038,1
1.378166435913162,0.020418881428850195,0.0,8.6146240736454,1
-1.0245251369844965,-1.4475948051420449,0.0,6.2647291407778924,1
-1.1214248141389416,-1.159404528414128,0.0,5.243419747013121,1
1.378166435913162,1.4481512087337318,0.0,2.2278575802442857,0
-1.5485003349869826,-1.4495045676037308,0.0,5.437974403861789,1
0.639580171692575,0.955526228545644,0.0,2.7616899268152277,0
-1.0858721948025927,1.4481512087337318,0.0,1.8710768740807482,1
0.7167608454825536,0.5651851877623054,0.0,2.426406516218946,0
0.710370033396719,-1.1072540633563843,0.0,5.428229908412275,1
-1.0462089020296135,-1.159797729275601,0.0,2.3520018304457713,1
1.378166435913162,1.4481512087337318,0.0,8.156563624412968,1
-1.5485003349869826,-1.4495045676037308,0.0,5.77053545708735,1
-1.0858721948025927,1.4481512087337318,0.0,2.7289022456821255,0
-1.0858721948025927,1.4481512087337318,0.0,2.1980763367901806,0
0.4717016244952289,-0.2742571552472806,0.0,8.808713700829271,1
-1.5485003349869826,-1.4495045676037308,0.0,6.0993816379554255,1
0.4440323797939889,1.4479128903145995,0.0,2.245084616423973,0
-1.0462089020296135,0.9586831535244584,0.0,2.0361797685621092,0
0.7167608454825536,0.8064660309596711,0.0,2.3018544809242782,0
1.378166435913162,1.4481512087337318,0.0,7.846155358897638,1
1.378166435913162,-1.159404528414128,0.0,2.2993223618659675,0
-1.0858721948025927,1.4481512087337318,0.0,2.848718478491188,1
-1.5485003349869826,-1.4495045676037308,0.0,5.3928027065003405,1
1.378166435913162,0.6829522445306385,0.0,2.5879118132052175,0
1.378166435913162,0.5724624714600394,0.0,8.185496674858593,1
1.378166435913162,0.9741350355957514,0.0,2.770399296109074,0
0.7167608454825536,1.0050318545785826,0.0,2.139293569274963,0
-1.1495623980963838,1.4481512087337318,0.0,2.1807472865595807,1
-0.9677212744122297,-1.4475948051420449,0.0,4.955158851456316,1
-1.5485003349869826,-1.4495045676037308,0.0,5.528802717549989,1
-1.0365358038448755,-1.159797729275601,0.0,5.776200563118147,1
-1.5485003349869826,-1.4495045676037308,0.0,6.323619986728731,1
0.787598712547306,0.529895899215817,0.0,3.1639313068481685,0
1.378166435913162,1.4481512087337318,0.0,1.980659489262229,0
0.7167608454825536,-1.1634084993085074,0.0,4.259099085486922,1
-0.8066129814980002,-0.7188997186478413,0.0,4.398885536132245,1
-1.5485003349869826,0.529895899215817,0.0,2.1878858112536994,1
-1.5485003349869826,1.4481512087337318,0.0,2.2558246772564288,1
0.710370033396719,-1.0993323273573337,0.0,3.1650708155146914,0
-0.7550913011052263,1.4477681496892185,0.0,2.180694079117067,0
-1.0858721948025927,0.7027526598328396,0.0,8.579422363868241,1
-1.1214248141389416,1.0195515707166167,0.0,2.334496528010117,1
-1.5485003349869826,0.955526228545644,0.0,1.8990353795324793,1
-0.8505838850374251,1.0251255539625228,0.0,1.913291045449525,1
-1.0365358038448755,-1.4475948051420449,0.0,4.844997334715468,1
-1.5485003349869826,-1.4495045676037308,0.0,5.031839626872277,1
0.710370033396719,0.955526228545644,0.0,2.277143830220156,0
1.378166435913162,0.5724624714600394,0.0,2.7421707222708775,0
-1.5485003349869826,1.0195515707166167,0.0,2.164030890882503,1
0.7167608454825536,-1.4495045676037308,0.0,5.370118489562116,1
-1.1495623980963838,1.4481512087337318,0.0,2.4042128763638253,1
-1.5485003349869826,-1.1072540633563843,0.0,5.700866560634472,1
1.378166435913162,1.4481512087337318,0.0,2.6994386355144444,0
-1.1495623980963838,-1.0993323273573337,0.0,6.352451725464642,1
0.7167608454825536,-1.1072540633563843,0.0,5.143918882927838,1
0.710370033396719,0.9741350355957514,0.0,1.8888301819006816,0
-1.1495623980963838,-0.20827258070991544,0.0,2.887068540264784,1
-0.9689732326353205,1.447960843819446,0.0,2.59223675740923,1
0.7167608454825536,1.4481512087337318,0.0,2.839240784131321,0
-1.1214248141389416,0.5724624714600394,0.0,2.5955438530155512,0
-0.9448395840746106,-0.8920014066594055,0.0,2.8903726915625656,1
-1.1495623980963838,1.0195515707166167,0.0,2.4630813890364918,1
-1.0858721948025927,1.4481512087337318,0.0,2.4664751255633366,1
-1.5485003349869826,-1.4495045676037308,0.0,3.605024868032424,1
0.787598712547306,-1.4495045676037308,0.0,4.0775723618868245,1
-1.1495623980963838,-1.4495045676037308,0.0,4.751802161711856,1
-0.8860538787447632,-1.141855277273186,0.0,4.67684174357984,1
-1.1495623980963838,1.4481512087337318,0.0,2.408736560313857,1
-1.1214248141389416,-1.1072540633563843,0.0,8.387371396089737,1
1.378166435913162,-1.0993323273573337,0.0,4.768694773355185,1
-1.1458991813774235,0.9741350355957514,0.0,1.8167012404407665,1
0.6849473754636609,1.4480086517533537,0.0,8.275377162389464,1
-0.9041695660717511,-1.1489730771937903,0.0,5.260196482504259,1
1.378166435913162,0.529895899215817,0.0,2.3491517798204398,0
1.378166435913162,0.529895899215817,0.0,2.765465891730263,0
1.378166435913162,0.31972467850312897,0.0,2.8435693675363636,0
0.639580171692575,-1.1072540633563843,0.0,6.831631234086375,1
0.787598712547306,-1.4495045676037308,0.0,3.8566428964150417,1
0.787598712547306,1.4481512087337318,0.0,2.1446192431094504,0
-1.1458991813774235,-0.9334706846748718,0.0,3.9903137749042044,1
0.639580171692575,0.8064660309596711,0.0,8.518684904606594,1
0.787598712547306,-0.9108287659375035,0.0,3.671474746122698,1
0.787598712547306,1.4481512087337318,0.0,1.8015217956480192,0
-1.5485003349869826,1.4481512087337318,0.0,2.255788407470701,1
-1.1458991813774235,0.9741350355957514,0.0,1.8982289466979243,1
-1.5485003349869826,1.4481512087337318,0.0,2.3680323626405237,1
0.710370033396719,-1.1072540633563843,0.0,8.29474442633132,1
-1.5485003349869826,0.5812790392691648,0.0,3.5458217398970264,1
1.378166435913162,-1.4495045676037308,0.0,4.342787058102354,1
-1.5485003349869826,-1.159404528414128,0.0,5.178148694319227,1
1.378166435913162,1.4481512087337318,0.0,2.4933333525019554,0
-0.33726434958050727,0.0,0.0,5.0,1
0.787598712547306,1.0050318545785826,0.0,2.426858795599368,0
-1.1214248141389416,1.4481512087337318,0.0,2.019541983255599,1
1.378166435913162,-0.9434132313755512,0.0,4.926644372541517,1
-1.0858721948025927,-1.4495045676037308,0.0,5.766944471251744,1
1.378166435913162,-1.1634084993085074,0.0,4.9031759778104735,1
-1.5485003349869826,-1.4495045676037308,0.0,5.655831160604765,1
-1.5485003349869826,-0.9880355100044224,0.0,2.6905538494070895,1
-1.5485003349869826,0.955526228545644,0.0,2.1441926021176307,1
-1.0858721948025927,0.2924732752190419,0.0,2.6096882498031806,1
-0.8291910944608343,-1.4437267228516664,0.0,6.415854271396138,1
0.4949802524694769,1.4480563147787553,0.0,2.456953790312248,0
0.7167608454825536,-1.1072540633563843,0.0,4.188778420475242,1
1.378166435913162,-0.34915914466811415,0.0,8.618728495764055,1
-1.5485003349869826,-1.4495045676037308,0.0,5.961629994471961,1
0.7167608454825536,-1.4495045676037308,0.0,4.822964584157043,1
0.30009863918530216,1.4478165439220947,0.0,2.9180965356423494,0
1.378166435913162,0.955526228545644,0.0,2.2529147913430876,0
1.378166435913162,1.0050318545785826,0.0,2.311044662747247,0
0.7167608454825536,-0.9108287659375035,0.0,5.506177528064287,1
-1.0609486432407544,-0.8029185861365622,0.0,2.9476491850202606,1
-1.5485003349869826,1.0195515707166167,0.0,2.163136585511722,1
-1.1495623980963838,-1.1072540633563843,0.0,4.173213522016267,1
1.378166435913162,0.529895899215817,0.0,8.081897198333039,1
1.378166435913162,0.4551209749426044,0.0,7.81605702502836,1
-0.9990116365219599,-0.9450712911422452,0.0,4.140630883132373,1
-1.5485003349869826,0.5724624714600394,0.0,2.448365694524044,1
-1.1458991813774235,-1.4495045676037308,0.0,4.835643287836898,1
-1.5485003349869826,0.8064660309596711,0.0,2.195965040016883,1
0.7167608454825536,0.4551209749426044,0.0,2.386511764239534,0
1.378166435913162,1.4481512087337318,0.0,1.8069399498477698,0
-1.1458991813774235,-1.0993323273573337,0.0,6.79317910829611,1
-1.5485003349869826,-1.4495045676037308,0.0,4.732374034345847,1
0.4717016244952289,-1.4475948051420449,0.0,8.025702100280979,1
-1.0365358038448755,-1.4475948051420449,0.0,6.086239337417258,1
-1.5485003349869826,-1.1072540633563843,0.0,4.545794041280301,1
-1.1458991813774235,-1.4495045676037308,0.0,4.13850420809284,1
1.378166435913162,0.42471799262274007,0.0,8.692852689915817,1
0.4430186959777836,1.4479128903145995,0.0,2.4270237381861626,0
1.378166435913162,0.02343145171986057,0.0,8.74723330539776,1
-1.5485003349869826,1.0050318545785826,0.0,2.5339618153857555,1
-1.5485003349869826,-1.159404528414128,0.0,4.400896702175231,1
0.710370033396719,0.529895899215817,0.0,2.129889495171575,0
-1.5485003349869826,0.022047203097891467,0.0,3.01913454735405,1
-0.6435747219607678,-1.0440825495228987,0.0,6.742521453100865,1
1.378166435913162,-1.4495045676037308,0.0,4.175406886115433,1
1.378166435913162,1.0195515707166167,0.0,2.9220709771018516,0
-1.0858721948025927,0.41812759764599894,0.0,2.631845308331134,1
0.710370033396719,0.955526228545644,0.0,1.764779106557273,0
0.6448273970616095,-1.446633885787977,0.0,5.828579844682769,1
1.378166435913162,-1.4495045676037308,0.0,2.165947119992722,0
-1.5485003349869826,1.4481512087337318,0.0,2.433307550869032,1
1.378166435913162,-1.4495045676037308,0.0,6.185136647841637,1
-1.1458991813774235,0.36519378914312134,0.0,2.398278725320602,1
-1.5485003349869826,0.955526228545644,0.0,1.9493463310370904,1
0.787598712547306,-1.159404528414128,0.0,6.377582004255232,1
1.378166435913162,0.7575476520511129,0.0,2.3280240159815575,0
1.378166435913162,0.5724624714600394,0.0,8.342171130526841,1
-1.1495623980963838,0.9741350355957514,0.0,2.158425719244391,1
1.378166435913162,-0.24982882844021945,0.0,2.442782141757812,0
0.4949802524694769,-0.3869035476717746,0.0,2.855197823221531,0
1.378166435913162,1.0050318545785826,0.0,2.294144531409871,0
-0.1650787660144464,0.0,0.0,5.0,1
1.378166435913162,-1.4495045676037308,0.0,5.429534670773161,1
-0.9448395840746106,0.9808345047593721,0.0,2.153015074182441,1
-1.0858721948025927,-1.1072540633563843,0.0,6.05522719390495,1
-1.0858721948025927,-1.4495045676037308,0.0,6.136209505149164,1
0.7167608454825536,-0.956939848112948,0.0,3.8669186793825276,1
0.4717016244952289,-1.103540188433729,0.0,5.648354198337485,1
-1.5485003349869826,-1.1634084993085074,0.0,4.082038730048095,1
1.378166435913162,0.8385215690740073,0.0,2.5731420781316334,0
0.787598712547306,0.9741350355957514,0.0,2.461962791318383,0
-1.5485003349869826,-1.4495045676037308,0.0,6.378081080106881,1
-1.5485003349869826,0.955526228545644,0.0,2.004135243187549,1
0.7167608454825536,0.955526228545644,0.0,1.721688364527814,1
1.378166435913162,-1.1072540633563843,0.0,4.246224772242051,1
1.378166435913162,0.529895899215817,0.0,2.0962783243863004,0
-1.1495623980963838,-0.8289235854995491,0.0,5.414412520917344,1
0.710370033396719,1.4481512087337318,0.0,2.0174247576132465,0
0.710370033396719,1.0050318545785826,0.0,1.9871821800806746,0
-1.5485003349869826,-1.0392061866553604,0.0,4.435881965079667,1
0.46413006142910557,-1.4446998656154735,0.0,5.163091283872038,1
-1.5485003349869826,-1.159404528414128,0.0,4.104388713825403,1
1.378166435913162,-1.4495045676037308,0.0,5.657876935276119,1
1.378166435913162,0.955526228545644,0.0,3.0408877322901118,0
-1.5485003349869826,-1.159404528414128,0.0,5.34047978920365,1
-1.5485003349869826,1.0050318545785826,0.0,2.812560012576851,1
-1.5485003349869826,-0.9880355100044224,0.0,2.357398933681726,1
-1.1495623980963838,-1.0993323273573337,0.0,5.035753687816612,1
1.378166435913162,0.5724624714600394,0.0,2.5513936490129288,0
-1.5485003349869826,0.9741350355957514,0.0,2.2462877889067334,1
-1.5485003349869826,-1.4495045676037308,0.0,5.471916603556731,1
0.639580171692575,-1.4495045676037308,0.0,5.496027880747632,1
-1.0858721948025927,1.0195515707166167,0.0,2.528882876342628,1
0.787598712547306,0.955526228545644,0.0,7.9642871384256475,1
0.6592797762866381,0.5401230285162858,0.0,7.8844249418090495,1
-1.5485003349869826,-1.4495045676037308,0.0,5.485878377354154,1
-1.5485003349869826,0.6829522445306385,0.0,2.3914700783458853,1
1.378166435913162,1.4481512087337318,0.0,2.4954565685607584,0
-1.5485003349869826,1.0050318545785826,0.0,2.3451311953487792,1
-1.0858721948025927,-1.0392061866553604,0.0,4.843246846908746,1
-1.5485003349869826,-1.159404528414128,0.0,4.646383142908652,1
-1.5485003349869826,-1.4495045676037308,0.0,4.969939121959098,1
-1.5485003349869826,1.4481512087337318,0.0,2.4400114272392566,1
-1.5485003349869826,0.5724624714600394,0.0,2.043049063618961,1
0.787598712547306,0.955526228545644,0.0,8.564277890374548,1
0.7167608454825536,-1.159404528414128,0.0,5.256161107488653,1
1.378166435913162,0.9741350355957514,0.0,8.168391432539641,1
1.378166435913162,-1.0993323273573337,0.0,3.9796082246998337,1
0.29189063543712124,1.4475730832925437,0.0,2.4919321105011507,0
1.378166435913162,-1.4495045676037308,0.0,6.1381724616873665,1
1.378166435913162,0.9741350355957514,0.0,2.322774987433979,0
-1.5485003349869826,-1.159404528414128,0.0,5.179639566290695,1
1.378166435913162,0.955526228545644,0.0,2.4765126087377034,0
-1.1458991813774235,0.2039076207860754,0.0,2.884905366630043,1
1.378166435913162,1.0050318545785826,0.0,8.300970409336065,1
-1.1458991813774235,0.2418870160652962,0.0,2.576908982490969,1
-1.0858721948025927,-1.4495045676037308,0.0,5.055545688596657,1
-1.1214248141389416,0.8385215690740073,0.0,2.4649610396978137,1
0.639580171692575,0.955526228545644,0.0,2.5306395420992,0
-1.1458991813774235,1.4481512087337318,0.0,1.839342216323126,1
-1.0858721948025927,-1.4495045676037308,0.0,4.671556737570899,1
1.378166435913162,0.2039076207860754,0.0,2.616335636693571,0
-1.1214248141389416,-1.4495045676037308,0.0,5.5186127610898295,1
-1.5485003349869826,1.4481512087337318,0.0,2.33396746932158,1
1.378166435913162,0.7575476520511129,0.0,2.0789839330823607,0
-0.7260729226159365,-0.6162992176398566,0.0,2.4456152058307907,1
1.378166435913162,0.4551209749426044,0.0,2.463451455791336,0
-1.5485003349869826,-1.1634084993085074,0.0,4.8894523657665605,1
0.4717016244952289,-1.4475948051420449,0.0,4.595908182346158,1
1.378166435913162,1.0195515707166167,0.0,2.555835883432355,0
-1.5485003349869826,-1.4495045676037308,0.0,5.362840052310331,1
-1.5485003349869826,1.0050318545785826,0.0,2.46323107614247,1
-1.5485003349869826,-1.4495045676037308,0.0,5.180526051207303,1
1.378166435913162,-1.1072540633563843,0.0,2.7772023762949325,0
-0.11492954825948279,0.0,0.0,5.0,0
1.378166435913162,0.9741350355957514,0.0,2.0950638378999793,0
-1.0245251369844965,-0.9838911286059099,0.0,4.094121020342904,1
-1.0858721948025927,1.0050318545785826,0.0,2.4098075143849496,0
0.787598712547306,-1.4495045676037308,0.0,5.251477287351012,1
-1.0245251369844965,-1.4475948051420449,0.0,4.342209879097922,1
0.7167608454825536,-0.9880355100044224,0.0,2.5636426069101903,0
1.378166435913162,0.9741350355957514,0.0,2.1660607117480835,0
-1.5485003349869826,1.4481512087337318,0.0,2.471707096663407,1
-1.5485003349869826,-1.0993323273573337,0.0,3.704112544016867,1
1.378166435913162,-0.8398857770572493,0.0,9.045078794144738,1
0.710370033396719,0.3646307552122818,0.0,2.6833827255068945,0
1.378166435913162,0.955526228545644,0.0,8.443426646057253,1
0.7167608454825536,-0.9007725365746757,0.0,5.722111471737952,1
0.7167608454825536,0.529895899215817,0.0,2.4361825570766813,0
-1.1495623980963838,1.4481512087337318,0.0,2.143803038727741,1
0.710370033396719,0.9741350355957514,0.0,1.90923181667341,0
0.787598712547306,-0.9191678631680846,0.0,8.469501923124827,1
0.710370033396719,-1.1072540633563843,0.0,4.9078441566988875,1
1.378166435913162,0.48727588593060844,0.0,8.364709528784868,1
-1.1495623980963838,-1.0993323273573337,0.0,3.8569266115977063,1
-1.1214248141389416,0.42173437799289054,0.0,2.2755597455480396,1
-0.9677212744122297,0.5777299603435586,0.0,7.691072397827156,1
1.378166435913162,-1.159404528414128,0.0,2.88566493882994,0
-1.5485003349869826,0.8232191038966041,0.0,2.136072339377455,1
-1.5485003349869826,-1.4495045676037308,0.0,2.5477479894455777,1
-1.1458991813774235,1.4481512087337318,0.0,2.080454439591353,1
1.378166435913162,-0.35082031524511426,0.0,2.7940992817281516,0
-1.0858721948025927,1.4481512087337318,0.0,1.8365897585115134,1
-1.0858721948025927,1.4481512087337318,0.0,2.5224260668370335,1
1.378166435913162,1.4481512087337318,0.0,2.6036412316012356,0
1.378166435913162,-1.159404528414128,0.0,5.411895932467109,1
0.29994497606349757,0.9857085204737547,0.0,8.118458112375592,1
-1.0858721948025927,1.4481512087337318,0.0,2.1107152947953907,1
-1.1495623980963838,-1.4495045676037308,0.0,4.734256414424842,1
-1.5485003349869826,-1.4495045676037308,0.0,5.3850469990145395,1
0.710370033396719,-1.4495045676037308,0.0,6.160576756607274,1
-1.5485003349869826,-1.4495045676037308,0.0,4.904224570524471,1
0.4717016244952289,1.0076156727753416,0.0,2.3083781381974733,0
-0.9990116365219599,-0.26199221871804884,0.0,2.8144397999689055,1
-1.0169533271638884,1.4478647905723339,0.0,2.3710315960349995,1
-1.0858721948025927,-1.0993323273573337,0.0,2.6498908408758357,1
-0.9972523977517084,-1.445668912944812,0.0,6.358669199838541,1
0.710370033396719,1.4481512087337318,0.0,8.35614180304229,1
1.378166435913162,-0.02776005159515684,0.0,8.761914946018656,1
0.7167608454825536,-1.1072540633563843,0.0,8.684103520513165,1
-1.1214248141389416,1.4481512087337318,0.0,2.1762326372747003,1
-0.9990116365219599,0.0028003191940608706,0.0,2.335192697225605,0
-1.1214248141389416,-1.4495045676037308,0.0,5.955525363154508,1
0.787598712547306,-0.9936650520340982,0.0,2.3105278772924254,0
-1.1458991813774235,-1.0993323273573337,0.0,6.154715515169929,1
-1.0858721948025927,1.4481512087337318,0.0,2.1034405035309915,1
0.787598712547306,1.0050318545785826,0.0,8.577790028496075,1
-1.0858721948025927,1.0195515707166167,0.0,2.440856477765334,0
0.787598712547306,0.9741350355957514,0.0,8.177029949895896,1
-1.5485003349869826,1.4481512087337318,0.0,2.3997000277622447,1
-1.5485003349869826,-0.9596917148874786,0.0,5.861997343575951,1
-1.5485003349869826,1.0050318545785826,0.0,2.0397722238372338,1
1.378166435913162,0.6867253393757818,0.0,2.1913268409637587,0
-1.0609486432407544,1.4480563147787553,0.0,2.115862591010604,1
-1.0858721948025927,0.6106347386481292,0.0,8.635148482016037,1
-1.0858721948025927,-1.4495045676037308,0.0,5.372548062620972,1
-0.8057660799781337,1.0969799165943286,0.0,3.4000653826995313,0
-1.5485003349869826,-1.159404528414128,0.0,6.004157161655557,1
-1.0858721948025927,-1.4495045676037308,0.0,4.841068086818696,1
-1.5485003349869826,-1.4495045676037308,0.0,4.663366284008456,1
-1.1495623980963838,-1.4495045676037308,0.0,5.306616979092213,1
0.4949802524694769,1.0076156727753416,0.0,8.48118992935799,1
-0.006690428863931818,0.0,0.0,5.0,1
-1.0365358038448755,-0.2859227916974801,0.0,3.1004120986328085,1
-1.1495623980963838,-1.4495045676037308,0.0,3.5829878232494003,1
-1.5485003349869826,-1.4495045676037308,0.0,4.536609362549996,1
1.378166435913162,0.8232191038966041,0.0,2.162223875761652,0
-1.5485003349869826,-1.4495045676037308,0.0,4.18182057970726,1
1.378166435913162,0.8232191038966041,0.0,1.9691957008834156,0
0.29049931204406404,0.973749377579849,0.0,1.8501794196326087,0
-1.1495623980963838,1.4481512087337318,0.0,1.861670354378787,1
-0.6929794221927027,-0.8130161065864437,0.0,5.378288920581561,1
-1.1495623980963838,1.0195515707166167,0.0,2.680098127926305,1
-1.0609486432407544,1.0076156727753416,0.0,2.5202956675573,0
1.378166435913162,1.4481512087337318,0.0,2.121622555964018,0
-1.5485003349869826,1.0050318545785826,0.0,2.751901950902746,1
-1.0858721948025927,1.4481512087337318,0.0,2.494916695712137,1
1.378166435913162,-1.4495045676037308,0.0,4.140596278957392,1
-1.5485003349869826,1.4481512087337318,0.0,2.6868978294886867,1
1.378166435913162,-0.8150777390701343,0.0,8.82200490281503,1
1.378166435913162,-0.9007725365746757,0.0,5.9571403083308985,1
-1.5485003349869826,0.955526228545644,0.0,2.0371493256227007,1
1.378166435913162,1.4481512087337318,0.0,2.5218855389209365,0
1.378166435913162,1.4481512087337318,0.0,2.3319068896557917,0
1.378166435913162,1.4481512087337318,0.0,1.9782052628813604,0
-1.5485003349869826,0.955526228545644,0.0,2.3957875859778066,1
1.378166435913162,1.4481512087337318,0.0,1.9457903931971838,0
-1.5485003349869826,-1.4495045676037308,0.0,2.5142300614483255,1
0.7167608454825536,-1.1634084993085074,0.0,2.7647130492496794,0
-1.5485003349869826,1.0050318545785826,0.0,2.817756859781407,1
-1.1495623980963838,1.0050318545785826,0.0,2.7187297235518835,1
1.378166435913162,1.4481512087337318,0.0,2.631611608093471,0
0.46413006142910557,0.9824732296713169,0.0,2.2838536870101995,0
-1.5485003349869826,-1.4495045676037308,0.0,3.9437110492646714,1
0.639580171692575,1.4481512087337318,0.0,2.8325240274417514,0
-0.8376355831620009,-1.4437267228516664,0.0,4.435229838703475,1
0.710370033396719,-0.8392790577119408,0.0,3.2272392615796464,0
0.7167608454825536,0.3334673619595539,0.0,8.612652127143575,1
-1.1214248141389416,1.4481512087337318,0.0,2.330111369554275,0
-1.5485003349869826,-0.9069748149647733,0.0,4.484449762359974,1
-1.1495623980963838,0.955526228545644,0.0,2.6893001061977375,1
0.639580171692575,-1.4495045676037308,0.0,6.500252888619425,1
1.378166435913162,0.43386891187933424,0.0,2.365714649411487,0
1.378166435913162,-1.4495045676037308,0.0,5.498700213264103,1
1.378166435913162,1.0050318545785826,0.0,3.7120571744618713,0
-1.1458991813774235,0.9741350355957514,0.0,1.9676340767407705,1
-1.1495623980963838,0.8385215690740073,0.0,2.086383906379908,1
-1.1458991813774235,-1.1072540633563843,0.0,5.850809924841001,1
0.7167608454825536,0.695714165113867,0.0,2.154332991723676,0
0.7167608454825536,-1.4495045676037308,0.0,6.2571835423006394,1
-1.5485003349869826,-1.0993323273573337,0.0,5.768147362334928,1
-1.5485003349869826,-1.4495045676037308,0.0,3.5245749897965126,1
-0.11408110508929203,0.0,0.0,5.0,1
0.710370033396719,-0.9884953765624958,0.0,8.918863900171578,1
-1.1214248141389416,-1.4495045676037308,0.0,5.687404434722714,1
-1.5485003349869826,0.955526228545644,0.0,8.792765291330735,1
0.639580171692575,-1.4495045676037308,0.0,6.025436178869031,1
-1.5485003349869826,-0.02118698194135897,0.0,2.8302079630386703,1
-1.5485003349869826,1.0195515707166167,0.0,2.4378776201373746,1
1.378166435913162,-1.0993323273573337,0.0,2.5195485304253884,0
1.378166435913162,-1.4495045676037308,0.0,5.6580610835538465,1
-1.1458991813774235,1.4481512087337318,0.0,2.4751215310046186,1
-1.0858721948025927,-1.0993323273573337,0.0,5.746617011602566,1
1.378166435913162,-1.159404528414128,0.0,4.730070937727796,1
-1.0245251369844965,0.9775140375569451,0.0,2.0374763390790807,1
0.639580171692575,-0.6103944392145749,0.0,8.564468275017642,1
-1.5485003349869826,-1.4495045676037308,0.0,5.39460984081909,1
0.6592797762866381,1.0237476835419264,0.0,2.6255683414785436,0
-1.0858721948025927,0.6198651387601088,0.0,4.494449232905841,1
-1.5485003349869826,-1.4495045676037308,0.0,4.089684190404411,1
-1.1495623980963838,1.4481512087337318,0.0,2.091400840276739,1
-1.1458991813774235,1.4481512087337318,0.0,2.8693211109926997,1
1.378166435913162,-0.9936650520340982,0.0,8.314026511514099,1
0.4949802524694769,0.9775140375569451,0.0,2.1155315032718973,0
0.787598712547306,-1.4495045676037308,0.0,4.698090773261323,1
1.378166435913162,1.4481512087337318,0.0,2.0833419439199994,0
-1.1214248141389416,-0.9371103454836831,0.0,4.266442158326857,1
0.23148181475085575,-1.0440825495228987,0.0,5.85408637622909,1
1.378166435913162,0.05852855283088384,0.0,2.785425570088073,0
-1.1214248141389416,-1.4495045676037308,0.0,4.527665597853899,1
-1.1495623980963838,-1.4495045676037308,0.0,6.195478102034798,1
-1.5485003349869826,1.0050318545785826,0.0,2.289095259217863,1
-1.1495623980963838,-1.4495045676037308,0.0,5.4477293398949405,1
1.378166435913162,1.4481512087337318,0.0,2.4856900754036313,0
-1.1495623980963838,-0.8014058160293505,0.0,4.738643488413518,1
0.4717016244952289,-1.4475948051420449,0.0,4.824960390688477,1
-1.1495623980963838,-1.4495045676037308,0.0,6.338011066849159,1
1.378166435913162,1.0050318545785826,0.0,8.126556700181274,1
1.378166435913162,0.955526228545644,0.0,2.418912546345088,0
-1.1495623980963838,-1.4495045676037308,0.0,2.695559674071184,1
0.7167608454825536,0.5724624714600394,0.0,2.388451677180328,0
-1.1495623980963838,-1.4495045676037308,0.0,5.005845364917599,1
1.378166435913162,-1.4495045676037308,0.0,6.175652464457661,1
-1.0858721948025927,-1.4495045676037308,0.0,5.950559237685325,1
1.378166435913162,0.955526228545644,0.0,2.4677151765845036,0
0.639580171692575,-0.6430497937029842,0.0,2.962992307588561,0
-0.9578725141904859,0.06668766403158267,0.0,2.3457530855978335,0
1.378166435913162,-1.1072540633563843,0.0,6.056385996666274,1
-1.0858721948025927,-1.4495045676037308,0.0,6.834786422802198,1
-1.1495623980963838,1.4481512087337318,0.0,2.2490247047635146,1
-1.1214248141389416,1.4481512087337318,0.0,2.003801816107851,1
1.378166435913162,-1.4495045676037308,0.0,4.987053275019085,1
0.787598712547306,0.8232191038966041,0.0,1.9975092470350437,0
0.639580171692575,0.6867253393757818,0.0,8.483676242772473,1
1.378166435913162,-0.2624081442376945,0.0,8.17454571519004,1
1.378166435913162,-1.4495045676037308,0.0,2.8424282395915372,0
0.4717016244952289,-0.9024489240964543,0.0,8.134986326583949,1
1.378166435913162,1.4481512087337318,0.0,2.235109252106571,0
-1.1214248141389416,-1.4495045676037308,0.0,4.318706392728907,1
-1.1458991813774235,0.955526228545644,0.0,2.304147521156684,1
0.639580171692575,-1.4495045676037308,0.0,5.165567250873726,1
0.7167608454825536,1.4481512087337318,0.0,2.043422555891775,0
0.787598712547306,-0.9371103454836831,0.0,2.297483368240641,0
-1.1458991813774235,1.0050318545785826,0.0,2.296477239254386,1
-1.1214248141389416,-1.4495045676037308,0.0,5.298850566213008,1
0.7167608454825536,0.43654367464761135,0.0,2.657071817216049,0
-0.9578725141904859,0.9617908024981108,0.0,2.033214761711086,0
-1.0858721948025927,-0.9130242275610604,0.0,3.982353966660518,1
-1.1495623980963838,-0.9007725365746757,0.0,5.824902339442494,1
-1.5485003349869826,-1.1634084993085074,0.0,4.855608940377418,1
-1.5485003349869826,-1.4495045676037308,0.0,5.437384668103191,1
-1.0858721948025927,1.0195515707166167,0.0,2.0888052221338276,0
-1.0858721948025927,-1.4495045676037308,0.0,5.9074936443717965,1
1.378166435913162,-1.4495045676037308,0.0,4.717178692646074,1
-1.5485003349869826,-1.4495045676037308,0.0,6.125312306440124,1
-1.5485003349869826,1.4481512087337318,0.0,2.873226551834043,1
0.787598712547306,-1.4495045676037308,0.0,6.172283613978796,1
0.6448273970616095,0.6766474772863746,0.0,8.377413061177137,1
-1.5485003349869826,1.4481512087337318,0.0,2.356456921796828,1
0.710370033396719,-1.4495045676037308,0.0,4.42869763370665,1
-1.1214248141389416,-1.0993323273573337,0.0,6.15696175547436,1
-1.1495623980963838,-1.4495045676037308,0.0,5.066474937488646,1
-1.0858721948025927,-1.4495045676037308,0.0,3.7395742397396408,1
0.6849473754636609,-1.1542253306758599,0.0,3.894287438424776,1
-1.0245251369844965,-1.4475948051420449,0.0,4.764008301546066,1
-0.9515808992827639,1.447960843819446,0.0,2.512730001393911,0
0.639580171692575,-1.159404528414128,0.0,2.6854841951076582,0
-1.1214248141389416,0.8232191038966041,0.0,8.228327591299264,1
0.710370033396719,0.9741350355957514,0.0,8.495386438257341,1
0.7167608454825536,0.9741350355957514,0.0,1.911982829108459,0
-1.5485003349869826,-1.0993323273573337,0.0,4.596897382928002,1
1.378166435913162,0.955526228545644,0.0,1.9971652423585666,0
1.378166435913162,0.6077243432615433,0.0,8.917110006315552,1
-1.0609486432407544,-1.0957553480603646,0.0,6.986708179716625,1
1.378166435913162,1.4481512087337318,0.0,1.9858428873213527,0
-1.5485003349869826,1.0050318545785826,0.0,2.16854861308103,1
1.378166435913162,0.955526228545644,0.0,8.396127479461128,1
-1.1214248141389416,0.955526228545644,0.0,2.490355599548832,1
-0.9677212744122297,0.9775140375569451,0.0,2.0621793474735846,1
1.378166435913162,-1.4495045676037308,0.0,4.280403662127702,1
-1.1458991813774235,0.9741350355957514,0.0,2.166311789165948,1
-1.1214248141389416,-1.1634084993085074,0.0,5.597404494188062,1
0.4561233999972488,0.5713078067729522,0.0,8.816746627098192,1
-1.5485003349869826,-1.4495045676037308,0.0,5.897964445975054,1
0.639580171692575,1.0050318545785826,0.0,8.486384682065903,1
-1.5485003349869826,-1.4495045676037308,0.0,6.3673555307155985,1
-1.5485003349869826,-1.159404528414128,0.0,2.9392671292592025,1
-1.1458991813774235,-1.4495045676037308,0.0,4.690915800204989,1
-1.5485003349869826,-1.1634084993085074,0.0,2.6569813458233886,1
0.7167608454825536,1.4481512087337318,0.0,2.4307121790403152,0
0.787598712547306,-0.3823268272386531,0.0,8.624601410698396,1
1.378166435913162,0.415331695303889,0.0,2.5818939605809446,0
0.639580171692575,-1.1072540633563843,0.0,5.2310095092008435,1
-1.5485003349869826,1.4481512087337318,0.0,2.3279462398933477,1
-1.1458991813774235,-1.4495045676037308,0.0,5.456774000443927,1
0.710370033396719,-0.8392790577119408,0.0,8.42392712325858,1
0.787598712547306,-1.1634084993085074,0.0,4.612241546308641,1
1.378166435913162,1.0195515707166167,0.0,2.4461133619864275,0
0.7167608454825536,1.4481512087337318,0.0,2.1322951260418557,0
-0.6424787586065848,0.07722126060945177,0.0,8.823916449372536,1
1.378166435913162,1.0195515707166167,0.0,8.301957338942842,1
1.378166435913162,1.4481512087337318,0.0,2.53927307782988,0
-1.1214248141389416,0.7575476520511129,0.0,1.9567533195549258,1
-0.9387136791295414,1.0251255539625228,0.0,2.7571281774693777,1
0.6849473754636609,1.4480086517533537,0.0,2.388794790563972,0
1.378166435913162,-1.1072540633563843,0.0,5.242209288574894,1
0.639580171692575,1.0050318545785826,0.0,4.105636699686492,0
-1.0858721948025927,1.0195515707166167,0.0,2.67860973668584,1
-1.1495623980963838,-0.9108287659375035,0.0,2.2717675965489446,1
-1.1458991813774235,1.0195515707166167,0.0,1.7552997313368026,1
-1.5485003349869826,-1.4495045676037308,0.0,5.7598813221677325,1
1.378166435913162,-0.9434132313755512,0.0,2.5607180589147593,0
1.378166435913162,0.955526228545644,0.0,2.1065569070756522,0
-1.5485003349869826,-1.4495045676037308,0.0,5.983817886171394,1
1.378166435913162,-1.1634084993085074,0.0,4.118739472077598,1
-1.1495623980963838,0.955526228545644,0.0,1.9487752167018262,1
-0.9261768448151485,-0.8932664704046107,0.0,4.824001806963232,1
0.46413006142910557,0.5241521458050179,0.0,2.051592301202464,0
0.639580171692575,-0.2303356191293357,0.0,3.039235368432463,0
0.7167608454825536,0.3722347980567973,0.0,8.581805665524556,1
-1.1214248141389416,0.26770699300371753,0.0,2.6190536638038733,1
-1.0858721948025927,0.9741350355957514,0.0,2.104216075956235,1
-1.1214248141389416,-1.0993323273573337,0.0,5.178306377388829,1
-1.0462089020296135,-1.4475948051420449,0.0,5.259926976508095,1
1.378166435913162,-1.159404528414128,0.0,8.137713008749516,1
-0.4130941275733166,0.0,0.0,5.0,1
-1.5485003349869826,-0.9936650520340982,0.0,4.434006824495942,1
0.787598712547306,-1.1072540633563843,0.0,5.843192878089214,1
-1.5485003349869826,-1.4495045676037308,0.0,5.089806258215514,1
1.378166435913162,-0.8125881021486385,0.0,4.284721332027046,1
-1.1495623980963838,1.4481512087337318,0.0,2.434367595579686,1
1.378166435913162,1.4481512087337318,0.0,2.3359013863429556,0
1.378166435913162,0.8064660309596711,0.0,2.6222638753299834,0
0.787598712547306,-1.4495045676037308,0.0,4.818477188939119,1
-1.5485003349869826,0.5724624714600394,0.0,2.529889512736088,1
1.378166435913162,-0.27776210810725394,0.0,3.008125601287599,0
-1.5485003349869826,0.9741350355957514,0.0,2.3547108627604345,1
1.378166435913162,0.695714165113867,0.0,2.515836157695804,0
-1.1214248141389416,1.4481512087337318,0.0,1.7949379747410912,0
-1.1214248141389416,1.4481512087337318,0.0,1.9949534124884256,1
-1.5485003349869826,-0.008232169846238046,0.0,2.517925811494082,1
1.378166435913162,1.4481512087337318,0.0,8.300702357909305,1
0.6650892123420602,1.0237476835419264,0.0,2.132859504822193,1
-1.1458991813774235,-1.4495045676037308,0.0,5.357985490557336,1
-1.5485003349869826,-1.1072540633563843,0.0,2.2923814201831565,1
1.378166435913162,0.22476981536477328,0.0,2.5880463587393883,0
1.378166435913162,1.0195515707166167,0.0,2.243961097197083,0
-0.4218039439375717,0.0,0.0,5.0,1
1.378166435913162,1.4481512087337318,0.0,2.5603294606233202,0
1.378166435913162,0.9741350355957514,0.0,2.1979974241494125,0
1.378166435913162,0.40737445003164274,0.0,8.336003903987246,1
-0.9387136791295414,-0.30571220878132077,0.0,2.831455015771858,0
-1.1214248141389416,-1.4495045676037308,0.0,5.776372263201354,1
-1.1214248141389416,-1.1072540633563843,0.0,5.28476573393234,1
1.378166435913162,0.8064660309596711,0.0,8.143213010686708,1
-1.5485003349869826,-1.4495045676037308,0.0,6.263303359748395,1
0.32663851819047546,-0.8106111607982561,0.0,8.525210327648033,1
0.787598712547306,1.0050318545785826,0.0,2.0389016709159327,0
1.378166435913162,-1.0993323273573337,0.0,6.325622929484815,1
0.32294337705372983,0.966362193633482,0.0,1.9684755191017538,0
1.378166435913162,1.4481512087337318,0.0,2.136555070093981,0
0.710370033396719,-1.1072540633563843,0.0,8.845564997018382,1
-1.5485003349869826,-1.4495045676037308,0.0,5.811816858416462,1
-1.5485003349869826,1.0050318545785826,0.0,2.4278302965024268,1
0.639580171692575,0.6689284619765181,0.0,2.2139831935047303,0
0.787598712547306,-1.1072540633563843,0.0,2.816344118972803,0
0.787598712547306,0.955526228545644,0.0,2.1003150451009893,0
0.787598712547306,-1.4495045676037308,0.0,2.481751100749684,0
1.378166435913162,0.36519378914312134,0.0,2.147255832984241,0
1.378166435913162,1.4481512087337318,0.0,2.481442166096162,0
1.378166435913162,0.7575476520511129,0.0,2.767363323737776,0
0.787598712547306,1.0195515707166167,0.0,8.073803392475956,1
-0.9990116365219599,-1.1559598128387922,0.0,6.311694716493649,1
0.7167608454825536,-1.4495045676037308,0.0,5.400091702512347,1
-1.0858721948025927,-0.9334706846748718,0.0,4.899024234151715,1
-1.1214248141389416,1.0195515707166167,0.0,2.223423065131699,1
-1.5485003349869826,-1.4495045676037308,0.0,6.238212952116445,1
0.639580171692575,0.9741350355957514,0.0,8.075397832887674,1
0.710370033396719,1.0050318545785826,0.0,2.5479701518230677,0
-1.5485003349869826,-1.1634084993085074,0.0,4.757771313597858,1
-1.5485003349869826,-1.4495045676037308,0.0,4.324634169270768,1
-1.5485003349869826,-1.4495045676037308,0.0,6.045412863807058,1
-1.5485003349869826,-1.4495045676037308,0.0,5.707798924236938,1
-1.1214248141389416,-1.1634084993085074,0.0,3.718725584706514,1
1.378166435913162,0.42173437799289054,0.0,2.9246184668867934,0
-1.1495623980963838,0.9741350355957514,0.0,1.9879886582872621,1
-0.1286486692078427,0.0,0.0,5.0,0
1.378166435913162,1.0195515707166167,0.0,8.361499392092199,1
-1.1495623980963838,-0.9371103454836831,0.0,4.417096915558029,1
-1.1214248141389416,1.4481512087337318,0.0,2.3182091683661232,0
-0.8599367685881425,1.4478647905723339,0.0,3.0628017660682363,1
-1.1214248141389416,0.9741350355957514,0.0,2.3681178329514414,1
-1.1214248141389416,-1.1072540633563843,0.0,5.249648477723019,1
0.31128604024275297,1.4478165439220947,0.0,1.7044181979052568,0
-1.1495623980963838,1.0050318545785826,0.0,2.381763736333803,1
-1.1458991813774235,-1.4495045676037308,0.0,4.9018687605837075,1
-1.5485003349869826,-1.159404528414128,0.0,6.190886541151691,1
0.787598712547306,-1.4495045676037308,0.0,5.75335736949109,1
-1.5485003349869826,0.9741350355957514,0.0,2.578985972637513,1
-1.5485003349869826,-1.159404528414128,0.0,5.678010433441955,1
-1.5485003349869826,1.0050318545785826,0.0,2.786214193870717,1
-1.1214248141389416,-1.1634084993085074,0.0,6.041488459198264,1
-0.7449584108368925,0.5789637135905669,0.0,2.1384775373677356,1
-0.9990116365219599,-1.4475948051420449,0.0,6.296038210403616,1
0.4561233999972488,1.4479128903145995,0.0,8.062601777191256,1
1.378166435913162,1.4481512087337318,0.0,8.575972576473523,1
-1.5485003349869826,-1.0993323273573337,0.0,5.043897850955756,1
-1.1214248141389416,-0.9851730539265872,0.0,4.350573528596891,1
0.7167608454825536,-1.1634084993085074,0.0,5.503235903797607,1
-1.1495623980963838,0.9741350355957514,0.0,2.1192017010062285,1
-0.9448395840746106,-1.445668912944812,0.0,5.577296512541231,1
0.7167608454825536,1.0050318545785826,0.0,8.285036318771317,1
-1.1214248141389416,0.9741350355957514,0.0,4.038826916847629,1
-1.5485003349869826,-1.0993323273573337,0.0,5.077522911405204,1
-1.5485003349869826,-1.4495045676037308,0.0,6.202386945360968,1
-1.0858721948025927,-1.1634084993085074,0.0,2.2395529341910296,1
-1.0858721948025927,0.9741350355957514,0.0,1.9076175255558756,1
1.378166435913162,0.2609216742486578,0.0,2.586188492963873,0
-1.1495623980963838,1.4481512087337318,0.0,2.17356349805876,1
0.639580171692575,-0.26043868900789974,0.0,2.6259840690848586,0
0.639580171692575,1.4481512087337318,0.0,2.4554958842645003,0
-1.1495623980963838,-1.4495045676037308,0.0,5.903020360000877,1
-1.1495623980963838,1.0195515707166167,0.0,2.24012837112384,1
-1.0858721948025927,-1.4495045676037308,0.0,5.751454716198345,1
1.378166435913162,-1.1634084993085074,0.0,5.073295267090196,1
-1.5485003349869826,1.4481512087337318,0.0,2.9727940000600075,1
-1.0858721948025927,-0.9007725365746757,0.0,4.471689035544474,1
-1.0858721948025927,1.0050318545785826,0.0,2.2432265047487263,0
0.7167608454825536,-1.159404528414128,0.0,8.390306243367624,1
0.710370033396719,0.5724624714600394,0.0,2.549716581070212,0
1.378166435913162,0.43386891187933424,0.0,8.552139443540494,1
1.378166435913162,1.4481512087337318,0.0,8.719467422773494,1
1.378166435913162,0.955526228545644,0.0,2.2155223478762647,0
0.7167608454825536,-1.1634084993085074,0.0,8.674589056526184,1
-1.0858721948025927,-1.1634084993085074,0.0,5.439987480701086,1
0.639580171692575,0.5724624714600394,0.0,2.9072267078632277,0
1.378166435913162,1.0050318545785826,0.0,8.201266730367221,1
-1.1214248141389416,0.7070651099767193,0.0,2.6559758263563324,1
-1.0365358038448755,1.4480563147787553,0.0,2.0520353876976833,1
0.7167608454825536,-1.159404528414128,0.0,5.195088655159091,1
-1.1495623980963838,-1.4495045676037308,0.0,6.15419734849005,1
0.7167608454825536,-1.4495045676037308,0.0,4.0153999115758,1
1.378166435913162,0.9741350355957514,0.0,8.676442652530564,1
-1.5485003349869826,-0.9108287659375035,0.0,4.437960592141649,1
1.378166435913162,-1.4495045676037308,0.0,5.4739407167006,1
0.710370033396719,-1.0993323273573337,0.0,2.9291150911303854,0
-1.1458991813774235,-1.4495045676037308,0.0,5.343069067595383,1
1.378166435913162,0.9741350355957514,0.0,2.163038400031488,0
-1.1214248141389416,0.955526228545644,0.0,2.233339875180307,1
-1.1214248141389416,-1.4495045676037308,0.0,6.52527005407949,1
-1.5485003349869826,-0.9108287659375035,0.0,5.550765956050582,1
-1.5485003349869826,-0.2721411267491468,0.0,3.1219422507062577,1
1.378166435913162,-1.159404528414128,0.0,4.041893159762255,1
-0.9677212744122297,-0.27617459324508264,0.0,2.5688432298059696,0
1.378166435913162,-1.1634084993085074,0.0,4.748894489385925,1
1.378166435913162,-0.7986009250574997,0.0,2.9893216188566054,0
1.378166435913162,-1.159404528414128,0.0,3.8450165754372088,1
-1.5485003349869826,-1.0993323273573337,0.0,6.563821085140482,1
-1.5485003349869826,-1.4495045676037308,0.0,5.82932932179771,1
0.787598712547306,0.7575476520511129,0.0,8.339006863093537,1
0.710370033396719,1.4481512087337318,0.0,2.592057644401203,0
1.378166435913162,0.3759661808692332,0.0,3.0047335046246064,0
0.787598712547306,1.4481512087337318,0.0,2.483915729288795,0
-1.5485003349869826,1.4481512087337318,0.0,2.771515034450505,1
1.378166435913162,-1.4495045676037308,0.0,6.284517368076018,1
-1.5485003349869826,-1.1072540633563843,0.0,2.7584204470911833,1
1.378166435913162,-0.9007725365746757,0.0,8.472640255727882,1
-1.5485003349869826,0.8232191038966041,0.0,2.5279008758803734,1
-1.5485003349869826,0.038191483789173385,0.0,2.6376983836053998,1
-1.0462089020296135,-1.1559598128387922,0.0,3.922138607415415,1
0.7167608454825536,-1.4495045676037308,0.0,6.527060643366168,1
0.639580171692575,0.5540466573460562,0.0,8.27737011039786,1
0.4717016244952289,1.4480563147787553,0.0,1.8476232504382946,1
-1.5485003349869826,-1.1072540633563843,0.0,4.985835292971908,1
-1.1214248141389416,0.8232191038966041,0.0,2.294738833006724,1
0.4949802524694769,-0.8964070662281469,0.0,8.46648418710484,1
-1.5485003349869826,-1.4495045676037308,0.0,6.609620799143585,1
-1.1458991813774235,0.5724624714600394,0.0,2.6062769098655387,1
-1.5485003349869826,-1.4495045676037308,0.0,5.813333123370008,1
1.378166435913162,1.4481512087337318,0.0,2.1647547695600102,0
-1.5485003349869826,-0.9880355100044224,0.0,4.3269211705469095,1
1.378166435913162,-1.1634084993085074,0.0,4.376804183843405,1
-1.0245251369844965,-1.1559598128387922,0.0,2.3636031144684475,1
-1.0462089020296135,-1.0957553480603646,0.0,4.2078907155440195,1
-1.1495623980963838,-0.6397184903337585,0.0,4.0080943290263225,1
-1.5485003349869826,-1.4495045676037308,0.0,4.759538565205955,1
-1.5485003349869826,1.4481512087337318,0.0,2.200420943795191,1
1.378166435913162,-0.26146715576648094,0.0,2.6502848259514944,0
-1.1214248141389416,1.4481512087337318,0.0,2.422491970704682,1
